cohort_a_1_1500,cohort_a_1_3000,cohort_a_5_1500,cohort_a_5_3000,cohort_b_1_1500,cohort_b_1_3000,cohort_b_5_1500,cohort_b_5_3000,realized_pnl_usd,trade_count,unique_tokens_traded,wallet_address
0,1,0,0,0,0,0,0,15527.381503978047,1759,54,0x6141d9f51685221f955ff8670fb478e389434ced
1,1,1,1,0,0,0,0,12789.10503240312,155,5,0x328739e4901cd242072353ec377d72fb87eca876
1,1,1,1,0,0,0,0,42902.26023156405,159,8,0x3fa158f5af2ddb69032d925178d33c2db017a6d0
0,1,0,1,0,0,0,0,70471.93210706535,1864,33,0x0827cc8bd6ba836f774e93e65d2cb37e3c20aa25
1,1,1,1,0,0,0,0,10925.064419838733,116,6,0x36eaaca5159a1dcbe60aaad12faaadb0fce6c58b
1,1,1,1,0,0,0,0,17054.58682228168,1069,24,0xa2d9051c139ec1ba9c4eb3cab1bbf5d313ea408d
1,1,1,1,0,0,0,0,19278.93707288673,57,6,0x43dfd184b4d84bbecb83969841f6366a6c2217d7
1,1,1,1,0,0,0,0,22990.124665711734,687,9,0xd69c2c241fb2cdcc8cab87bab4698d00dde800f9
1,1,1,1,0,0,0,0,14335.36567465353,320,62,0x5000afd95cbc51054caf4c5330342890ead87b70
1,1,1,1,0,0,0,0,27575.51515235931,54,6,0x74b73c38e2b0e6511e0a4c67ad02bae400f9e007
1,1,1,1,0,0,0,0,13343.268316730599,801,9,0x2b3a50c13db0813af58e574c49c75a5249cfdfde
1,1,0,0,0,0,0,0,62331.93343552678,617,16,0x70be49143cb0e74c3099b29d8e73b538f32468fa
1,1,1,1,0,0,0,0,31822.466569591867,434,36,0x858013142255cad3fd5137bdf4a7a40348cb4d4a
1,1,1,1,0,0,0,0,467815.55420464603,152,9,0x1317ea30e98a643fe356f01f5bc33cd0756044cb
1,1,1,1,0,0,0,0,23513.631894605605,274,11,0x88067b8d00824bdc295015b0c6fb62ed45e6a3fb
1,1,1,1,0,0,0,0,14030.674723606518,91,15,0x42aa1ac72ff608610ec506f3cccd4ac394f2705e
1,1,0,0,0,0,0,0,13039.269828428723,458,48,0x02e7b66fcccc63d0bd4d4d49381ba7364a4df46f
1,1,1,1,0,0,0,0,11630.902268581058,806,13,0x16631973077cf96ee68d151c751d4c20f23d1a9b
1,1,1,1,0,0,0,0,11381.06923651721,119,13,0x8df3e0b89ceff88af367c17423e4ef2f3543a8d4
1,1,1,1,0,0,0,0,40700.33476406161,279,27,0xb646fa75e09b37327505106e39d84b89c4e68413
1,1,1,1,0,0,0,0,26672.1045764157,109,9,0xb8f1ad750eb4ad994e60f0865c3e27bd82614318
1,1,1,1,0,0,0,0,10492.104801387219,657,59,0x2f3cdfb60d06247f209766167c35b7a76cf9f4ca
1,1,1,1,0,0,0,0,11748.7051043365,48,5,0x3361b54b8e4e5413d43b091678bd390573467075
1,1,1,1,0,0,0,0,10585.64036261203,503,6,0xd127468833c2f90ab00404d062fa36e51b54af54
1,1,1,1,0,0,0,0,51694.557437956224,889,10,0xb952dba0e4ccdea1918539cdbf4d08e6ab7209d0
0,1,0,0,0,0,0,0,40413.01112699621,1603,74,0x40f1b62ed060edbbbda9ced30e7f57e04675b9e1
1,1,1,1,0,0,0,0,72485.83180146257,507,9,0x3ed5f464a3cd3c5f0c011a6977e2117d3d730119
1,1,1,1,0,0,0,0,62522.09145102885,305,10,0x7fd48e6ebecc41132d3dd8c014bcaad9e48cdbf6
1,1,0,0,0,0,0,0,13224.078362200778,484,27,0x5274725492f84678c19aca3ae24115201c9feeb5
1,1,1,1,0,0,0,0,23097.90426691932,323,9,0x3053376df52a4fbc4c66fa28379252b86a47c638
1,1,1,1,0,0,0,0,11070.06995702867,1200,19,0x32621c3071ba7a4db3f02f8b5f6aa7f7d9e648c7
0,1,0,1,0,0,0,0,29279.29924818163,1923,24,0x9a0daa98309448135195bfa0cb95e3b63fed3e22
1,1,1,1,0,0,0,0,15343.478729898186,183,10,0x22fe8b97dda02953b48083bb394e12cd54771e18
1,1,1,1,0,0,0,0,11727.527252818682,54,8,0xba00d84ddbc8cae67c5800a52496e47a8cafcd27
1,1,1,1,0,0,0,0,41403.056289883774,305,46,0x0a3570924483d24336abb44136ab7816854ad444
1,1,1,1,0,0,0,0,12577.864488951573,366,13,0xe95850f71b9c33285e48315062cf93a79240c1f1
0,1,0,1,0,0,0,0,29358.856632033705,1671,16,0x48e4646709ea6e73d10fd5c5fbab4282db871076
1,1,1,1,0,0,0,0,13572.620227043977,140,22,0xcd8bded162b7f8bdce0da82f133bd75bbef76835
1,1,0,0,0,0,0,0,17065.71470930635,507,29,0x7575047fc3e8ba808fefcc0932eafdf2d2b58718
1,1,1,1,0,0,0,0,16007.187460983756,616,28,0x06804af6c0546b5aa77deefa01fa5544d93f11e3
1,1,1,1,0,0,0,0,13784.442754091446,351,22,0xfbf4b6bfbe15db2ee1a6a22755808896e8d986a3
1,1,1,1,0,0,0,0,16568.06289939962,466,10,0x49936e3f4c691f9e59fdafa92f905e0e02a59fba
1,1,1,1,0,0,0,0,71710.30273396408,216,13,0xe6ba026f09f0bb177b7d9027d3d80b57410ce5d8
1,1,1,1,0,0,0,0,15591.8043761158,644,75,0x00000000000ba9cd9f5175108141a82b6c24d727
1,1,1,1,0,0,0,0,20976.478677060542,764,10,0x0ef4c0324c5715b0809116bca5e3a27bd5df1250
1,1,1,1,0,0,0,0,18055.967374572127,1126,29,0xb88034231c8084aa9dcd156761554654d09b2ade
1,1,1,1,0,0,0,0,13531.11505553493,174,24,0xdeeef887b3d544686c7aef1decf2abcf9637dde7
1,1,1,1,0,0,0,0,39174.37538645598,132,9,0xa9c58107a1dd555776432366abedfa81a8ebf057
1,1,1,1,0,0,0,0,38301.97101972701,1085,38,0xc0603f5cca3d74bc8049614f8089c5a165c3160e
1,1,1,1,0,0,0,0,18296.076252994222,95,25,0x38731d63494bb995482024636e5298fce7629ce4
1,1,1,1,0,0,0,0,83461.55937112543,437,21,0x08a5303dee44ced22b2edfc2268d1ceca0a9392c
1,1,1,1,0,0,0,0,33077.68592714534,301,13,0x07ddcccd008de0cd3bc355da5cc341f84a5c1a43
1,1,1,1,0,0,0,0,83359.25094433445,511,11,0x52081a6912cfa64968999fbeb31387446a49b207
1,1,1,1,0,0,0,0,12218.689612226579,235,40,0x0e2c54c3b938589d1f6e4e7a9897ec22b983e433
1,1,1,1,0,0,0,0,10795.971786354348,162,7,0x8cc9e8de6f61fbdfce929ee5f58b1f942bac5969
1,1,1,1,0,0,0,0,16439.797514276157,27,5,0x7057c81434d12d0b344a05b6b562ff266f0788ae
1,1,1,1,0,0,0,0,20538.921974407654,410,21,0x8923cdff38a43d1fd59d323c35b900047e431bac
1,1,0,0,0,0,0,0,12479.485506599098,132,37,0xf95c5adf3e040279653b697d187b9aa23b183691
1,1,1,1,0,0,0,0,13044.83499329252,882,8,0x4640c48322ce78e9d382a2145394a806dce5f004
1,1,1,1,0,0,0,0,73191.03336493099,542,16,0x8f1fc3766884d4a890acb2cf4bd7a9af7b2a6932
1,1,0,0,0,0,0,0,17319.478497836528,363,29,0x6d6ba884cb1cced403d1bb7c859a2034507540e7
1,1,1,1,0,0,0,0,26532.816530279873,154,6,0x0a534043a34a43a78e5585c8eb95acc8b3eeeed1
1,1,1,1,0,0,0,0,42476.315673859615,415,38,0xe9f89a769f234f6cc75e1c1c6b1fd9963d72c652
0,1,0,0,0,0,0,0,36077.197821382004,1562,74,0xb0b972767dc34987b7c6f31d07ccc377b402e557
1,1,1,1,0,0,0,0,134233.87102529837,436,30,0x56e95b47a07210f1ea9fa418c7c5dc164c419ac0
1,1,1,1,0,0,0,0,35352.474937583866,64,5,0x3694a6bbf12bc684f817f5d17b30de449d42d7d2
1,1,1,1,0,0,0,0,50842.68698034845,28,6,0x5717856a431fcab27198b18adcb0215e44f85583
1,1,1,1,0,0,0,0,15485.894416179879,267,8,0xb9f3f3535dbc326c11013a5cee6958aab96d2e23
1,1,1,1,0,0,0,0,74645.286785706,904,13,0xed5f5e5f9d3b6dc69a4c5088d80ae358bb4f6134
1,1,1,1,0,0,0,0,13954.628981945454,803,25,0x63d6cbd12a2984c211ff623074e9362e4520e902
1,1,1,1,0,0,0,0,81131.04527616558,527,5,0x3c3d3660152704a16efef4015d4e00d488c71c1e
0,1,0,1,0,0,0,0,22556.194395454382,1834,21,0x74dcce073d708e695f4ec5eb6aec958aa4d16f44
1,1,1,1,0,0,0,0,36158.38957591754,466,6,0x099dae759f35d3a4d83fa805971377bfc8aaed66
0,1,0,0,0,0,0,0,39244.587706207756,1555,65,0x9963597a9246b39b13330992f571f8378c18c262
1,1,1,1,0,0,0,0,14144.219720382865,72,21,0x7db3d080de992b1e2d6dbb4517362c26979a2770
1,1,1,1,0,0,0,0,26541.948183313594,137,5,0x827e49a52a07a4dcebfdaac856c9f36e95acaa05
0,1,0,1,0,0,0,0,164520.58344166412,1544,43,0x15e923061122b551800a1a72414154dbf28359c9
1,1,1,1,0,0,0,0,26652.64616716688,251,29,0x4c4b46abe88f996d1b3b4a8fa41876535675ef1e
1,1,0,0,0,0,0,0,146108.57703356128,235,12,0x218899a4e8e3ccba95a1b0fa03c4b4bc5a282bcc
1,1,1,1,0,0,0,0,19128.52522390031,518,31,0x4fb79d3c8f6f3a383e35462714408144fad57f89
0,1,0,1,0,0,0,0,15362.743699252333,2259,28,0x319f36dbcff24afaad31a072a467a4d08aa97399
1,1,0,0,0,0,0,0,12306.18195635126,61,5,0x6e7625bb2ed46a7dbf60c277dfbdaea675f767ed
1,1,0,0,0,0,0,0,12113.877517421068,720,64,0x01467c420df8d9556fe5dbbf02b0c25c42226558
1,1,1,1,0,0,0,0,166261.6869155975,1291,13,0xea5b0f52b9f1ef2a1991cffeb872fbd7a943844d
1,1,0,0,0,0,0,0,16482.929037943206,1134,95,0xc28a019bd60ed71e3efb484f28a42b16a398fadf
1,1,0,0,0,0,0,0,58005.338361234564,86,7,0x840aa83e358c411083b71b2f48f02a99167cf087
1,1,1,1,0,0,0,0,32789.643191685005,677,41,0x6f5bbfbfb82729cf356f37f88911952ca115d3f5
1,1,1,1,0,0,0,0,410484.00399652205,937,51,0x368cbfdf48031c07deff5d4e05e270db29ffc085
1,1,1,1,0,0,0,0,11863.309597444597,23,5,0xbef7d26cf0a27c98f359f59e9eba14e56f8f4087
1,1,1,1,0,0,0,0,20488.114898062915,985,22,0xa41dcee235f7f8ab2c7d8a3e36fdc63704c142ae
1,1,1,1,0,0,0,0,19248.2405552345,202,21,0xaf5c0ed326cc1ae2bf004c10348da315b68a4e99
1,1,0,0,0,0,0,0,38981.0727621718,1035,21,0x8b194b58b47ff0008ac89a99e54cfdb3ca2f4a5f
1,1,0,0,0,0,0,0,10225.753505882742,315,14,0x1d6f5714e89b10eba32627f4afc230c0c2711304
1,1,0,0,0,0,0,0,15318.219630476096,938,29,0x9c0b86e7dcaa6eadb5b999fb87adce1150ceed3f
1,1,1,1,0,0,0,0,15850.900843266953,747,23,0x12d5aa3b0a014280544fd6e8ffd8410f2ddd1f04
1,1,1,1,0,0,0,0,10784.813888958319,440,13,0xf9ce60e90e94694ceb82579e4b917459b1263a6b
1,1,0,0,0,0,0,0,59314.08323831823,191,23,0x6b00720a39013bd19cc1f8ba32cde21c1ea727da
1,1,1,1,0,0,0,0,11846.947126915673,936,20,0x5b1a396abd1cabf86dd22522aadd0abacffd1c90
0,1,0,0,0,0,0,0,102250.43821030618,1628,42,0x135e68ee5c1d795c6ff8501d4ed74dd2fa8f2d69
1,1,1,1,0,0,0,0,17465.457752356255,476,36,0xc9b35ac15798809310052e78c1c0775e9f892441
1,1,1,1,0,0,0,0,101578.34435822249,235,14,0x3051a932270b95800b273e59f2525d6bf442ad82
1,1,1,1,0,0,0,0,13384.767922691668,181,15,0x7909fbb8618c0c88520d72918d398f7877f2e04f
1,1,1,1,0,0,0,0,90026.8442709984,923,43,0x7e3ba68c49561aae7c23c1d20fef0f1d7615a3ad
1,1,1,1,0,0,0,0,14531.080575297154,829,88,0xde9e6b2fc62041fff0a66e4230f4e64a46e2fde3
0,1,0,0,0,0,0,0,15844.03199498506,2929,108,0x3a37a4d9d20c99060e19b066c11aca292dedfa35
1,1,0,0,0,0,0,0,15201.194030533605,293,20,0x972074e0245af8d5403ff8aa12833e58e1a5fe75
1,1,0,0,0,0,0,0,27936.1234779324,1219,30,0xdbcfa968042b396969db5e18ae54040d237281d3
1,1,1,1,0,0,0,0,110291.67461136261,1294,37,0x55f36056ecde4d6b6fdedd0e5f5115b6a39f24da
1,1,1,1,0,0,0,0,27869.873455088935,143,21,0xe9b6a3d2218a06786680800dc7e7ad7b71a1fe63
1,1,1,1,0,0,0,0,38955.59549478006,115,10,0x13214d05525155dceb194bd12568ca7cc242aec2
1,1,1,1,0,0,0,0,881249.4824274001,190,6,0xae0f6a971fb3e7cc671aef6e168c5c9788f72b92
1,1,0,0,0,0,0,0,39253.52072641797,642,32,0x5d595f6e7926e9172b9ef1aa10b9e202981ef86c
1,1,1,1,0,0,0,0,70521.92641521871,888,13,0xf9d9bd237948a4d7d6125fa64dae3efd227b0d34
1,1,1,1,0,0,0,0,51110.38985451906,1174,68,0x87cabdf71da010c33fe7198b36108a55ed80ee4c
1,1,1,1,0,0,0,0,17178.338716689606,1199,34,0x7623ffbce77efd9d66ca13835dbeefea2379b195
1,1,1,1,0,0,0,0,39159.74889072118,113,7,0xbaa88466357814a0ffc1984b3c5b58910618ebec
1,1,1,1,0,0,0,0,13550.25709757314,44,6,0xd06015fd39ccc0f3c65ff2987ef98013abf5e9fe
1,1,1,1,0,0,0,0,44902.39301657457,185,5,0x6bd91fe6c3f6037e272ceb7a55d3741ed717bb07
1,1,1,1,0,0,0,0,11540.47825968511,243,10,0xf248fc80a4d3da6125c81c18e31244eeaa189308
1,1,0,0,0,0,0,0,20830.215510746148,101,18,0x04af25ec41789822a05b737e3fc1f8a5627fcc89
1,1,0,0,0,0,0,0,11463.496793233153,1127,34,0x80737a2ec04d8ea778ac260a4ae0a4f96586b67f
1,1,1,1,0,0,0,0,174778.43921679482,245,8,0x20e258215c020e34220d712208739b7872b85e32
1,1,1,1,0,0,0,0,22206.57697021559,32,6,0x7b07a3326dff105387b0c604aea77d8a0b3ad1b2
1,1,1,1,0,0,0,0,35447.88951203642,166,21,0x9f845ca2eabab4f6b8e30ecec7e384a24f4e9624
1,1,1,1,0,0,0,0,14899.857227629576,720,46,0xac9e643c593f042cbc7e4a3a64339d3eeb162198
1,1,1,1,0,0,0,0,19408.14372011897,788,18,0xf2f0df5053cc813a0aeaa3df9d7e11b0f8a3571f
1,1,1,1,0,0,0,0,13541.981949693936,472,16,0x01e62d68526bcbaa4db2912c3c8beed7de551f9c
1,1,1,1,0,0,0,0,18495.653871849718,251,14,0x93d87ec27339a6147e251aa4e2cc784158fe8318
1,1,1,1,0,0,0,0,24282.506056040052,746,33,0x21eb97972512d9bd2b1d6a84a56f2fa70786a2c2
1,1,1,1,0,0,0,0,10341.739234313045,569,15,0xa234bf2fd4d2beabe75bc4d919352cd977a9d97a
0,1,0,1,0,0,0,0,10846.942927331695,1525,7,0x55df29d542f82e8100ae893461c1a9dcb570aaee
1,1,1,1,0,0,0,0,14581.17108360441,671,27,0xedf41256efcc416e896835afc6394e7c022ea2c3
0,1,0,1,0,0,0,0,44681.33352920129,2662,5,0xf05527f58934c26239d7baba09271dfc48121a76
1,1,1,1,0,0,0,0,32728.60586557781,129,6,0x8709216d163d137acca8404a86b2e686f5e145fe
0,1,0,0,0,0,0,0,25072.605999633033,1513,629,0x00001d300ddec34f9e6953be3a251dc49112c57d
1,1,0,0,0,0,0,0,20838.146648952203,212,19,0xfe939f4e9c9f2f4ee647f97fe97e8a3e38f7b336
1,1,1,1,0,0,0,0,51329.91246623628,758,20,0xcb801f51d908dc4e4619b7041cea75b8fb507c2a
0,1,0,1,0,0,0,0,133107.0882431067,1914,27,0xc53f78cf9d0cf7bcdfd260cbb43708269d5ab70e
1,1,1,1,0,0,0,0,129372.00107524786,1160,38,0x148ff8c581be8a7f3536f28bdfd7c84dd109ba91
1,1,0,0,0,0,0,0,21278.07061371464,58,9,0xa2c590cf0a333ace7b082573c3f881486937e602
1,1,1,1,0,0,0,0,11080.340407878428,386,20,0xa40ebc07ce32820d58c306de591387af859912e6
1,1,1,1,0,0,0,0,58720.074838350854,568,13,0x073ae7bbd91962396d4371aef0f6d4e8bc7c5044
1,1,1,1,0,0,0,0,12003.61916032251,41,12,0xb24b409b17aef74ca36dc25aa03c1ece578a439c
1,1,1,1,0,0,0,0,11255.328828659594,155,7,0x9201eae4d7414e36b67c539c72a3919ac024cc47
1,1,1,1,0,0,0,0,161859.52465528512,417,11,0x77c8526d9060e37fc9c5e486f46bcb2805538ecc
0,1,0,1,0,0,0,0,22705.923153127776,1832,463,0x23a515ac3a6fcedc9fdc28822f147e92c7af4df5
1,1,1,1,0,0,0,0,17189.20566079792,408,22,0xae4611cae4846e015383d6dc149f293633f1973d
1,1,1,1,0,0,0,0,20168.64751255887,1098,46,0xb8af364c38af7920cc989d990b0204c86882083f
1,1,1,1,0,0,0,0,15764.62842055078,234,24,0x52503cd057090d826b455a07620c9501bd590310
1,1,1,1,0,0,0,0,14709.951716702122,601,24,0x96b13d47c17d61dc42f2152fa39cf3acffc7ebfc
1,1,0,0,0,0,0,0,14523.10945142703,89,23,0x31ac6ee3d0bbf6f2de75b9a1309369eed73408af
1,1,1,1,0,0,0,0,46750.35403410163,562,18,0xe8112dc79b6f9d8f1e3a9e663ad895ce7ab47e7f
1,1,1,1,0,0,0,0,14248.939618752549,284,18,0x23068da447edaa5588955bf806c74c9296e1c8f5
1,1,1,1,0,0,0,0,101703.50180432323,650,18,0x9b91ff4c7c4984dbfa9299282cd3af9c37ce1f73
1,1,1,1,0,0,0,0,107884.53392065909,321,8,0xf17017dd78887f7a6d03a81e36ffbdf67eac2b8a
1,1,1,1,0,0,0,0,137491.4343236197,109,5,0x97932301b956b8487132975d331b0a9ab1844afe
1,1,0,0,0,0,0,0,11130.621521660743,836,40,0x61bac790a645f1f6065a9dfbf1a1f46de6f6413b
1,1,1,1,0,0,0,0,17669.83111558537,656,16,0x8a64fb8b68258496ba51409dab042967e18db0a8
1,1,1,1,0,0,0,0,10763.595100664243,359,87,0xd7f24f9a29a5e71c9721b1e757714ef39ff7d2d7
1,1,1,1,0,0,0,0,10762.595375109737,582,5,0x7d4e9b263c10d401f2111b0e65a8412fe3b68c0e
1,1,1,1,0,0,0,0,34152.17468916882,1252,35,0x220b69bf65a3b680a71c16671ebd82d44c186c5e
1,1,1,1,0,0,0,0,157436.87657330756,385,25,0x9ff8978201bcf41c20ebc483a8654e9dfb34c3b5
1,1,1,1,0,0,0,0,15346.884915267472,265,7,0x2afcaf1338c347f3bd85aac1e44a75abde77ae45
1,1,0,0,0,0,0,0,38684.64488518394,206,58,0xedcd49a674f8abab023e46fdf9198240b78afe0d
1,1,1,1,0,0,0,0,23067.607986706535,200,27,0x2987133eada6585b1aa717e36f8e630d1b21d882
1,1,1,1,0,0,0,0,17309.160804848958,439,15,0xe330bb712a388d3d5ccd156fb20f472bcd969013
1,1,1,1,0,0,0,0,17573.18177759884,368,20,0xaaa59110ce43446c5326e56807fb1c4be207b13c
1,1,1,1,0,0,0,0,24264.183654919558,747,22,0x901037edc735252913aca7ef563769879cc32f97
1,1,1,1,0,0,0,0,41521.29414852575,1133,45,0x35870a182c77e9345a605db2624ed06542fd2bd7
1,1,1,1,0,0,0,0,13515.89374720746,76,7,0x190ffdb6b0cc73d32edf8b4139567c0c12d83b48
0,1,0,1,0,0,0,0,28378.642090856738,1512,8,0x99595fb33e2599688b78f93569875c010648a359
1,1,1,1,0,0,0,0,11735.848670912843,96,10,0xf7a99542314b3475127c674606e3605fb977ae3b
1,1,1,1,0,0,0,0,30700.075274514787,56,8,0xed29e6ee84e0529c393a86d1d9424af2151071e0
1,1,1,1,0,0,0,0,11298.253009409056,99,12,0x1f53c0bee870c2e8b28fefd1353edbe6b158a845
1,1,1,1,0,0,0,0,11445.945536140467,367,16,0xdeda09916a9fdecc6292284ae2a6dbc37904377a
1,1,1,1,0,0,0,0,18376.781901792678,198,14,0x3e68c81f62a9bbf78c820458bc60e327f2b22295
1,1,1,1,0,0,0,0,21913.066140256647,335,6,0xe59f6b8269e3475be6195d1deb4a5f93ac035cbd
0,1,0,1,0,0,0,0,31306.998030400588,2374,114,0xbd51475534d0e8e50b7caecc74d8fd8a658d029e
1,1,1,1,0,0,0,0,29117.610882476078,91,8,0xb1bd944671f52699af38e758791f520a60020b11
1,1,1,1,0,0,0,0,17258.833128016056,470,142,0x4123ffc81579e38dfff74b75d8bdf21c41e62237
1,1,1,1,0,0,0,0,96814.54245508218,658,13,0x9cd3ae6eb48821e5289b57b5bbfcb23cbadeb6b3
1,1,1,1,0,0,0,0,120608.97526512622,816,7,0x7a6e3ef157384df32c5991093b6fb9d19b68bcce
1,1,0,0,0,0,0,0,22014.20427464051,1200,67,0x84575b50ed0468f1ee437a62e82847e385cdd48d
1,1,1,1,0,0,0,0,145164.3299919487,627,25,0xa75c9890caee194fb598cdf7b84c9610e6e21a12
1,1,1,1,0,0,0,0,150832.79525486525,942,38,0x5dcbfc184752a1b9421d6b9693036768b43e6444
1,1,1,1,0,0,0,0,54143.64876376704,542,5,0xef0f2a469291ba2a14cd9bbe60fe000155b501ba
1,1,1,1,0,0,0,0,47466.07531438289,50,14,0xaed5d3c5b6e659c6462c112acd1d31ae49ef6bff
1,1,1,1,0,0,0,0,10681.23414042851,225,5,0x77acc36fcc41dc3bfb51441e003831c74d4ecaf0
1,1,1,1,0,0,0,0,14931.189021065735,65,6,0xdfeb50f97bb6a660697849ac13645e2e26cc4915
1,1,1,1,0,0,0,0,20435.81702507821,316,12,0xab8b09a952c37794d1ff88de878fcd03f306b4d7
1,1,1,1,0,0,0,0,23146.595135578897,93,6,0xbadaabf602af593f1ffe183e5f4496c56e719553
1,1,1,1,0,0,0,0,21721.876017340404,155,20,0x878548da0fd5a79141ec6afd154d2205b42aa3de
1,1,0,0,0,0,0,0,13248.848962970671,135,65,0x1d77d65111a54f987fe472b999e86cf11d21cc67
1,1,1,1,0,0,0,0,17752.750390604353,987,47,0x64e68631d893062d7ffe802ea3a68ded75bee4f0
1,1,1,1,0,0,0,0,355817.6787662338,276,18,0x24f8c7a193f11567e2971f6c48dd58ea1ec36f42
1,1,1,1,0,0,0,0,13738.603968320194,124,16,0xfad191bddbc6bc81fa84ffc623e2dd473dfcd697
1,1,1,1,0,0,0,0,16850.035703459333,25,7,0x8dc34ec570b92888f77adc3edfe74c8e987fb655
1,1,1,1,0,0,0,0,171490.01415248093,232,13,0xab777eb4cbbb7341541158b60952572539d72f8d
1,1,1,1,0,0,0,0,10785.07170141571,520,19,0x59cb6c1d0a4d987fdda58de37c5f8584915739d1
1,1,1,1,0,0,0,0,19492.96549828783,50,22,0x4dcd741ccb80fc7b2fb52a6ed1c7300ebd6e3685
0,0,0,0,1,1,0,0,0.0,67,47,0x02b0e9222531dc93266bc933e1b9d7e7745d9b93
0,0,0,0,1,1,1,1,0.0,16,7,0x20c03c1b7615f28c764d59757ffda348cf8482c1
0,0,0,0,1,1,1,1,0.0,23,11,0x32a28dc624b211a31c8b3fe9651b720a9fefc66b
0,0,0,0,1,1,0,0,0.0,282,130,0x919519139e3c1dba0d1fcc75bcfc76b9568e452e
0,0,0,0,1,1,0,0,0.0,53,15,0xb82d2bccb6aa87eb55b2698e8b31a05aeff2bbb2
0,0,0,0,1,1,1,1,0.0,13,8,0x8327e7751db30c9ac7489bab702c52ad5cf35fea
0,0,0,0,1,1,0,0,0.0,55,27,0x9d606fa6d49aea56e96419d3fe5c846d7150ea8e
0,0,0,0,1,1,1,1,0.0,16,15,0xde1ef86cef3ba5290e4c07c5e0be57e2fee0747f
0,0,0,0,1,1,0,0,0.0,104,24,0x2d95297d1f9671862964b147a4d599465b6a822c
0,0,0,0,1,1,1,1,0.0,22,8,0x148c67ace132281d83a7bc72eaffb884cecf2f56
0,0,0,0,1,1,1,1,0.0,23,13,0x8908f6ad08fd04f934b1b358a8dc5ec8377c4173
0,0,0,0,1,1,0,0,0.0,141,78,0xe6c16bc15fa7f10206d6b090904719c9aee0b2f7
0,0,0,0,1,1,1,1,0.0,16,16,0xef4de242125aed10f4e2e4422351d068cf9a25d1
0,0,0,0,1,1,1,1,0.0,42,16,0x514f71a1f9e317b3f08602046d2e7ee81e728e4b
0,0,0,0,1,1,1,1,0.0,76,48,0x0f658783820d62bc5773384bae4387a4910947e4
0,0,0,0,1,1,1,1,0.0,29,26,0x9f07842d91e5c1b353cea29dfd8bacda70f5abfb
0,0,0,0,1,1,1,1,0.0,17,11,0x3ca1bfc9a167c17b7a423e493d65388e44fe2b76
0,0,0,0,1,1,0,0,0.0,125,91,0x98c0e742c91f7ff64ed111a356514b4f5243d36c
0,0,0,0,1,1,1,1,0.0,10,6,0x61842a9092230148fbb690d377add823f030ccb6
0,0,0,0,1,1,1,1,0.0,23,16,0x59b43284f6f4dae90745ad07740c4152e5437fd8
0,0,0,0,1,1,0,0,0.0,182,64,0x06f3dd06f59a2d195cf8fafac11d0d922ebc3427
0,0,0,0,1,1,1,1,0.0,13,7,0x8be7086c3b4f8d00d8c4e398655bed05e84de22b
0,0,0,0,1,1,0,0,0.0,40,21,0x06a29712cf94d8729a465b0efe5aa5897483daa1
0,0,0,0,1,1,1,1,0.0,39,5,0x793924d11e9d8495622e1c572df2a66e0965ed42
0,0,0,0,1,1,1,1,0.0,21,12,0xd4e82cc04063a789fb07d316595570fbd8a3d324
0,0,0,0,1,1,1,1,0.0,34,10,0x7e3ac8d21fddbfa088484f57391b7aa89fda4480
0,0,0,0,1,1,0,0,0.0,38,6,0x209a0dda57347e9f74bc833ae36c387779275c6c
0,0,0,0,1,1,0,0,0.0,25,13,0xb5297ab52e8de014b78806c98a2c46af81e2d803
0,0,0,0,1,1,0,0,0.0,41,34,0xb13427baddb3e7b04271172e24f107ddbf3021b5
0,0,0,0,1,1,1,1,0.0,34,17,0x45cd37bf78512be921f30abf46616b3780530ef8
0,0,0,0,1,1,0,0,0.0,133,51,0x42d2246a65d92d31d22c4c58b7655ea8de5f0f9a
0,0,0,0,1,1,1,1,0.0,52,32,0x0180258a1e5f00640e58a89455d5bc2385179092
0,0,0,0,1,1,1,1,-0.2721383398655419,56,5,0x8e232656911b6c2ed1cb411a6bc56336910c6440
0,0,0,0,1,1,1,1,0.0,19,17,0xbb9ffdec92d51572673be08b304475ea32a97eac
0,0,0,0,1,1,1,1,0.0,58,34,0x54637b981de14b7f26ddfd64272bc0d2f43ae00c
0,0,0,0,1,1,0,0,0.0,56,29,0xfd290b24af168cb481841d6a847dd706d716d3ac
0,0,0,0,1,1,1,1,0.0,44,33,0x1783b32bce9291bd07f5f9126c0fa0194e7e516f
0,0,0,0,1,1,1,1,0.0,50,12,0x05ddc539f460382c41c90f191246aba5d7f37bd6
0,0,0,0,1,1,1,1,0.0,17,12,0xd2493d27f1ffb23a4ffb91d9c9b644777d801441
0,0,0,0,1,1,1,1,0.0,23,12,0x09059fa1e92e3365e59b9fee07867752750ab3a8
0,0,0,0,1,1,1,1,0.0,39,26,0x6579ac9800cc9f2158e34740d9b90ef4addffcd7
0,0,0,0,1,1,1,1,0.0,23,13,0x003c4bcd8bf545572d8387c521ab9c11a7ecf188
0,0,0,0,1,1,0,0,0.0,14,11,0x5a973233a4a08004d878c317a807bb772542a821
0,0,0,0,1,1,0,0,0.0,26,21,0x5370de5fe6b3269415650960928283d3f9c03954
0,0,0,0,1,1,0,0,0.0,26,18,0x354b202593ff8d4a03d0a3ae179b06a61ad54cb2
0,0,0,0,1,1,0,0,0.0,91,50,0x64329aee2145096edaef5c16bd188c14d49c601a
0,0,0,0,1,1,1,1,0.0,51,11,0x3e131d777ddfae4f70d1f30b71c4c748e6e9921d
0,0,0,0,1,1,1,1,0.0,13,6,0x69e10afd464359bdf74146ef3c7f4797bbc8adfe
0,0,0,0,1,1,0,0,-116.6432697193373,1085,147,0x9a558f7575b4f35caf6ec94a6b1f6ed05c83364d
0,0,0,0,1,1,0,0,0.0,46,26,0x5eea0cd4b497908a699a1f7a6e6a8e3b099a12a8
0,0,0,0,1,1,1,1,0.0,16,10,0xfc2736d5d449022c9f3d2234f66633212e0b18cb
0,0,0,0,1,1,1,1,0.0,410,136,0x05eebb6b905bdf03f0e7e65e553fb74d6aac079d
0,0,0,0,1,1,1,1,0.0,14,8,0x4573d194841208cad6e9430bca0cfe0ef17c2cbd
0,0,0,0,1,1,0,0,0.0,23,6,0xc783a6a86fe14c2f533814b4b479a1a95ac9c986
0,0,0,0,1,1,1,1,0.0,59,46,0x33a7745f1baedbf196c89eb839356262a16556af
0,0,0,0,1,1,1,1,0.0,24,15,0x6cb21092b8ab821c2a8839f4a273c36e167a21bf
0,0,0,0,1,1,1,1,0.0,26,25,0x4116afd06edc2f9833cde8c950094a524900e0a1
0,0,0,0,1,1,0,0,0.0,26,7,0x1e9832fbbda61b2c315bb40f2d5e141f63f4a348
0,0,0,0,1,1,1,1,0.0,47,13,0x1bef4caf0bee35d1ee760f731252cda7c115471b
0,0,0,0,1,1,1,1,0.0,14,11,0xfdb90b4f74ce95ad1b69a11689b5f16ff2358df9
0,0,0,0,1,1,1,1,0.0,52,23,0xae07515c01f7fc2cd9a37f42899a9984c5be9b81
0,0,0,0,1,1,0,0,0.0,30,24,0x0ae32d8f62ae656828122fcec7de4e310adf18b7
0,0,0,0,1,1,1,1,-3.5547323992377553,93,36,0xf3b258990c32067971a7c51ebeb730e7d18a6a35
0,0,0,0,1,1,0,0,0.0,22,5,0x7e86b7871a7ef1adfebb925c5f1f3c2c6c2085bd
0,0,0,0,1,1,1,1,0.0,34,22,0x1b38ef5037df939868e68fd591fe861ee77856b6
0,0,0,0,1,1,1,1,0.0,16,5,0xa9bd6010387141e24ba089c4db76c9e98c1c79e8
0,0,0,0,1,1,0,0,77.19971830385931,115,42,0x336b7ae57b9172ed11629af1208f99bad70573a7
0,0,0,0,1,1,1,1,0.0,35,23,0x53f484624864b64ef1e5f8e01399da6bd2c025ee
0,0,0,0,1,1,1,1,0.0,63,52,0x749ebc20eafa226186ad072a57be2cade8e7ad92
0,0,0,0,1,1,0,0,0.0,271,123,0x181dae3cf1bc9999d998bfb39b66af37b45e8fe6
0,0,0,0,1,1,0,0,0.021873075078982396,401,118,0x812127a34ac57ae7495216aa68a6f0de6bdca7cf
0,0,0,0,1,1,1,1,0.0,14,11,0x80f3d6fc57fe1f25f109108a90a172c2dedf8f54
0,0,0,0,1,1,1,1,0.0,53,33,0xd4c48a2245e958cfe1ee24544e3626e5906a849f
0,0,0,0,1,1,0,0,0.0,124,59,0xcccbde918eb7b110006dc712fe62c8e968195324
0,0,0,0,1,1,1,1,0.0,14,10,0xfb95733040ccccd9f37669aeea7e1541e6ce615a
0,0,0,0,1,1,1,1,0.0,16,10,0x8457537e66169431cf33e2a4f80f71122f6dfd9d
0,0,0,0,1,1,1,1,0.0,15,9,0x3faf6158c4aca7503280172b1b1b92b04fa3bb64
0,0,0,0,1,1,1,1,-45844.014680074426,530,12,0xac8c70aeb475d022a791284176b7a5f540f06583
0,0,0,0,1,1,0,0,-3.6968161579531893,66,35,0xe5bee390650fc2faf0ed1b0a763539343b2404aa
0,0,0,0,1,1,1,1,0.0,13,9,0x3dcb5995f082dcace05280f78434f9c53f46815f
0,0,0,0,1,1,1,1,0.0,15,7,0x044f2a228730502d9b0ecbef9812b92e6e9f42a1
0,0,0,0,1,1,1,1,0.0,13,9,0xdd4e24a6b9369dc6cdebc3a382dc22a241316fc8
0,0,0,0,1,1,1,1,0.0,41,26,0x1845dfee957614786478b6f5cff6dbbe62463755
0,0,0,0,1,1,1,1,0.0,38,7,0x66dfdccca54ac69b1b84eef8f8b1ac64ce2011e5
0,0,0,0,1,1,1,1,0.0,20,7,0x0c3d3e790747bed05845dce03fd6402f38999ce3
0,0,0,0,1,1,0,0,0.0,89,50,0xe1ac3a8d2e30b9718959b52f2d15b4d61fd76186
0,0,0,0,1,1,1,1,-29.043916786032582,21,10,0xe3f9945d7545c9aa554133954a39b7afe33e49a8
0,0,0,0,1,1,1,1,0.0,10,5,0x001dd77f535124782b6cf939d4597e033df0b444
0,0,0,0,1,1,0,0,0.0,481,109,0xd046bfec86e2b697e3e3025f84b8fc2f43b15724
0,0,0,0,1,1,0,0,0.0,20,14,0x4bc586675b96a0295bf9148d62a0e0d057a2f41d
0,0,0,0,1,1,0,0,0.0,16,14,0x49bb4bc98564b3a925cf97afcaf27c797dc62f57
0,0,0,0,1,1,0,0,0.0,22,17,0xddf8a5f352171b841630b3fbd7a26eb8af1b559f
0,0,0,0,1,1,1,1,0.0,711,53,0xb5367b85eebdfa8e8b7dd46e42e752b2b16f3f8a
0,0,0,0,1,1,1,1,0.0,24,13,0xf3224e273ccd6e7850b5aec2fb58c3a7d3fc8dd7
0,0,0,0,1,1,0,0,0.0,34,14,0xf29b4cf2a360fb40803b4b28dce02fe9945b1065
0,0,0,0,1,1,0,0,0.0,19,19,0x4ceb7a3b5b3cd8b5e5b41c1f831dc4b24f2b7885
0,0,0,0,1,1,1,1,0.0,81,25,0x61ee0a7ac200546138ce8856d896c7a8781fff7a
0,0,0,0,1,1,1,1,0.4495426336219879,45,8,0xf4785df70fa019ffcfc64010dbb7d33850add4fc
0,0,0,0,1,1,0,0,0.0,11,11,0x89d8b66fd15380b2a6ed5bcad25fd0fa9ed47123
0,0,0,0,1,1,1,1,0.0,38,25,0x41e077cbf32f963709d4d72c6663273d4ff68014
0,0,0,0,1,1,1,1,0.0,106,61,0xc02342cfc9cab23a0bc6e16d93d16adc130c449c
0,0,0,0,1,1,0,0,0.0,22,11,0x9bb641d381acc113153b1730d9a564d2ce97d728
0,0,0,0,1,1,1,1,0.0,25,7,0x33a789353c05da4cd829a13c43ceeb877de6c9e0
0,0,0,0,1,1,0,0,0.0,47,32,0x7683a00499eb1a0db26e0532cd439ef579e7a5c7
0,0,0,0,1,1,0,0,0.0,49,10,0xa99b11c37afb3392d078460779c7e337e36e9581
0,0,0,0,1,1,0,0,0.0,56,51,0xa0b0e7fbe9bc29040a15cca8a0a6000584ad6fb3
0,0,0,0,1,1,0,0,0.0,42,15,0x71847485694b1aa8c9a7e86eef3d86901060c540
0,0,0,0,1,1,1,1,0.0,21,14,0x2d5326ca4035b341af17b1a35641bc8d97ba41e6
0,0,0,0,1,1,1,1,0.0,10,7,0x7d1fe6e744f4037f482454bf1461ab7c633bf0d5
0,0,0,0,1,1,1,1,0.0,10,6,0xe009ef468c588a444ff658533debca132ac4c4ea
0,0,0,0,1,1,0,0,0.0,43,22,0xd1688ac36533202c8b0591e41afdef67bee741ea
0,0,0,0,1,1,1,1,0.0,23,20,0x91947d430b3eccba562c5e825307b64c56752494
0,0,0,0,1,1,0,0,0.0,32,31,0x2e427d521cc0193dd8befac334e94cc62f7c7b55
0,0,0,0,1,1,0,0,0.0,55,34,0x758ffeac313e0764e11ad04b684103de196bf16d
0,0,0,0,1,1,0,0,0.0,15,10,0x98c0093e5723281249ec211b9feeb0924dd7f86a
0,0,0,0,1,1,1,1,0.0,11,11,0x39f6f5118ca67b6f7c1f4714571623d686d14a2e
0,0,0,0,1,1,1,1,0.0,11,6,0xc7a69785f87f0b41f943877b2c4f34ae1a7ef6fd
0,0,0,0,1,1,0,0,0.0,134,59,0x5d6c82ab1c58e3dab940896a025dbaa02684c962
0,0,0,0,1,1,1,1,0.0,14,7,0x761ef97aa3788dc9fc74a396d06cc3120d9c98db
0,0,0,0,1,1,1,1,0.0,40,13,0x981effa088cf3b343b50f85b284dc741e898c244
0,0,0,0,1,1,0,0,0.0,20,10,0xd0c066708fd5de9759656df4007decb3316038cd
0,0,0,0,1,1,0,0,37.43600406873988,204,54,0x8fad601b3ed1e96bcd582710a27eab567d45ed92
0,0,0,0,1,1,1,1,-0.22012131785412947,602,10,0x6b54a6a13c70df23620ebad6ddee2d6265690eba
0,0,0,0,1,1,1,1,-2.8113016969185765,284,10,0xc37bf575bd9ab5b3337bdd92aeb6201f2ff96bcf
0,0,0,0,1,1,1,1,0.0,32,23,0xc7989a239fcb6efa8281fd900f889743996fae30
0,0,0,0,1,1,1,1,0.0,49,5,0xbac8b59ff0d5be41166c1d7e868fdca6663e5c28
0,0,0,0,1,1,1,1,0.0,14,9,0x73922cabb8d90d0d5e6bc3fa80fbb582942f296a
0,0,0,0,1,1,0,0,0.0,103,63,0x534853230b670250d58c7587aff5ed2d8f6ce95c
0,0,0,0,1,1,0,0,0.0,60,45,0xc55159b9a0e7f25c8b6fd4f652a975abafc20966
0,0,0,0,1,1,1,1,0.0,14,5,0x09e74bdd48410f143bbdeb1f4f5c7be6b0950ba2
0,0,0,0,1,1,0,0,0.0,73,57,0x9f17fe5df47eb5a74deb7364fae7f1ae274260b1
0,0,0,0,1,1,1,1,0.0,12,5,0xc1a3758143cdb06cf8f010b3f06c0b1a6e6aee9b
0,0,0,0,1,1,1,1,0.0,49,27,0x26fbdbec81f63dac9fd4a5a6f24a5129fa60f965
0,0,0,0,1,1,0,0,0.0,10,7,0x29beb218fc2c7393b9d6216f710cd957d7c7d262
0,0,0,0,1,1,1,1,0.0,105,53,0x8569f02a363c03082209ac0cd483a395e8003387
0,0,0,0,1,1,1,1,0.0,11,6,0x17310d14bb28853b267e59dc60b54f1c0bdf0601
0,0,0,0,1,1,0,0,0.0,52,15,0x134fe4c5f7f4ae41cb5b5d055438afdc738a4852
0,0,0,0,1,1,1,1,2.2225184527346036,11,10,0x347a8803e38b96c5a9b2f2696e66bef9a40b31d8
0,0,0,0,1,1,0,0,0.0,49,35,0xebecefb2ccc10bfc6e06c0f8b9561f46445ab21c
0,0,0,0,1,1,1,1,0.0,21,7,0xf6d749268ead625c078bcf7b48dfc12803fb058a
0,0,0,0,1,1,0,0,0.0,28,20,0xf565ed724e0faaf42c19d80458c01a9d19697307
0,0,0,0,1,1,1,1,0.0,45,11,0x99968ba8f3b4e8885dab33db2b73ab9b3704beca
0,0,0,0,1,1,0,0,0.0,32,17,0x8a8520d910915d1af61b6c6c1980a29662cb8f5a
0,0,0,0,1,1,1,1,0.0,113,61,0x08fbf87305b3d003eabcf3581ad2ad76d20fe077
0,0,0,0,1,1,1,1,0.0,56,35,0xf50ad042d813140a35e76567436d5d13d3266857
0,0,0,0,1,1,0,0,0.0,45,14,0x3f0775eae7e457d6118c074a2def8b7537c9e124
0,0,0,0,1,1,1,1,0.0,56,24,0x119e58c60dbbff42998b7e1ef6daaf93eea03e24
0,0,0,0,1,1,1,1,0.0,15,8,0xa72502f9080b286d1257ff647331e297a4b43d82
0,0,0,0,1,1,1,1,0.0,21,11,0x8402ebec9e373b440fd3891d31e665798478c8db
0,0,0,0,1,1,1,1,0.0,34,12,0xc8029cf22c4accc7a8a9a820cba659150500ca7f
0,0,0,0,1,1,1,1,0.0,18,5,0x040ebf4ccf9115d92dee77ccf8f2b19b65689284
0,0,0,0,1,1,1,1,0.0,29,6,0xa947b5fbad3be9758411bea2ea8a18ab53d4330b
0,0,0,0,1,1,1,1,0.0,43,26,0xb289fbdf5487b50cd621ab40306b007e2141e686
0,0,0,0,1,1,0,0,0.0,77,46,0xcc5f557840d0cd940e3c274345fda47c26b4745a
0,0,0,0,1,1,0,0,0.0,101,64,0xc6e4ee5501245a1fd9b7fc981c05bf2419702f28
0,0,0,0,1,1,1,1,0.006861926727938283,287,18,0x527b945a6ab7ae93f9d7ab4b0325f74714864414
0,0,0,0,1,1,1,1,0.0,22,6,0x6af8e45137d6dcc2f37c5fb57fd0c723a6631393
0,0,0,0,1,1,0,0,0.0,45,36,0x90e33b4fe90f4b166ad67a662a6816355282bf0b
0,0,0,0,1,1,1,1,0.0,111,50,0x067f98bef9092c2643b91ee4c3098bfa14b05179
0,0,0,0,1,1,1,1,0.0,70,38,0x057a77b057d858492b8b306d7219f073330a04fa
0,0,0,0,1,1,1,1,127.23530746893914,64,8,0x35e3018374be92d1918c48193d3bdbeb0a7ee835
0,0,0,0,1,1,1,1,0.0,43,11,0x943cd8dc1a74b58f7c2d91288bd6ae6a9ec08ed0
0,0,0,0,1,1,1,1,0.0,11,8,0xcab979fd97646657aa049a42e9485e6a97256e6f
0,0,0,0,1,1,1,1,-1.1307730604602284,57,6,0x61e193e514de408f57a648a641d9fcd412cded82
0,0,0,0,1,1,0,0,0.0,14,5,0xd3b621732aedd0b1949a7bf5389546706b6d9771
0,0,0,0,1,1,0,0,0.0,77,39,0x298103236ac7a201b92d276b331d5179509611a2
0,0,0,0,1,1,1,1,0.0,153,57,0x257b4cbcaa0ed61776f33977b43a8f9ef66c8b06
0,0,0,0,1,1,0,0,0.0,64,27,0x67ac9d1a7750c6eaac64d07f66743f8515158bd9
0,0,0,0,1,1,1,1,0.0,129,58,0xf97fe4686d2489bc76aca2d3dc0904224598095c
0,0,0,0,1,1,0,0,0.0,118,39,0x0df58aacc6a7be3f1cfa27550501f005e0193bd6
0,0,0,0,1,1,1,1,0.0,14,7,0x1df44933ba4b3996f54326ebf4d15c411a5e037b
0,0,0,0,1,1,1,1,0.0,22,12,0xb9e4c1060d647236e8909b449e958dc0b73158f6
0,0,0,0,1,1,1,1,0.0,17,6,0xe7c1690590ba77484e765a55526a8ecbb9c81447
0,0,0,0,1,1,1,1,0.0,28,12,0xbf8471495e0ac8a20dd656ca1b4bd00832723231
0,0,0,0,1,1,0,0,0.0,41,5,0x45607badef48434af39f7942f5bdab62c2d98543
0,0,0,0,1,1,1,1,0.0,107,65,0x308f96f69e5871eaf250c64df3860fe007c66b3b
0,0,0,0,1,1,0,0,0.0,175,160,0x7e9f5e3c81117d918167b45d4d1695d3e18eb2ca
0,0,0,0,1,1,1,1,0.0,92,51,0x512574dd82316f26eb35d12c72ef24df61a67b61
0,0,0,0,1,1,1,1,-0.03334707445362284,251,31,0x2f7bb81a209c24958c50c6ba7320ae56124461f2
0,0,0,0,1,1,0,0,0.0,24,9,0xe230e993d62141bca8208c4927a800ecf16a891b
0,0,0,0,1,1,1,1,-3.922015887360392,13,5,0x55d095b89151bff4b517dc26cd661a66483fa2d3
0,0,0,0,1,1,0,0,0.0,29,13,0x44fd3c54ab9b2865f573aa28e9b4b38a4e36abf8
0,0,0,0,1,1,1,1,0.0,10,6,0xed1edfbe104b2d20691fede23dfbf6cdba9cfaad
0,0,0,0,1,1,1,1,0.0,46,7,0xaa213d647c17ec967cfb64819f43810051512b3b
0,0,0,0,1,1,0,0,0.0,53,28,0xead1cb19ef46f2f41f7bf787fad8bb5cfd7fceee
0,0,0,0,1,1,1,1,0.0,11,10,0x6cedf3557507f52d28dd04c47a7a29384d8df72e
0,0,0,0,1,1,1,1,4.298105453258706,34,11,0xa012e106f17fae91d461b372520452acac267f0b
0,0,0,0,1,1,1,1,102.65361753779257,128,5,0x6d79ade3f835cf7b24b74af9fda542fc941c0579
0,0,0,0,0,1,0,1,-264.11045477497726,1540,17,0x373130f91f79f50bf628866f2d1224a2f61a0a9d
0,0,0,0,1,1,1,1,-160.57603357175103,160,27,0xc0596f75016ee2a9c569814d1542d9db859922e7
0,0,0,0,1,1,0,0,0.0,139,74,0x8e8016bb8b5930635c7e5d63c1ff4c5a0f69900b
0,0,0,0,1,1,1,1,0.0,34,13,0xad3435c78031942d8609e3effcea083075d1dadf
0,0,0,0,1,1,1,1,0.0,55,23,0x2638d3eee038bf79aa8a98759c967b4b254bb6f6
0,0,0,0,1,1,0,0,0.0,48,36,0xa5945b06e09f627f78520b638484a48f050182a2
0,0,0,0,1,1,1,1,0.0,66,41,0x69317f11449cd3ed1c75e165239e43ec077c630a
0,0,0,0,1,1,1,1,-2.6985844754636132,134,22,0x8529e9b7799339ddf2f70e2adf4ad9aec1b0dd54
0,0,0,0,1,1,1,1,-137.60213253176713,102,8,0xc07208fe1a35e1035e3fc70a4edbb77a187a9e12
0,0,0,0,1,1,1,1,5.170462281916443,21,9,0x4dfc65688b9b8c9a39d85f97412307c4f53a26ba
0,0,0,0,1,1,0,0,0.0,28,23,0xa09345ddc1fc734882b6c57114bbb013a037b33e
0,0,0,0,1,1,1,1,0.0,31,25,0xc8c5e669f43fdfacb309a98ab18fd2fec4698cb3
0,0,0,0,1,0,0,0,0.0,32,9,0x67d6684ddfeb093478d8f3ee749b21ece87c4448
0,0,0,0,0,0,1,1,0.0,16,7,0x4f3aa1dde189ab8f69e654e932f5d6ddf32700dc
0,0,0,0,0,0,1,1,0.0,126,65,0xef9f17a1000ee8742ff91c9c41a75912b7364157
0,0,0,0,0,0,1,1,0.0,32,13,0x5875d86f0d234484b1676b1b8c1a180792de49bd
0,0,0,0,0,0,1,1,0.0,28,9,0x13f1f625a9e32e925314c9471c90e23c4063666d
0,0,0,0,0,0,1,1,0.0,24,11,0xa1c63dff22a49ad980014126113fa4222ff8983c
0,0,0,0,0,0,1,1,0.0,84,5,0x3cf78025066034ff0ac0aac79680bacdeabb7927
0,0,0,0,0,0,1,1,0.0,20,8,0xf1a579b31e8df37dc19bd8a1ea2de86bfd7bcf5e
0,0,0,0,0,0,1,1,0.0,16,7,0x72f479df9660dc359be391f67e9cd7f52fea7df7
0,0,0,0,0,0,1,1,0.0,13,8,0x576fb055277492ca5bf136c2f013147e183e2e18
0,0,0,0,0,0,1,1,0.0,56,35,0x63c42d50123da5a7bd6191bfa1a3f290eef86a2d
0,0,0,0,0,0,1,1,0.0,19,13,0x609426d282eb34003856d6cded9ccc4591f9740e
0,0,0,0,0,0,1,1,0.0,36,17,0x33d9faf938dc37967c44ecab2b708a12aef4de30
0,0,0,0,0,0,1,1,0.0,13,6,0xa6cc7b42fb296ab0ec3b0301cb15a6860c6a42dc
0,0,0,0,0,0,1,1,0.0,75,47,0xbf408e3e2a56c7c8df34522485b90ddbc7b3bdae
0,0,0,0,0,0,1,1,0.0,48,12,0x492b3478c8cf62b8915b979c579d6bd440955c75
0,0,0,0,0,0,1,1,0.0,83,49,0xd15a1df03225fb631ec8f728cee9f5869176196c
0,0,0,0,0,0,1,1,0.0,13,5,0xbb1d37daffe529d18b5c524d2db750e29453a2ea
0,0,0,0,0,0,1,1,0.0,28,18,0xf392a0dec6157e6419cc862c26a95bcb95516a8e
0,0,0,0,0,0,1,1,0.0007944013887170032,25,5,0x2092a2ef4bfa99199158303c730ee5857a72d3a2
0,0,0,0,0,0,1,1,0.0,68,8,0x759f6852c339a02fffd0b76b7bf5efe07f2a490d
0,0,0,0,0,0,1,1,0.0,26,12,0x27db8c360968dde1a98ff7dca5d98789aec62259
0,0,0,0,0,0,1,1,0.0,12,10,0xee3f7cc12feb26e3a4f0510f262ed6d63597ed19
0,0,0,0,0,0,1,1,0.0,99,55,0x51f9e2926f1a6c6e7dd7d1e39cbd7028be6d4c96
0,0,0,0,0,0,1,1,0.0,27,11,0xca661f9566ace55e8c37e2fbee03b437c7a9fe5f
0,0,0,0,0,0,1,1,0.0,24,17,0x0bc439d75d8347b3a0d5b9b364780acf247837b1
0,0,0,0,0,0,1,1,0.0,26,18,0x128b4d9a062d137710f362d2b5c0b81e2726cc40
0,0,0,0,0,0,1,1,0.0,50,32,0xd9e03044e68d8c4934a6e2c924a0f29a5ed8a6c3
0,0,0,0,0,0,1,1,0.0,22,17,0x011324c176c7fd425331e4925fd6f445752c0ab1
0,0,0,0,0,0,1,1,0.0,11,7,0xebf9b5c405c3c0ce0d78545b8be5c43cc7ba5cf0
0,0,0,0,0,0,1,1,0.0,99,66,0x0cb831ff9355c270a879e6fd3134a2bc1762ebcd
0,0,0,0,0,0,1,1,0.0,21,5,0x282995788b86d61fd9a342ee3f5b4e6d451893d9
0,0,0,0,0,0,1,1,0.0,60,5,0x3697c3bff63d60aceb471773cbab378fe3f9b827
0,0,0,0,0,0,1,1,0.0,13,5,0x92179823dc4c9cebaa386aad0d799f3cdac9bf68
0,0,0,0,0,0,1,1,0.0,16,12,0x702ec3307fab469ab7b7b867d457063c6b442d35
0,0,0,0,0,0,1,1,4291.209610246624,156,10,0x7c107d3dcc1493c8e495dba0818c8ddcb56739fc
0,0,0,0,0,0,1,1,0.0,69,46,0x2de30b5bcade93cd5b9b8178d4219883f5900e07
0,0,0,0,0,0,1,1,0.0,14,9,0x1ad9904e646fc610e0db0623ca6e93329f94b0ef
0,0,0,0,0,0,1,1,502.5164131649193,117,13,0xd78b221c05954cf5dfa801a82620632d3ffe78e5
0,0,0,0,0,0,1,1,0.0,105,16,0x00b1c364d7f1a23f4b54d48c25e2bddf23d4e27b
0,0,0,0,0,0,1,1,0.0,20,16,0xf9a54664b0ca4fa93cd36604182a1031c7b00dda
0,0,0,0,0,0,1,1,0.0,14,7,0xb6c37f30303602a781e51b9a5b5dcd7d0cbd93e0
0,0,0,0,0,0,1,1,0.0,27,11,0xd1d1268ec43bb0ebbc32ec670ba2dadbddc725e0
0,0,0,0,0,0,1,1,0.0,14,7,0x81f0411cafed68381a0a86a46c5c7cb72787b4ed
0,0,0,0,0,0,1,1,0.0,32,21,0xa945e238f03e950fd43577b8ad268cabbe009e0b
0,0,0,0,0,0,1,1,0.0,25,12,0x5cbadadc81be472dbd966e80c0a30b1f17184659
0,0,0,0,0,0,1,1,0.0,16,10,0xa696ef5a74089245aba2d51efb17b17584067669
0,0,0,0,0,0,1,1,0.0,80,46,0x2f85d4fefdc45185103c9fd080f10f76882f3e22
0,0,0,0,0,0,1,1,0.0,39,21,0xda13d7bb4968b7960b25f8070881530c5ee88d4b
0,0,0,0,0,0,1,1,0.0,43,19,0x64f1d7ea5eb240b540a2a65b11e10af406430210
0,0,0,0,0,0,1,1,0.0,11,9,0xb80819c5d1cc1daa57920ede65ac996cfba8634e
0,0,0,0,0,0,1,1,0.0,30,10,0x03bb37b9124e8a41e396e22860b8f4353c0cc72d
0,0,0,0,0,0,1,1,0.0,42,10,0x975370fc5bc7e33214bf3ba5455fd390ef6a9594
0,0,0,0,0,0,1,1,0.0,88,60,0x0d4f195dced57e226b0162b761f6455c53c1f425
0,0,0,0,0,0,1,1,883.971143018515,396,10,0x027dae8b586499cfd6dc505124a4d19caf021074
0,0,0,0,0,0,1,1,0.0,12,8,0xff738c2ed68b14f2b963104a9ac2983f945b7edd
0,0,0,0,0,0,1,1,0.0,49,17,0x8e7b21e2144fdd31169098450d4f23ee06944e56
0,0,0,0,0,0,1,1,0.0,45,38,0x067850db3d57d584e2f56398ff80207fb31a888b
0,0,0,0,0,0,1,1,0.0,95,61,0xc9187faa4d3b3b91f643539a84fe74da5da065d3
0,0,0,0,0,0,1,1,0.0,77,47,0xd07c104e8171911927f6c0065c06a2bf67dba139
0,0,0,0,0,0,1,1,0.0,10,5,0xb0a97ccbcfa28619eab0a1d490cbec6a3e77af53
0,0,0,0,0,0,1,1,0.0,32,10,0xa44f6075db03acc05dae62f7e487802b6db5fdc5
0,0,0,0,0,0,1,1,0.0,71,38,0x68b9d998f2452fee5bbbb946ace1da318a181a65
0,0,0,0,0,0,1,1,0.0,62,17,0x5300b16d2f172d5f274143d72492d509c393ca94
0,0,0,0,0,0,1,1,0.0,55,31,0x3f7bdfaa60819ea7c6af325f3c7c5e3c8a4a5980
0,0,0,0,0,0,1,1,0.0,25,16,0x0428d00d4d6cd27e125f7f5419a1f83eddf7f9ba
0,0,0,0,0,0,1,1,0.0,49,27,0x610838180f6ae3fa08de5fb1a5ae8b92f008bd90
0,0,0,0,0,0,1,1,0.0,38,19,0xaefb0a9a577faf36eaf35268bc6ec3e86710352b
0,0,0,0,0,0,1,1,-16.477555125307504,96,26,0x181d98c9f1a67ad5fc210ec8850e9c5307f2bdec
0,0,0,0,0,0,1,1,0.0,46,11,0x30625a2cd6b475eaddf96e09424db4198da6cd6a
0,0,0,0,0,0,1,1,0.0,33,15,0x79f1529530d6fe13d54bbb10194d31a418f699ed
0,0,0,0,0,0,1,1,0.0,33,22,0xad825cb6fce1d529b323f6b78ea9e7f11599663a
0,0,0,0,0,0,1,1,89.05362854618114,56,25,0xb43f75aac9d3a3266053ac78ef74fbeb716935a4
0,0,0,0,0,0,1,1,0.0,44,10,0x41a0eb1d05ab2ee9e454a3e2def4ba830b29a3f1
0,0,0,0,0,0,1,0,0.0,103,61,0x9506e192d3dc5feb01b5fab51bc3a051e30d5a7e
0,0,1,0,0,0,0,0,7269.701684048732,787,10,0x3c2cb0ead85b425d43af9e0e449de2b3f5c08cf5
1,0,1,1,0,0,0,0,9460.594951841198,844,35,0x84d1891f357a420728790ad7feee68240a4fc2ca
0,0,1,1,0,0,0,0,8106.802560792314,46,6,0x29ecf212a4964c883a8efbcc7ae76b226e2a9b87
1,0,1,1,0,0,0,0,9039.83429680526,90,11,0xfce987f3a5772f8391b49e005b0ce34acd5e52a4
1,0,1,1,0,0,0,0,9953.801234482953,1384,48,0xfaf13320ae4507ed133b4ddc0e447de0c1017ac3
0,0,1,0,0,0,0,0,7612.521906419808,45,21,0x5a8494d8df8abff6ee78e6cc08bdfe49f8483c3a
0,0,1,0,0,0,0,0,7460.185830689777,269,37,0x1f5bbef0722b6188b87b29dff530d6cfb5a46967
0,0,1,1,0,0,0,0,8475.006071182464,256,21,0xb722fd57220aa59ca3e49f6c59464eef03ecaf34
0,0,1,1,0,0,0,0,8413.885475283907,918,11,0x25699f7b5472abc002384851c82783ae3e7ebae7
0,0,1,0,0,0,0,0,7499.67602787316,214,5,0x11e25eb9cafea36d914a6360357af82a40acaaaa
1,0,1,1,0,0,0,0,9761.030570586261,620,19,0xe9cb8b943af43fd530d4bc2adfceba8efa87bafd
0,0,1,1,0,0,0,0,7767.602212121618,578,22,0xbe1ec24bb1b175394fa0891dc749dfd2f71e1c57
0,0,1,0,0,0,0,0,7305.680078043014,264,7,0x983cf659305d5b64fa09056a6a9c4c159b126428
0,0,1,0,0,0,0,0,7544.019494034859,53,10,0x11e262946fb6133296b779cac7fe58f7c618f956
0,0,1,1,0,0,0,0,8081.108933918516,99,23,0xd1c407e872ef559c6438c216741a489302b50440
0,0,1,1,0,0,0,0,8106.500312164923,659,19,0x21283c19ccc789c94e3d31757d248baf2e721fca
0,0,1,0,0,0,0,0,7524.796388687564,151,7,0x512c579153ac6fd961a7d9e7b19281b855aafbe1
0,0,1,1,0,0,0,0,8923.953842170156,47,6,0x32c799f03d4d424e39cf77d0f83b948e3b4b7a7b
0,0,1,1,0,0,0,0,8877.870985988397,137,11,0xae2445cdc416b6a70bbf84a8678a13ea6003e7f8
1,0,1,1,0,0,0,0,10107.556896730172,60,5,0x586108245c10bf8acec3fd5c083afb9100b9c5e0
1,0,1,1,0,0,0,0,9411.32100586723,563,31,0x6b58d615717a87516cb7cfe2fe7eb5b3ff0d4e11
0,0,1,0,0,0,0,0,7439.917189087806,265,19,0x9f9318693bd9882e5f1a0396971fe1d4449ff3d3
0,0,0,1,0,0,0,0,8559.074134249367,2227,40,0x3c2dd9bbbda771925b8774a36482b701852d45ce
1,0,1,1,0,0,0,0,9702.121509305767,150,12,0x0b0996cc7ad821b87c930e416fc7a8dec783288b
1,0,0,0,0,0,0,0,9903.075564789702,244,60,0x7ffe14bfd96e847b3c7665d0a4c0057ad139e25c
0,0,1,1,0,0,0,0,8375.726757404256,135,5,0x9b4abf724cdff4534a990c55c8d3f2f9f704f54b
0,0,1,0,0,0,0,0,7748.573979509448,363,23,0xbb4a7c9572284257c9e41aecbb96f9d542210c90
1,0,0,0,0,0,0,0,9587.76817275488,41,24,0x35eb438a0bdc7d72482b4802eb5af4d513dd94bb
1,0,1,1,0,0,0,0,9897.754658329459,37,5,0xefbdd138000a1974fc257214f837a8fb0fd04306
1,0,1,1,0,0,0,0,10023.097457256026,93,9,0x7030533889db0b378e784ef8856a3f122be34a8d
0,0,1,0,0,0,0,0,7139.491462317193,1157,71,0x0a08e8ac552dfc483f238a4f9cb4f8d35f3ee542
0,0,1,1,0,0,0,0,9020.686149801078,939,21,0x996f25215d4ed8d91d59d62dd672d98b6bf2217c
0,0,1,1,0,0,0,0,8406.663090932645,150,22,0x5139660916764bcc208122163af93292d36168e2
0,0,1,0,0,0,0,0,7338.0878317485,299,17,0xa3c7219ac90f4200e788094fea3fd2e03b7748ac
1,0,1,1,0,0,0,0,9581.373558120165,24,10,0x1f9e539d76ecc21830fa6a7cdea4cf3946927a04
1,0,1,1,0,0,0,0,9596.490489236825,70,5,0x84facd23c9e6086c0ba25abebc25c8f360f6e48e
0,0,0,1,0,0,0,0,9704.429442288887,1648,23,0x8413cf4469c784e8b57062f41f8551746ff7eb2d
0,0,1,1,0,0,0,0,7853.35828150922,238,5,0xdacfc42796464148ff55ae6535e25822284405b3
0,0,1,0,0,0,0,0,7509.323562461198,192,17,0xc4dcc2b74a32a9fcfc87c400334c96c39a60044e
1,0,1,1,0,0,0,0,9136.512000597935,72,12,0x7c36686e7acf3906932032b546c686d6bcc813fb
1,0,1,1,0,0,0,0,9353.863293341643,517,38,0xe9d29a018baad69806203e48c4317c0161d67912
0,0,1,1,0,0,0,0,8695.110112611052,42,11,0x4b69d6081ff943afd0c6561c3da5ac563ce4cdfb
0,0,1,1,0,0,0,0,8852.450070536343,62,5,0xef92549802bacdf0401f45734597c2f7ff8fd207
0,0,1,0,0,0,0,0,7690.824852882023,228,20,0x56a6d21e995aa4f1307a092ac6f519cf4e1888aa
0,0,0,1,0,0,0,0,8032.829709545689,2081,21,0xcc708a199b8565c09ba2c0bd5fefa53aaf2036dc
0,0,1,1,0,0,0,0,8277.162434295977,57,6,0x82af4764100876f99c3dac914bf132a343d90818
1,0,0,0,0,0,0,0,9588.395908484448,173,40,0x3cb5baf5db96e3b030b39299ce532bc018d960a1
0,0,1,0,0,0,0,0,7476.222947255479,104,6,0x1a2d449e65f231969d328e520367916fb3c84129
0,0,1,0,0,0,0,0,7102.599490195583,483,5,0x6aee3ab376a64ecb53febac97464a3dd87d4374e
1,0,1,1,0,0,0,0,9278.642770553337,312,11,0x7215aaa5700fc1678ed20a05540bedba6084340f
1,0,1,1,0,0,0,0,9126.156479734382,563,34,0xed18383370f45a6104d76580ec9e54e91c67828e
1,0,1,1,0,0,0,0,9787.471915996182,108,16,0xe1c19ea6009f545fa94344b05664129e75749e22
