n_trades,token_address,vol_usd,week_start
3,0x117cc2133c37b721f49de2a7a74833232b3b4c0c,0.2999581,2026-07-01 00:00:00
1680,0x117cc2133c37b721f49de2a7a74833232b3b4c0c,63270.13125357401,2026-07-08 00:00:00
7083,0x117cc2133c37b721f49de2a7a74833232b3b4c0c,371399.562387578,2026-07-15 00:00:00
27050,0x117cc2133c37b721f49de2a7a74833232b3b4c0c,3172301.80620004,2026-07-22 00:00:00
27288,0x117cc2133c37b721f49de2a7a74833232b3b4c0c,2721782.8306498053,2026-07-29 00:00:00
65164,0x117cc2133c37b721f49de2a7a74833232b3b4c0c,9369358.196660236,2026-08-05 00:00:00
96329,0x117cc2133c37b721f49de2a7a74833232b3b4c0c,16003949.804167408,2026-08-12 00:00:00
159230,0x117cc2133c37b721f49de2a7a74833232b3b4c0c,28347306.561254572,2026-08-19 00:00:00
867043,0x117cc2133c37b721f49de2a7a74833232b3b4c0c,192343798.78699446,2026-08-26 00:00:00
5,0x12f190a9f9d7d37a250758b26824b97ce941bf54,0.518222377983,2026-07-01 00:00:00
257,0x12f190a9f9d7d37a250758b26824b97ce941bf54,9138.826749523556,2026-07-08 00:00:00
4544,0x12f190a9f9d7d37a250758b26824b97ce941bf54,254530.98742484537,2026-07-15 00:00:00
6556,0x12f190a9f9d7d37a250758b26824b97ce941bf54,570443.6607128098,2026-07-22 00:00:00
5857,0x12f190a9f9d7d37a250758b26824b97ce941bf54,463906.097034865,2026-07-29 00:00:00
2326,0x12f190a9f9d7d37a250758b26824b97ce941bf54,156425.71484162024,2026-08-05 00:00:00
4780,0x12f190a9f9d7d37a250758b26824b97ce941bf54,249390.94490118566,2026-08-12 00:00:00
4800,0x12f190a9f9d7d37a250758b26824b97ce941bf54,175953.98124163368,2026-08-19 00:00:00
45799,0x12f190a9f9d7d37a250758b26824b97ce941bf54,4529922.480806625,2026-08-26 00:00:00
2,0x1b0e319c6a659f002271b69db8a7df2f911c153e,99.403154767386,2026-07-01 00:00:00
27,0x1b0e319c6a659f002271b69db8a7df2f911c153e,118.527049445526,2026-07-08 00:00:00
413,0x1b0e319c6a659f002271b69db8a7df2f911c153e,21149.174159765676,2026-07-15 00:00:00
366267,0x1b0e319c6a659f002271b69db8a7df2f911c153e,65975353.16886537,2026-07-22 00:00:00
101958,0x1b0e319c6a659f002271b69db8a7df2f911c153e,15137432.947774315,2026-07-29 00:00:00
105585,0x1b0e319c6a659f002271b69db8a7df2f911c153e,12537144.916391872,2026-08-05 00:00:00
53038,0x1b0e319c6a659f002271b69db8a7df2f911c153e,5975973.829315002,2026-08-12 00:00:00
64730,0x1b0e319c6a659f002271b69db8a7df2f911c153e,10723875.853514524,2026-08-19 00:00:00
336372,0x1b0e319c6a659f002271b69db8a7df2f911c153e,40546121.57308259,2026-08-26 00:00:00
3,0x2e0847e8910a9732eb3fb1bb4b70a580adad4fe3,0.2999292,2026-07-01 00:00:00
2541,0x2e0847e8910a9732eb3fb1bb4b70a580adad4fe3,124636.46608095164,2026-07-08 00:00:00
8065,0x2e0847e8910a9732eb3fb1bb4b70a580adad4fe3,410506.38804130064,2026-07-15 00:00:00
41512,0x2e0847e8910a9732eb3fb1bb4b70a580adad4fe3,5978808.205556156,2026-07-22 00:00:00
13693,0x2e0847e8910a9732eb3fb1bb4b70a580adad4fe3,1848515.7194070397,2026-07-29 00:00:00
15400,0x2e0847e8910a9732eb3fb1bb4b70a580adad4fe3,963366.9125970816,2026-08-05 00:00:00
7844,0x2e0847e8910a9732eb3fb1bb4b70a580adad4fe3,329006.42724827473,2026-08-12 00:00:00
12471,0x2e0847e8910a9732eb3fb1bb4b70a580adad4fe3,560675.2394197094,2026-08-19 00:00:00
85195,0x2e0847e8910a9732eb3fb1bb4b70a580adad4fe3,9929771.387984248,2026-08-26 00:00:00
4365,0x322f0929c4625ed5bad873c95208d54e1c003b2d,113067.56449957204,2026-07-01 00:00:00
5127,0x322f0929c4625ed5bad873c95208d54e1c003b2d,294590.6806423855,2026-07-08 00:00:00
17916,0x322f0929c4625ed5bad873c95208d54e1c003b2d,1495730.2265631282,2026-07-15 00:00:00
27842,0x322f0929c4625ed5bad873c95208d54e1c003b2d,4292575.887088625,2026-07-22 00:00:00
28527,0x322f0929c4625ed5bad873c95208d54e1c003b2d,5531298.386552683,2026-07-29 00:00:00
12869,0x322f0929c4625ed5bad873c95208d54e1c003b2d,1975449.5913681758,2026-08-05 00:00:00
16212,0x322f0929c4625ed5bad873c95208d54e1c003b2d,1488657.4136657242,2026-08-12 00:00:00
17437,0x322f0929c4625ed5bad873c95208d54e1c003b2d,1216843.4563405227,2026-08-19 00:00:00
102300,0x322f0929c4625ed5bad873c95208d54e1c003b2d,11957541.074687973,2026-08-26 00:00:00
1,0x3b14c39e89d60d627b42a1a4ca45b5bb45fc12e2,0.012993929,2026-07-01 00:00:00
20,0x3b14c39e89d60d627b42a1a4ca45b5bb45fc12e2,17.374981513759998,2026-07-08 00:00:00
123,0x3b14c39e89d60d627b42a1a4ca45b5bb45fc12e2,4855.456390149054,2026-07-15 00:00:00
37,0x3b14c39e89d60d627b42a1a4ca45b5bb45fc12e2,227.168924644789,2026-07-22 00:00:00
68,0x3b14c39e89d60d627b42a1a4ca45b5bb45fc12e2,2324.570813081237,2026-07-29 00:00:00
204,0x3b14c39e89d60d627b42a1a4ca45b5bb45fc12e2,15337.493004269794,2026-08-05 00:00:00
105,0x3b14c39e89d60d627b42a1a4ca45b5bb45fc12e2,382.41169261186684,2026-08-12 00:00:00
8,0x3b14c39e89d60d627b42a1a4ca45b5bb45fc12e2,506.9878948301172,2026-08-19 00:00:00
53,0x3b14c39e89d60d627b42a1a4ca45b5bb45fc12e2,4044.005301294327,2026-08-26 00:00:00
3,0x411efb0e7f985935daec3d4c3ebaea0d0ad7d89f,0.2999292,2026-07-01 00:00:00
6,0x411efb0e7f985935daec3d4c3ebaea0d0ad7d89f,109.38088561536301,2026-07-08 00:00:00
368,0x411efb0e7f985935daec3d4c3ebaea0d0ad7d89f,22215.64151297093,2026-07-15 00:00:00
14323,0x411efb0e7f985935daec3d4c3ebaea0d0ad7d89f,1264544.355541852,2026-07-22 00:00:00
2548,0x411efb0e7f985935daec3d4c3ebaea0d0ad7d89f,545652.8518883557,2026-07-29 00:00:00
1397,0x411efb0e7f985935daec3d4c3ebaea0d0ad7d89f,159630.4874694063,2026-08-05 00:00:00
1365,0x411efb0e7f985935daec3d4c3ebaea0d0ad7d89f,540160.7203820911,2026-08-12 00:00:00
1810,0x411efb0e7f985935daec3d4c3ebaea0d0ad7d89f,438387.49421179306,2026-08-19 00:00:00
15368,0x411efb0e7f985935daec3d4c3ebaea0d0ad7d89f,2241726.926720981,2026-08-26 00:00:00
3,0x5f10a1c971b69e47e059e1dc91901b59b3fb49c3,0.2999292,2026-07-01 00:00:00
14,0x5f10a1c971b69e47e059e1dc91901b59b3fb49c3,1.1035295582812161,2026-07-08 00:00:00
250,0x5f10a1c971b69e47e059e1dc91901b59b3fb49c3,962.5690298010527,2026-07-15 00:00:00
645,0x5f10a1c971b69e47e059e1dc91901b59b3fb49c3,21022.779612911694,2026-07-22 00:00:00
710,0x5f10a1c971b69e47e059e1dc91901b59b3fb49c3,23202.852026425222,2026-07-29 00:00:00
167,0x5f10a1c971b69e47e059e1dc91901b59b3fb49c3,1581.7843186875702,2026-08-05 00:00:00
304,0x5f10a1c971b69e47e059e1dc91901b59b3fb49c3,1297.4727312753944,2026-08-12 00:00:00
389,0x5f10a1c971b69e47e059e1dc91901b59b3fb49c3,1990.0512255662434,2026-08-19 00:00:00
937,0x5f10a1c971b69e47e059e1dc91901b59b3fb49c3,37184.41275065707,2026-08-26 00:00:00
1605,0x6330d8c3178a418788df01a47479c0ce7ccf450b,105.9129149268565,2026-07-01 00:00:00
15,0x6330d8c3178a418788df01a47479c0ce7ccf450b,54.65495481714494,2026-07-08 00:00:00
227,0x6330d8c3178a418788df01a47479c0ce7ccf450b,2078.752331247948,2026-07-15 00:00:00
19803,0x6330d8c3178a418788df01a47479c0ce7ccf450b,2502164.6979503334,2026-07-22 00:00:00
6305,0x6330d8c3178a418788df01a47479c0ce7ccf450b,1004958.5674536449,2026-07-29 00:00:00
3617,0x6330d8c3178a418788df01a47479c0ce7ccf450b,525631.7683521667,2026-08-05 00:00:00
4173,0x6330d8c3178a418788df01a47479c0ce7ccf450b,569411.3348642796,2026-08-12 00:00:00
8714,0x6330d8c3178a418788df01a47479c0ce7ccf450b,1476694.0218013015,2026-08-19 00:00:00
30716,0x6330d8c3178a418788df01a47479c0ce7ccf450b,3386926.4969305727,2026-08-26 00:00:00
532,0x86923f96303d656e4aa86d9d42d1e57ad2023fdc,7557.233792700254,2026-07-01 00:00:00
2268,0x86923f96303d656e4aa86d9d42d1e57ad2023fdc,65736.3800614028,2026-07-08 00:00:00
3805,0x86923f96303d656e4aa86d9d42d1e57ad2023fdc,54454.90967584652,2026-07-15 00:00:00
10583,0x86923f96303d656e4aa86d9d42d1e57ad2023fdc,909096.9995481722,2026-07-22 00:00:00
5580,0x86923f96303d656e4aa86d9d42d1e57ad2023fdc,370929.11232123093,2026-07-29 00:00:00
3346,0x86923f96303d656e4aa86d9d42d1e57ad2023fdc,220381.9808529053,2026-08-05 00:00:00
11295,0x86923f96303d656e4aa86d9d42d1e57ad2023fdc,481983.28897994617,2026-08-12 00:00:00
8295,0x86923f96303d656e4aa86d9d42d1e57ad2023fdc,232474.8354823986,2026-08-19 00:00:00
18874,0x86923f96303d656e4aa86d9d42d1e57ad2023fdc,1384830.1202063363,2026-08-26 00:00:00
3,0x894e1ec2d74ffe5aef8dc8a9e84686accb964f2a,0.2999292,2026-07-01 00:00:00
625,0x894e1ec2d74ffe5aef8dc8a9e84686accb964f2a,19712.233824043822,2026-07-08 00:00:00
3133,0x894e1ec2d74ffe5aef8dc8a9e84686accb964f2a,47114.729203664945,2026-07-15 00:00:00
12676,0x894e1ec2d74ffe5aef8dc8a9e84686accb964f2a,1542184.5695035965,2026-07-22 00:00:00
5656,0x894e1ec2d74ffe5aef8dc8a9e84686accb964f2a,395631.22975852236,2026-07-29 00:00:00
6566,0x894e1ec2d74ffe5aef8dc8a9e84686accb964f2a,536466.9821114197,2026-08-05 00:00:00
6192,0x894e1ec2d74ffe5aef8dc8a9e84686accb964f2a,335498.9034120495,2026-08-12 00:00:00
7701,0x894e1ec2d74ffe5aef8dc8a9e84686accb964f2a,420959.7538539876,2026-08-19 00:00:00
40323,0x894e1ec2d74ffe5aef8dc8a9e84686accb964f2a,4689677.909865519,2026-08-26 00:00:00
5,0x92fd66527192e3e61d4ddd13322aa222de86f9b5,20.2937692,2026-07-01 00:00:00
40,0x92fd66527192e3e61d4ddd13322aa222de86f9b5,755.86114048677,2026-07-08 00:00:00
375,0x92fd66527192e3e61d4ddd13322aa222de86f9b5,17371.32831223387,2026-07-15 00:00:00
103,0x92fd66527192e3e61d4ddd13322aa222de86f9b5,440.3905544572031,2026-07-22 00:00:00
141,0x92fd66527192e3e61d4ddd13322aa222de86f9b5,8709.413476496533,2026-07-29 00:00:00
175,0x92fd66527192e3e61d4ddd13322aa222de86f9b5,29483.461755543205,2026-08-05 00:00:00
258,0x92fd66527192e3e61d4ddd13322aa222de86f9b5,8201.487713815044,2026-08-12 00:00:00
73,0x92fd66527192e3e61d4ddd13322aa222de86f9b5,6732.609142710591,2026-08-19 00:00:00
2000,0x92fd66527192e3e61d4ddd13322aa222de86f9b5,182657.73726632787,2026-08-26 00:00:00
1,0x941ae714ec6d8130c7b75d67160ca08f1e7d11dd,0.010001320000000001,2026-07-01 00:00:00
23,0x941ae714ec6d8130c7b75d67160ca08f1e7d11dd,13.537144421397999,2026-07-08 00:00:00
269,0x941ae714ec6d8130c7b75d67160ca08f1e7d11dd,9168.718119053294,2026-07-15 00:00:00
1366,0x941ae714ec6d8130c7b75d67160ca08f1e7d11dd,111636.32748912534,2026-07-22 00:00:00
646,0x941ae714ec6d8130c7b75d67160ca08f1e7d11dd,105582.3384367105,2026-07-29 00:00:00
352,0x941ae714ec6d8130c7b75d67160ca08f1e7d11dd,85888.70921123278,2026-08-05 00:00:00
357,0x941ae714ec6d8130c7b75d67160ca08f1e7d11dd,74415.98913340742,2026-08-12 00:00:00
264,0x941ae714ec6d8130c7b75d67160ca08f1e7d11dd,33809.818761980336,2026-08-19 00:00:00
8361,0x941ae714ec6d8130c7b75d67160ca08f1e7d11dd,1061835.2534886936,2026-08-26 00:00:00
3,0xa30fa36db767ad9ed3f7a60fc79526fb4d56d344,0.29995809999999995,2026-07-01 00:00:00
4,0xa30fa36db767ad9ed3f7a60fc79526fb4d56d344,1.142854065953,2026-07-08 00:00:00
767,0xa30fa36db767ad9ed3f7a60fc79526fb4d56d344,28670.90460571847,2026-07-15 00:00:00
11587,0xa30fa36db767ad9ed3f7a60fc79526fb4d56d344,1207507.6016965408,2026-07-22 00:00:00
10410,0xa30fa36db767ad9ed3f7a60fc79526fb4d56d344,1883175.7967563798,2026-07-29 00:00:00
24376,0xa30fa36db767ad9ed3f7a60fc79526fb4d56d344,6208717.225424423,2026-08-05 00:00:00
20581,0xa30fa36db767ad9ed3f7a60fc79526fb4d56d344,5021719.287891101,2026-08-12 00:00:00
9055,0xa30fa36db767ad9ed3f7a60fc79526fb4d56d344,3286022.829512153,2026-08-19 00:00:00
17525,0xa30fa36db767ad9ed3f7a60fc79526fb4d56d344,3779724.916927056,2026-08-26 00:00:00
551,0xaf3d76f1834a1d425780943c99ea8a608f8a93f9,7053.542770725258,2026-07-01 00:00:00
6642,0xaf3d76f1834a1d425780943c99ea8a608f8a93f9,365349.6237617679,2026-07-08 00:00:00
14794,0xaf3d76f1834a1d425780943c99ea8a608f8a93f9,1200485.5348391796,2026-07-15 00:00:00
86705,0xaf3d76f1834a1d425780943c99ea8a608f8a93f9,10624387.019416982,2026-07-22 00:00:00
57307,0xaf3d76f1834a1d425780943c99ea8a608f8a93f9,6594233.2467971025,2026-07-29 00:00:00
37761,0xaf3d76f1834a1d425780943c99ea8a608f8a93f9,3952975.9528520727,2026-08-05 00:00:00
52092,0xaf3d76f1834a1d425780943c99ea8a608f8a93f9,3793308.105844566,2026-08-12 00:00:00
39521,0xaf3d76f1834a1d425780943c99ea8a608f8a93f9,3665840.906413841,2026-08-19 00:00:00
226830,0xaf3d76f1834a1d425780943c99ea8a608f8a93f9,35037820.18635754,2026-08-26 00:00:00
3,0xb0992820e760d836549ba69bc7598b4af75dee03,0.2999292,2026-07-01 00:00:00
41,0xb0992820e760d836549ba69bc7598b4af75dee03,150.5372960195011,2026-07-08 00:00:00
914,0xb0992820e760d836549ba69bc7598b4af75dee03,11465.703706312637,2026-07-15 00:00:00
1853,0xb0992820e760d836549ba69bc7598b4af75dee03,107594.18433583583,2026-07-22 00:00:00
602,0xb0992820e760d836549ba69bc7598b4af75dee03,20651.166186714323,2026-07-29 00:00:00
372,0xb0992820e760d836549ba69bc7598b4af75dee03,4011.127761882373,2026-08-05 00:00:00
251,0xb0992820e760d836549ba69bc7598b4af75dee03,1912.6596346344252,2026-08-12 00:00:00
253,0xb0992820e760d836549ba69bc7598b4af75dee03,1541.6100997358465,2026-08-19 00:00:00
1545,0xb0992820e760d836549ba69bc7598b4af75dee03,66237.39394880371,2026-08-26 00:00:00
22,0xb90a19ff0af67f7779aff50a882a9cff42446400,96.66329467862799,2026-07-01 00:00:00
113,0xb90a19ff0af67f7779aff50a882a9cff42446400,2010.4521305926476,2026-07-08 00:00:00
2652,0xb90a19ff0af67f7779aff50a882a9cff42446400,87775.16181325809,2026-07-15 00:00:00
5670,0xb90a19ff0af67f7779aff50a882a9cff42446400,837387.4925031068,2026-07-22 00:00:00
5998,0xb90a19ff0af67f7779aff50a882a9cff42446400,1713398.5841514098,2026-07-29 00:00:00
5066,0xb90a19ff0af67f7779aff50a882a9cff42446400,1579778.469321291,2026-08-05 00:00:00
5480,0xb90a19ff0af67f7779aff50a882a9cff42446400,816602.5030691681,2026-08-12 00:00:00
5881,0xb90a19ff0af67f7779aff50a882a9cff42446400,577695.2323996333,2026-08-19 00:00:00
24599,0xb90a19ff0af67f7779aff50a882a9cff42446400,4389858.374050092,2026-08-26 00:00:00
3,0xc0d6457c16cc70d6790dd43521c899c87ce02f35,0.2999292,2026-07-01 00:00:00
547,0xc0d6457c16cc70d6790dd43521c899c87ce02f35,32341.47766117786,2026-07-08 00:00:00
3571,0xc0d6457c16cc70d6790dd43521c899c87ce02f35,166665.0202915155,2026-07-15 00:00:00
8136,0xc0d6457c16cc70d6790dd43521c899c87ce02f35,894826.068796747,2026-07-22 00:00:00
5462,0xc0d6457c16cc70d6790dd43521c899c87ce02f35,462181.8179733954,2026-07-29 00:00:00
3427,0xc0d6457c16cc70d6790dd43521c899c87ce02f35,177207.071162311,2026-08-05 00:00:00
7314,0xc0d6457c16cc70d6790dd43521c899c87ce02f35,515762.38019686384,2026-08-12 00:00:00
7770,0xc0d6457c16cc70d6790dd43521c899c87ce02f35,534630.9643025681,2026-08-19 00:00:00
30820,0xc0d6457c16cc70d6790dd43521c899c87ce02f35,3064604.4419386964,2026-08-26 00:00:00
4,0xc72b96e0e48ecd4dc75e1e45396e26300bc39681,11.339954918837998,2026-07-01 00:00:00
15,0xc72b96e0e48ecd4dc75e1e45396e26300bc39681,1.812888953418541,2026-07-08 00:00:00
492,0xc72b96e0e48ecd4dc75e1e45396e26300bc39681,4281.629382438114,2026-07-15 00:00:00
22203,0xc72b96e0e48ecd4dc75e1e45396e26300bc39681,3109033.097032531,2026-07-22 00:00:00
9705,0xc72b96e0e48ecd4dc75e1e45396e26300bc39681,2253728.6273109447,2026-07-29 00:00:00
6447,0xc72b96e0e48ecd4dc75e1e45396e26300bc39681,1285760.020945528,2026-08-05 00:00:00
5609,0xc72b96e0e48ecd4dc75e1e45396e26300bc39681,1062176.5205477737,2026-08-12 00:00:00
6255,0xc72b96e0e48ecd4dc75e1e45396e26300bc39681,524874.7223278689,2026-08-19 00:00:00
16651,0xc72b96e0e48ecd4dc75e1e45396e26300bc39681,1639658.5084837065,2026-08-26 00:00:00
807,0xd0601ce157db5bdc3162bbac2a2c8af5320d9eec,10557.273802268164,2026-07-01 00:00:00
13767,0xd0601ce157db5bdc3162bbac2a2c8af5320d9eec,1865965.2731161756,2026-07-08 00:00:00
66260,0xd0601ce157db5bdc3162bbac2a2c8af5320d9eec,11693157.903302638,2026-07-15 00:00:00
334101,0xd0601ce157db5bdc3162bbac2a2c8af5320d9eec,85082693.69603296,2026-07-22 00:00:00
145615,0xd0601ce157db5bdc3162bbac2a2c8af5320d9eec,41741933.15235515,2026-07-29 00:00:00
105832,0xd0601ce157db5bdc3162bbac2a2c8af5320d9eec,18602911.454984132,2026-08-05 00:00:00
158095,0xd0601ce157db5bdc3162bbac2a2c8af5320d9eec,46819057.763250545,2026-08-12 00:00:00
186517,0xd0601ce157db5bdc3162bbac2a2c8af5320d9eec,112052505.8843989,2026-08-19 00:00:00
875201,0xd0601ce157db5bdc3162bbac2a2c8af5320d9eec,278775508.2253813,2026-08-26 00:00:00
429,0xd5f3879160bc7c32ebb4dc785f8a4f505888de68,37.29288034086,2026-07-01 00:00:00
47,0xd5f3879160bc7c32ebb4dc785f8a4f505888de68,568.310449626278,2026-07-08 00:00:00
1771,0xd5f3879160bc7c32ebb4dc785f8a4f505888de68,47363.647482881825,2026-07-15 00:00:00
1826,0xd5f3879160bc7c32ebb4dc785f8a4f505888de68,101633.79853257824,2026-07-22 00:00:00
2630,0xd5f3879160bc7c32ebb4dc785f8a4f505888de68,259015.9055213906,2026-07-29 00:00:00
1974,0xd5f3879160bc7c32ebb4dc785f8a4f505888de68,178943.75781233754,2026-08-05 00:00:00
2689,0xd5f3879160bc7c32ebb4dc785f8a4f505888de68,179973.0945821128,2026-08-12 00:00:00
3459,0xd5f3879160bc7c32ebb4dc785f8a4f505888de68,176025.37305326687,2026-08-19 00:00:00
100047,0xd5f3879160bc7c32ebb4dc785f8a4f505888de68,10978745.67136225,2026-08-26 00:00:00
3,0xd917b029c761d264c6a312bbbcda868658ef86a6,0.2999581,2026-07-01 00:00:00
7,0xd917b029c761d264c6a312bbbcda868658ef86a6,372.72597771137805,2026-07-08 00:00:00
81,0xd917b029c761d264c6a312bbbcda868658ef86a6,16.771629620266037,2026-07-15 00:00:00
4884,0xd917b029c761d264c6a312bbbcda868658ef86a6,537681.2186262181,2026-07-22 00:00:00
8292,0xd917b029c761d264c6a312bbbcda868658ef86a6,723707.1264847119,2026-07-29 00:00:00
2846,0xd917b029c761d264c6a312bbbcda868658ef86a6,183776.26171898466,2026-08-05 00:00:00
1302,0xd917b029c761d264c6a312bbbcda868658ef86a6,88061.64782676334,2026-08-12 00:00:00
1407,0xd917b029c761d264c6a312bbbcda868658ef86a6,66552.7440455811,2026-08-19 00:00:00
4789,0xd917b029c761d264c6a312bbbcda868658ef86a6,652544.143475633,2026-08-26 00:00:00
3,0xdf0992e440dd0be65bd8439b609d6d4366bf1cb5,0.2999292,2026-07-01 00:00:00
6,0xdf0992e440dd0be65bd8439b609d6d4366bf1cb5,6.352215097094,2026-07-08 00:00:00
16,0xdf0992e440dd0be65bd8439b609d6d4366bf1cb5,114.60485411230573,2026-07-15 00:00:00
577,0xdf0992e440dd0be65bd8439b609d6d4366bf1cb5,36849.95898758741,2026-07-22 00:00:00
1048,0xdf0992e440dd0be65bd8439b609d6d4366bf1cb5,50986.23334519569,2026-07-29 00:00:00
2862,0xdf0992e440dd0be65bd8439b609d6d4366bf1cb5,514672.46041264606,2026-08-05 00:00:00
1841,0xdf0992e440dd0be65bd8439b609d6d4366bf1cb5,302960.97408789024,2026-08-12 00:00:00
5342,0xdf0992e440dd0be65bd8439b609d6d4366bf1cb5,741717.4602741377,2026-08-19 00:00:00
21488,0xdf0992e440dd0be65bd8439b609d6d4366bf1cb5,2447141.216570063,2026-08-26 00:00:00
3,0xe93237c50d904957cf27e7b1133b510c669c2e74,0.2999292,2026-07-01 00:00:00
193,0xe93237c50d904957cf27e7b1133b510c669c2e74,6223.133142476994,2026-07-08 00:00:00
8211,0xe93237c50d904957cf27e7b1133b510c669c2e74,962357.1817710355,2026-07-15 00:00:00
17940,0xe93237c50d904957cf27e7b1133b510c669c2e74,2539810.575513524,2026-07-22 00:00:00
8940,0xe93237c50d904957cf27e7b1133b510c669c2e74,1274646.4942906373,2026-07-29 00:00:00
5675,0xe93237c50d904957cf27e7b1133b510c669c2e74,279021.53980776406,2026-08-05 00:00:00
21933,0xe93237c50d904957cf27e7b1133b510c669c2e74,1039831.3435969068,2026-08-12 00:00:00
10021,0xe93237c50d904957cf27e7b1133b510c669c2e74,415220.62105142075,2026-08-19 00:00:00
66510,0xe93237c50d904957cf27e7b1133b510c669c2e74,7865158.603913688,2026-08-26 00:00:00
5,0xec262a75e413fafd0df80480274532c79d42da09,10.268133171177,2026-07-01 00:00:00
18,0xec262a75e413fafd0df80480274532c79d42da09,33.552349991317,2026-07-08 00:00:00
7,0xec262a75e413fafd0df80480274532c79d42da09,195.66668286488297,2026-07-15 00:00:00
30415,0xec262a75e413fafd0df80480274532c79d42da09,1762006.2613954267,2026-07-22 00:00:00
1774,0xec262a75e413fafd0df80480274532c79d42da09,283744.791957839,2026-07-29 00:00:00
1382,0xec262a75e413fafd0df80480274532c79d42da09,227290.82648068844,2026-08-05 00:00:00
8518,0xec262a75e413fafd0df80480274532c79d42da09,725904.5693248778,2026-08-12 00:00:00
18035,0xec262a75e413fafd0df80480274532c79d42da09,3302480.0237983176,2026-08-19 00:00:00
146528,0xec262a75e413fafd0df80480274532c79d42da09,30378203.7484757,2026-08-26 00:00:00
12,0xff080c8ce2e5feadaca0da81314ae59d232d4afd,206.08258746674193,2026-07-01 00:00:00
303,0xff080c8ce2e5feadaca0da81314ae59d232d4afd,8028.722743789808,2026-07-08 00:00:00
1686,0xff080c8ce2e5feadaca0da81314ae59d232d4afd,41601.19672401903,2026-07-15 00:00:00
14394,0xff080c8ce2e5feadaca0da81314ae59d232d4afd,3205530.4376126057,2026-07-22 00:00:00
10475,0xff080c8ce2e5feadaca0da81314ae59d232d4afd,2032582.572938342,2026-07-29 00:00:00
6209,0xff080c8ce2e5feadaca0da81314ae59d232d4afd,1139086.666490047,2026-08-05 00:00:00
13295,0xff080c8ce2e5feadaca0da81314ae59d232d4afd,1182929.530525454,2026-08-12 00:00:00
9651,0xff080c8ce2e5feadaca0da81314ae59d232d4afd,981682.7763970306,2026-08-19 00:00:00
48309,0xff080c8ce2e5feadaca0da81314ae59d232d4afd,9032981.784110028,2026-08-26 00:00:00
