n,qty,session_date,token_address,vol
0,,2026-07-01,0x117cc2133c37b721f49de2a7a74833232b3b4c0c,
0,,2026-07-02,0x117cc2133c37b721f49de2a7a74833232b3b4c0c,
0,,2026-07-06,0x117cc2133c37b721f49de2a7a74833232b3b4c0c,
0,,2026-07-07,0x117cc2133c37b721f49de2a7a74833232b3b4c0c,
0,,2026-07-08,0x117cc2133c37b721f49de2a7a74833232b3b4c0c,
39,1.251607919865645,2026-07-09,0x117cc2133c37b721f49de2a7a74833232b3b4c0c,947.3431569136877
6,0.01938125708131179,2026-07-10,0x117cc2133c37b721f49de2a7a74833232b3b4c0c,14.188996590497998
9,0.23033163788155542,2026-07-13,0x117cc2133c37b721f49de2a7a74833232b3b4c0c,173.33991002356518
20,0.6537912076785393,2026-07-14,0x117cc2133c37b721f49de2a7a74833232b3b4c0c,490.89463796206746
21,0.9435116559266896,2026-07-15,0x117cc2133c37b721f49de2a7a74833232b3b4c0c,713.0198476640476
18,0.9739686028156586,2026-07-16,0x117cc2133c37b721f49de2a7a74833232b3b4c0c,733.0936295592526
7,0.306771693533178,2026-07-17,0x117cc2133c37b721f49de2a7a74833232b3b4c0c,229.34013706372784
37,0.8576951864012627,2026-07-20,0x117cc2133c37b721f49de2a7a74833232b3b4c0c,639.4665159648279
20,0.2817969430895536,2026-07-21,0x117cc2133c37b721f49de2a7a74833232b3b4c0c,209.90707779050203
33,1.087840193388367,2026-07-22,0x117cc2133c37b721f49de2a7a74833232b3b4c0c,814.1695931220844
98,7.606032113921913,2026-07-23,0x117cc2133c37b721f49de2a7a74833232b3b4c0c,5637.654877188981
71,6.662630101731128,2026-07-24,0x117cc2133c37b721f49de2a7a74833232b3b4c0c,4935.566971309677
107,119.39752538700014,2026-07-27,0x117cc2133c37b721f49de2a7a74833232b3b4c0c,88370.98093178177
59,8.644297453810774,2026-07-28,0x117cc2133c37b721f49de2a7a74833232b3b4c0c,6395.880277395693
83,41.96821678745539,2026-07-29,0x117cc2133c37b721f49de2a7a74833232b3b4c0c,30916.1977876142
323,54.51311454676413,2026-07-30,0x117cc2133c37b721f49de2a7a74833232b3b4c0c,40164.54698669563
163,40.9959235837038,2026-07-31,0x117cc2133c37b721f49de2a7a74833232b3b4c0c,30379.32198641551
256,21.447816023183062,2026-08-03,0x117cc2133c37b721f49de2a7a74833232b3b4c0c,16168.42812888032
181,27.10559867653333,2026-08-04,0x117cc2133c37b721f49de2a7a74833232b3b4c0c,20713.76292741164
698,70.86193779007387,2026-08-05,0x117cc2133c37b721f49de2a7a74833232b3b4c0c,54988.01486870085
665,107.74970083382603,2026-08-06,0x117cc2133c37b721f49de2a7a74833232b3b4c0c,83124.82019484746
724,209.97244520504694,2026-08-07,0x117cc2133c37b721f49de2a7a74833232b3b4c0c,162048.4900029034
677,345.4497142989858,2026-08-10,0x117cc2133c37b721f49de2a7a74833232b3b4c0c,267488.44631054054
646,291.7512710927434,2026-08-11,0x117cc2133c37b721f49de2a7a74833232b3b4c0c,225744.97582111674
690,294.0313744637809,2026-08-12,0x117cc2133c37b721f49de2a7a74833232b3b4c0c,227456.1573534477
551,278.16017550709836,2026-08-13,0x117cc2133c37b721f49de2a7a74833232b3b4c0c,216685.67137551762
1039,313.04071640943226,2026-08-14,0x117cc2133c37b721f49de2a7a74833232b3b4c0c,243538.47433262836
926,220.3067663182515,2026-08-17,0x117cc2133c37b721f49de2a7a74833232b3b4c0c,171055.49589517954
858,212.38665647893242,2026-08-18,0x117cc2133c37b721f49de2a7a74833232b3b4c0c,163194.9933542327
1314,308.0601063504158,2026-08-19,0x117cc2133c37b721f49de2a7a74833232b3b4c0c,237195.23864450114
1220,288.3675097364614,2026-08-20,0x117cc2133c37b721f49de2a7a74833232b3b4c0c,221200.40305889072
1797,490.4476126891043,2026-08-21,0x117cc2133c37b721f49de2a7a74833232b3b4c0c,375097.14214425033
1949,557.8290319609406,2026-08-24,0x117cc2133c37b721f49de2a7a74833232b3b4c0c,425771.6077281294
2418,833.2877362804628,2026-08-25,0x117cc2133c37b721f49de2a7a74833232b3b4c0c,638348.7201664738
2722,727.5277750367551,2026-08-26,0x117cc2133c37b721f49de2a7a74833232b3b4c0c,557643.1949312859
3847,1078.6600557820955,2026-08-27,0x117cc2133c37b721f49de2a7a74833232b3b4c0c,830541.0030380238
5483,1661.8747873344828,2026-08-28,0x117cc2133c37b721f49de2a7a74833232b3b4c0c,1284208.1733206795
1,0.000407091165378574,2026-07-01,0x12f190a9f9d7d37a250758b26824b97ce941bf54,0.09995180000000001
0,,2026-07-02,0x12f190a9f9d7d37a250758b26824b97ce941bf54,
0,,2026-07-06,0x12f190a9f9d7d37a250758b26824b97ce941bf54,
0,,2026-07-07,0x12f190a9f9d7d37a250758b26824b97ce941bf54,
0,,2026-07-08,0x12f190a9f9d7d37a250758b26824b97ce941bf54,
0,,2026-07-09,0x12f190a9f9d7d37a250758b26824b97ce941bf54,
0,,2026-07-10,0x12f190a9f9d7d37a250758b26824b97ce941bf54,
1,7.13513307864e-06,2026-07-13,0x12f190a9f9d7d37a250758b26824b97ce941bf54,0.00176969025
2,0.000866026183941715,2026-07-14,0x12f190a9f9d7d37a250758b26824b97ce941bf54,0.20496703820200002
16,2.3431338042018712,2026-07-15,0x12f190a9f9d7d37a250758b26824b97ce941bf54,594.2127091925604
7,0.12095775453848803,2026-07-16,0x12f190a9f9d7d37a250758b26824b97ce941bf54,30.76007613776537
19,6.002591404628557,2026-07-17,0x12f190a9f9d7d37a250758b26824b97ce941bf54,1488.1438834638348
22,0.26174710350025204,2026-07-20,0x12f190a9f9d7d37a250758b26824b97ce941bf54,65.16326778082428
19,0.9242416373608159,2026-07-21,0x12f190a9f9d7d37a250758b26824b97ce941bf54,228.087581158979
139,121.43985661395092,2026-07-22,0x12f190a9f9d7d37a250758b26824b97ce941bf54,29831.55349493618
400,183.34947882123262,2026-07-23,0x12f190a9f9d7d37a250758b26824b97ce941bf54,42927.70970437558
26,8.46133211828055,2026-07-24,0x12f190a9f9d7d37a250758b26824b97ce941bf54,1967.466992126811
34,8.467192955446022,2026-07-27,0x12f190a9f9d7d37a250758b26824b97ce941bf54,1979.907492801865
49,12.720236392383207,2026-07-28,0x12f190a9f9d7d37a250758b26824b97ce941bf54,2917.629119266397
59,14.875768922716338,2026-07-29,0x12f190a9f9d7d37a250758b26824b97ce941bf54,3394.1116305749265
43,15.284582705819393,2026-07-30,0x12f190a9f9d7d37a250758b26824b97ce941bf54,3624.955723056979
75,16.815449273621322,2026-07-31,0x12f190a9f9d7d37a250758b26824b97ce941bf54,4529.670538664175
280,121.8350744352972,2026-08-03,0x12f190a9f9d7d37a250758b26824b97ce941bf54,34632.125122863414
71,27.359465493177392,2026-08-04,0x12f190a9f9d7d37a250758b26824b97ce941bf54,7623.221602090862
19,1.6563415820128076,2026-08-05,0x12f190a9f9d7d37a250758b26824b97ce941bf54,459.24013997182266
27,4.12227639613983,2026-08-06,0x12f190a9f9d7d37a250758b26824b97ce941bf54,1127.1485890191414
8,0.5110344497992627,2026-08-07,0x12f190a9f9d7d37a250758b26824b97ce941bf54,141.39336276287426
26,7.0501081583448375,2026-08-10,0x12f190a9f9d7d37a250758b26824b97ce941bf54,1954.439877039497
7,4.303571255302254,2026-08-11,0x12f190a9f9d7d37a250758b26824b97ce941bf54,1184.3326443386302
51,26.50901833015427,2026-08-12,0x12f190a9f9d7d37a250758b26824b97ce941bf54,7172.810659294171
128,59.20829836688738,2026-08-13,0x12f190a9f9d7d37a250758b26824b97ce941bf54,15959.65296655951
47,31.18409997151227,2026-08-14,0x12f190a9f9d7d37a250758b26824b97ce941bf54,8258.401188802633
80,26.580552921789096,2026-08-17,0x12f190a9f9d7d37a250758b26824b97ce941bf54,6954.531705393574
81,39.646108670088005,2026-08-18,0x12f190a9f9d7d37a250758b26824b97ce941bf54,10325.526781213232
111,71.60132047895773,2026-08-19,0x12f190a9f9d7d37a250758b26824b97ce941bf54,18788.8802711382
34,13.777458131169748,2026-08-20,0x12f190a9f9d7d37a250758b26824b97ce941bf54,3605.3760926254295
39,7.016888212797855,2026-08-21,0x12f190a9f9d7d37a250758b26824b97ce941bf54,1821.1272706106822
61,22.542970995514978,2026-08-24,0x12f190a9f9d7d37a250758b26824b97ce941bf54,5907.443101660386
62,18.7658236838124,2026-08-25,0x12f190a9f9d7d37a250758b26824b97ce941bf54,4910.05724068993
49,17.53520917852579,2026-08-26,0x12f190a9f9d7d37a250758b26824b97ce941bf54,4560.66275110589
91,37.52709436221493,2026-08-27,0x12f190a9f9d7d37a250758b26824b97ce941bf54,9689.107781468909
1013,327.8888344053994,2026-08-28,0x12f190a9f9d7d37a250758b26824b97ce941bf54,85625.41742478381
0,,2026-07-01,0x1b0e319c6a659f002271b69db8a7df2f911c153e,
0,,2026-07-02,0x1b0e319c6a659f002271b69db8a7df2f911c153e,
0,,2026-07-06,0x1b0e319c6a659f002271b69db8a7df2f911c153e,
0,,2026-07-07,0x1b0e319c6a659f002271b69db8a7df2f911c153e,
0,,2026-07-08,0x1b0e319c6a659f002271b69db8a7df2f911c153e,
0,,2026-07-09,0x1b0e319c6a659f002271b69db8a7df2f911c153e,
0,,2026-07-10,0x1b0e319c6a659f002271b69db8a7df2f911c153e,
0,,2026-07-13,0x1b0e319c6a659f002271b69db8a7df2f911c153e,
0,,2026-07-14,0x1b0e319c6a659f002271b69db8a7df2f911c153e,
0,,2026-07-15,0x1b0e319c6a659f002271b69db8a7df2f911c153e,
0,,2026-07-16,0x1b0e319c6a659f002271b69db8a7df2f911c153e,
0,,2026-07-17,0x1b0e319c6a659f002271b69db8a7df2f911c153e,
0,,2026-07-20,0x1b0e319c6a659f002271b69db8a7df2f911c153e,
0,,2026-07-21,0x1b0e319c6a659f002271b69db8a7df2f911c153e,
0,,2026-07-22,0x1b0e319c6a659f002271b69db8a7df2f911c153e,
4991,36177.31581881505,2026-07-23,0x1b0e319c6a659f002271b69db8a7df2f911c153e,806606.0884672514
31044,202994.28625010254,2026-07-24,0x1b0e319c6a659f002271b69db8a7df2f911c153e,4350899.18799918
715,4672.548911762443,2026-07-27,0x1b0e319c6a659f002271b69db8a7df2f911c153e,99678.6049740873
922,8242.993709642727,2026-07-28,0x1b0e319c6a659f002271b69db8a7df2f911c153e,180116.4865066315
647,9761.381412436358,2026-07-29,0x1b0e319c6a659f002271b69db8a7df2f911c153e,214190.53089568726
358,2515.285481976692,2026-07-30,0x1b0e319c6a659f002271b69db8a7df2f911c153e,54903.45514251165
794,8210.809451773865,2026-07-31,0x1b0e319c6a659f002271b69db8a7df2f911c153e,179845.88025084036
2310,14365.963735083322,2026-08-03,0x1b0e319c6a659f002271b69db8a7df2f911c153e,304888.22515552415
1754,13890.539321725117,2026-08-04,0x1b0e319c6a659f002271b69db8a7df2f911c153e,266749.00676924427
871,5778.7135299694155,2026-08-05,0x1b0e319c6a659f002271b69db8a7df2f911c153e,110485.44578391829
550,3583.2007547387498,2026-08-06,0x1b0e319c6a659f002271b69db8a7df2f911c153e,68061.05472759547
879,4458.067290465214,2026-08-07,0x1b0e319c6a659f002271b69db8a7df2f911c153e,85351.54586626863
461,3418.8102243269263,2026-08-10,0x1b0e319c6a659f002271b69db8a7df2f911c153e,66037.40982494163
341,2490.1408127019617,2026-08-11,0x1b0e319c6a659f002271b69db8a7df2f911c153e,46979.31853103357
650,6792.819003654906,2026-08-12,0x1b0e319c6a659f002271b69db8a7df2f911c153e,126385.71091351246
252,1869.5944616570266,2026-08-13,0x1b0e319c6a659f002271b69db8a7df2f911c153e,34696.552027097576
368,2463.1721569714628,2026-08-14,0x1b0e319c6a659f002271b69db8a7df2f911c153e,46486.07166609018
215,731.7406497469046,2026-08-17,0x1b0e319c6a659f002271b69db8a7df2f911c153e,13562.179562283827
267,535.2624600610997,2026-08-18,0x1b0e319c6a659f002271b69db8a7df2f911c153e,9806.25472092005
507,2320.740625151712,2026-08-19,0x1b0e319c6a659f002271b69db8a7df2f911c153e,41947.211933083934
855,3300.173458982869,2026-08-20,0x1b0e319c6a659f002271b69db8a7df2f911c153e,59131.69680292232
404,3540.2286458320123,2026-08-21,0x1b0e319c6a659f002271b69db8a7df2f911c153e,63986.78553552154
602,3045.6588735754417,2026-08-24,0x1b0e319c6a659f002271b69db8a7df2f911c153e,55092.96903955259
1794,32432.849800792796,2026-08-25,0x1b0e319c6a659f002271b69db8a7df2f911c153e,588448.0464996152
260,4505.3895489581755,2026-08-26,0x1b0e319c6a659f002271b69db8a7df2f911c153e,81317.33240900244
1160,10119.363945965473,2026-08-27,0x1b0e319c6a659f002271b69db8a7df2f911c153e,180882.85985176123
488,1950.2694763117813,2026-08-28,0x1b0e319c6a659f002271b69db8a7df2f911c153e,35456.09609433138
1,0.000272392296604075,2026-07-01,0x2e0847e8910a9732eb3fb1bb4b70a580adad4fe3,0.09995180000000001
0,,2026-07-02,0x2e0847e8910a9732eb3fb1bb4b70a580adad4fe3,
0,,2026-07-06,0x2e0847e8910a9732eb3fb1bb4b70a580adad4fe3,
0,,2026-07-07,0x2e0847e8910a9732eb3fb1bb4b70a580adad4fe3,
0,,2026-07-08,0x2e0847e8910a9732eb3fb1bb4b70a580adad4fe3,
19,7.67559611791588,2026-07-09,0x2e0847e8910a9732eb3fb1bb4b70a580adad4fe3,2691.0498729270575
44,0.9973053354755052,2026-07-10,0x2e0847e8910a9732eb3fb1bb4b70a580adad4fe3,341.08078264576596
10,1.8068147542352975,2026-07-13,0x2e0847e8910a9732eb3fb1bb4b70a580adad4fe3,646.6324812802638
21,2.6743217904388965,2026-07-14,0x2e0847e8910a9732eb3fb1bb4b70a580adad4fe3,950.978701313788
31,2.9176354178414816,2026-07-15,0x2e0847e8910a9732eb3fb1bb4b70a580adad4fe3,1070.922206139365
37,2.2252844210355613,2026-07-16,0x2e0847e8910a9732eb3fb1bb4b70a580adad4fe3,831.5012942251773
19,6.309114006055721,2026-07-17,0x2e0847e8910a9732eb3fb1bb4b70a580adad4fe3,2191.1184492535695
43,5.810082055756924,2026-07-20,0x2e0847e8910a9732eb3fb1bb4b70a580adad4fe3,2080.66637512367
33,2.428281487470614,2026-07-21,0x2e0847e8910a9732eb3fb1bb4b70a580adad4fe3,847.5664075441924
94,38.36187079621375,2026-07-22,0x2e0847e8910a9732eb3fb1bb4b70a580adad4fe3,13400.048267416725
366,137.27155804798872,2026-07-23,0x2e0847e8910a9732eb3fb1bb4b70a580adad4fe3,43856.10358010153
273,196.81844876568584,2026-07-24,0x2e0847e8910a9732eb3fb1bb4b70a580adad4fe3,62919.407560101135
308,228.59791246542932,2026-07-27,0x2e0847e8910a9732eb3fb1bb4b70a580adad4fe3,74968.26719257803
78,37.52649414664901,2026-07-28,0x2e0847e8910a9732eb3fb1bb4b70a580adad4fe3,12307.848883503038
75,16.363851838301702,2026-07-29,0x2e0847e8910a9732eb3fb1bb4b70a580adad4fe3,5446.795081842471
142,72.85596237897876,2026-07-30,0x2e0847e8910a9732eb3fb1bb4b70a580adad4fe3,24297.970967392394
336,225.236935963772,2026-07-31,0x2e0847e8910a9732eb3fb1bb4b70a580adad4fe3,78460.02884041994
192,313.6819723336716,2026-08-03,0x2e0847e8910a9732eb3fb1bb4b70a580adad4fe3,114331.04254627778
126,31.88699178880464,2026-08-04,0x2e0847e8910a9732eb3fb1bb4b70a580adad4fe3,11989.66141817198
187,49.64624344294618,2026-08-05,0x2e0847e8910a9732eb3fb1bb4b70a580adad4fe3,18896.74617469985
130,31.148420854134077,2026-08-06,0x2e0847e8910a9732eb3fb1bb4b70a580adad4fe3,11247.249532824342
102,18.207509531703792,2026-08-07,0x2e0847e8910a9732eb3fb1bb4b70a580adad4fe3,6466.482533291796
127,38.302673365438544,2026-08-10,0x2e0847e8910a9732eb3fb1bb4b70a580adad4fe3,13632.794367004655
58,13.302378568561469,2026-08-11,0x2e0847e8910a9732eb3fb1bb4b70a580adad4fe3,4682.009901066572
63,36.80285587745787,2026-08-12,0x2e0847e8910a9732eb3fb1bb4b70a580adad4fe3,12672.60185453038
87,28.7210567202287,2026-08-13,0x2e0847e8910a9732eb3fb1bb4b70a580adad4fe3,9968.282958790645
179,42.77486639917168,2026-08-14,0x2e0847e8910a9732eb3fb1bb4b70a580adad4fe3,14860.419431158754
144,30.025748068816178,2026-08-17,0x2e0847e8910a9732eb3fb1bb4b70a580adad4fe3,10317.236166269438
74,15.752370188155247,2026-08-18,0x2e0847e8910a9732eb3fb1bb4b70a580adad4fe3,5412.418586582894
152,38.2251473143696,2026-08-19,0x2e0847e8910a9732eb3fb1bb4b70a580adad4fe3,13171.692573136805
88,15.924669988961119,2026-08-20,0x2e0847e8910a9732eb3fb1bb4b70a580adad4fe3,5449.177209572864
125,26.221470374919825,2026-08-21,0x2e0847e8910a9732eb3fb1bb4b70a580adad4fe3,9007.904934980417
155,34.5332767531091,2026-08-24,0x2e0847e8910a9732eb3fb1bb4b70a580adad4fe3,12053.09436710115
113,23.38534959976387,2026-08-25,0x2e0847e8910a9732eb3fb1bb4b70a580adad4fe3,8128.539609966164
135,29.999660416644502,2026-08-26,0x2e0847e8910a9732eb3fb1bb4b70a580adad4fe3,10290.287316966118
302,48.340311671302814,2026-08-27,0x2e0847e8910a9732eb3fb1bb4b70a580adad4fe3,16502.60672335282
1352,310.07538821643783,2026-08-28,0x2e0847e8910a9732eb3fb1bb4b70a580adad4fe3,106770.22070787106
1,0.000231258137193905,2026-07-01,0x322f0929c4625ed5bad873c95208d54e1c003b2d,0.09995180000000001
215,43.14776007803625,2026-07-02,0x322f0929c4625ed5bad873c95208d54e1c003b2d,18076.82146434665
34,7.286970624952942,2026-07-06,0x322f0929c4625ed5bad873c95208d54e1c003b2d,2949.5143884143463
33,4.472050601469453,2026-07-07,0x322f0929c4625ed5bad873c95208d54e1c003b2d,1842.3755428889351
49,7.578035257837138,2026-07-08,0x322f0929c4625ed5bad873c95208d54e1c003b2d,3019.7983678953774
76,8.495435906351648,2026-07-09,0x322f0929c4625ed5bad873c95208d54e1c003b2d,3423.683305674907
15,2.592444677343401,2026-07-10,0x322f0929c4625ed5bad873c95208d54e1c003b2d,1057.4523723101797
25,5.716159459788875,2026-07-13,0x322f0929c4625ed5bad873c95208d54e1c003b2d,2263.6420272662954
26,14.085230376848823,2026-07-14,0x322f0929c4625ed5bad873c95208d54e1c003b2d,5564.707333780232
47,8.311268230997127,2026-07-15,0x322f0929c4625ed5bad873c95208d54e1c003b2d,3336.7184698850865
44,5.08118025170524,2026-07-16,0x322f0929c4625ed5bad873c95208d54e1c003b2d,1992.0399349960173
41,2.7261166621140216,2026-07-17,0x322f0929c4625ed5bad873c95208d54e1c003b2d,1039.539057358365
76,22.34037331373927,2026-07-20,0x322f0929c4625ed5bad873c95208d54e1c003b2d,8383.920964899326
83,14.728586437892218,2026-07-21,0x322f0929c4625ed5bad873c95208d54e1c003b2d,5612.075463016928
270,119.29442415132773,2026-07-22,0x322f0929c4625ed5bad873c95208d54e1c003b2d,45055.375912346615
207,48.888525387047025,2026-07-23,0x322f0929c4625ed5bad873c95208d54e1c003b2d,15987.742798382758
180,77.42415284383067,2026-07-24,0x322f0929c4625ed5bad873c95208d54e1c003b2d,24196.91696807159
172,68.1023162304852,2026-07-27,0x322f0929c4625ed5bad873c95208d54e1c003b2d,20946.13458645691
178,167.79891154619213,2026-07-28,0x322f0929c4625ed5bad873c95208d54e1c003b2d,50982.795898357384
125,229.21926751443294,2026-07-29,0x322f0929c4625ed5bad873c95208d54e1c003b2d,69768.35000990158
261,476.1373156546853,2026-07-30,0x322f0929c4625ed5bad873c95208d54e1c003b2d,145945.21196737728
437,905.4895218242149,2026-07-31,0x322f0929c4625ed5bad873c95208d54e1c003b2d,277523.8188902418
130,61.19130939198743,2026-08-03,0x322f0929c4625ed5bad873c95208d54e1c003b2d,19616.91164006864
102,40.592728568214774,2026-08-04,0x322f0929c4625ed5bad873c95208d54e1c003b2d,13133.993495042441
258,174.84877423915924,2026-08-05,0x322f0929c4625ed5bad873c95208d54e1c003b2d,56645.22423932424
229,196.30914451870885,2026-08-06,0x322f0929c4625ed5bad873c95208d54e1c003b2d,63036.77094407588
387,351.20919631701264,2026-08-07,0x322f0929c4625ed5bad873c95208d54e1c003b2d,114611.43728457927
142,75.38455049077615,2026-08-10,0x322f0929c4625ed5bad873c95208d54e1c003b2d,24934.370099267304
189,103.85429019392721,2026-08-11,0x322f0929c4625ed5bad873c95208d54e1c003b2d,34712.21868649089
215,127.59375059414818,2026-08-12,0x322f0929c4625ed5bad873c95208d54e1c003b2d,41685.192471580114
113,43.44718619079448,2026-08-13,0x322f0929c4625ed5bad873c95208d54e1c003b2d,14517.450817068608
779,187.34514501184955,2026-08-14,0x322f0929c4625ed5bad873c95208d54e1c003b2d,64871.1226198129
141,36.538462542335125,2026-08-17,0x322f0929c4625ed5bad873c95208d54e1c003b2d,12454.321395509553
129,58.91449399509651,2026-08-18,0x322f0929c4625ed5bad873c95208d54e1c003b2d,19841.607492338102
382,156.03486739899955,2026-08-19,0x322f0929c4625ed5bad873c95208d54e1c003b2d,53421.86866804195
203,76.51657999485667,2026-08-20,0x322f0929c4625ed5bad873c95208d54e1c003b2d,26123.69841765423
433,119.54734854271693,2026-08-21,0x322f0929c4625ed5bad873c95208d54e1c003b2d,42772.73057484813
602,145.12068066452312,2026-08-24,0x322f0929c4625ed5bad873c95208d54e1c003b2d,51611.86060115978
179,61.94952721892742,2026-08-25,0x322f0929c4625ed5bad873c95208d54e1c003b2d,21790.888844463454
214,79.03982946254345,2026-08-26,0x322f0929c4625ed5bad873c95208d54e1c003b2d,27370.765045582688
441,147.02650561989515,2026-08-27,0x322f0929c4625ed5bad873c95208d54e1c003b2d,51911.19117953522
416,164.7347900545874,2026-08-28,0x322f0929c4625ed5bad873c95208d54e1c003b2d,58175.24336661539
0,,2026-07-01,0x3b14c39e89d60d627b42a1a4ca45b5bb45fc12e2,
0,,2026-07-02,0x3b14c39e89d60d627b42a1a4ca45b5bb45fc12e2,
0,,2026-07-06,0x3b14c39e89d60d627b42a1a4ca45b5bb45fc12e2,
0,,2026-07-07,0x3b14c39e89d60d627b42a1a4ca45b5bb45fc12e2,
0,,2026-07-08,0x3b14c39e89d60d627b42a1a4ca45b5bb45fc12e2,
0,,2026-07-09,0x3b14c39e89d60d627b42a1a4ca45b5bb45fc12e2,
0,,2026-07-10,0x3b14c39e89d60d627b42a1a4ca45b5bb45fc12e2,
0,,2026-07-13,0x3b14c39e89d60d627b42a1a4ca45b5bb45fc12e2,
0,,2026-07-14,0x3b14c39e89d60d627b42a1a4ca45b5bb45fc12e2,
0,,2026-07-15,0x3b14c39e89d60d627b42a1a4ca45b5bb45fc12e2,
0,,2026-07-16,0x3b14c39e89d60d627b42a1a4ca45b5bb45fc12e2,
1,2.6900676586948435,2026-07-17,0x3b14c39e89d60d627b42a1a4ca45b5bb45fc12e2,200.9486
1,0.849589802614817,2026-07-20,0x3b14c39e89d60d627b42a1a4ca45b5bb45fc12e2,61.856415328167
2,0.3940320494420805,2026-07-21,0x3b14c39e89d60d627b42a1a4ca45b5bb45fc12e2,28.584619815204004
0,,2026-07-22,0x3b14c39e89d60d627b42a1a4ca45b5bb45fc12e2,
0,,2026-07-23,0x3b14c39e89d60d627b42a1a4ca45b5bb45fc12e2,
0,,2026-07-24,0x3b14c39e89d60d627b42a1a4ca45b5bb45fc12e2,
2,0.000543739154987942,2026-07-27,0x3b14c39e89d60d627b42a1a4ca45b5bb45fc12e2,0.03905241009
0,,2026-07-28,0x3b14c39e89d60d627b42a1a4ca45b5bb45fc12e2,
1,0.6729470793311809,2026-07-29,0x3b14c39e89d60d627b42a1a4ca45b5bb45fc12e2,38.18398679017658
0,,2026-07-30,0x3b14c39e89d60d627b42a1a4ca45b5bb45fc12e2,
0,,2026-07-31,0x3b14c39e89d60d627b42a1a4ca45b5bb45fc12e2,
0,,2026-08-03,0x3b14c39e89d60d627b42a1a4ca45b5bb45fc12e2,
0,,2026-08-04,0x3b14c39e89d60d627b42a1a4ca45b5bb45fc12e2,
3,4.023513682648698,2026-08-05,0x3b14c39e89d60d627b42a1a4ca45b5bb45fc12e2,301.20188177299605
20,9.98944883132742,2026-08-06,0x3b14c39e89d60d627b42a1a4ca45b5bb45fc12e2,780.9196589868022
2,0.17042192003130963,2026-08-07,0x3b14c39e89d60d627b42a1a4ca45b5bb45fc12e2,13.570685186238
0,,2026-08-10,0x3b14c39e89d60d627b42a1a4ca45b5bb45fc12e2,
7,4.590472855208552,2026-08-11,0x3b14c39e89d60d627b42a1a4ca45b5bb45fc12e2,360.12885515064363
0,,2026-08-12,0x3b14c39e89d60d627b42a1a4ca45b5bb45fc12e2,
0,,2026-08-13,0x3b14c39e89d60d627b42a1a4ca45b5bb45fc12e2,
0,,2026-08-14,0x3b14c39e89d60d627b42a1a4ca45b5bb45fc12e2,
1,0.1766082696723272,2026-08-17,0x3b14c39e89d60d627b42a1a4ca45b5bb45fc12e2,13.421190111247233
0,,2026-08-18,0x3b14c39e89d60d627b42a1a4ca45b5bb45fc12e2,
0,,2026-08-19,0x3b14c39e89d60d627b42a1a4ca45b5bb45fc12e2,
0,,2026-08-20,0x3b14c39e89d60d627b42a1a4ca45b5bb45fc12e2,
0,,2026-08-21,0x3b14c39e89d60d627b42a1a4ca45b5bb45fc12e2,
0,,2026-08-24,0x3b14c39e89d60d627b42a1a4ca45b5bb45fc12e2,
0,,2026-08-25,0x3b14c39e89d60d627b42a1a4ca45b5bb45fc12e2,
0,,2026-08-26,0x3b14c39e89d60d627b42a1a4ca45b5bb45fc12e2,
0,,2026-08-27,0x3b14c39e89d60d627b42a1a4ca45b5bb45fc12e2,
0,,2026-08-28,0x3b14c39e89d60d627b42a1a4ca45b5bb45fc12e2,
1,0.001804355713042681,2026-07-01,0x411efb0e7f985935daec3d4c3ebaea0d0ad7d89f,0.09995180000000001
0,,2026-07-02,0x411efb0e7f985935daec3d4c3ebaea0d0ad7d89f,
0,,2026-07-06,0x411efb0e7f985935daec3d4c3ebaea0d0ad7d89f,
0,,2026-07-07,0x411efb0e7f985935daec3d4c3ebaea0d0ad7d89f,
0,,2026-07-08,0x411efb0e7f985935daec3d4c3ebaea0d0ad7d89f,
0,,2026-07-09,0x411efb0e7f985935daec3d4c3ebaea0d0ad7d89f,
0,,2026-07-10,0x411efb0e7f985935daec3d4c3ebaea0d0ad7d89f,
0,,2026-07-13,0x411efb0e7f985935daec3d4c3ebaea0d0ad7d89f,
0,,2026-07-14,0x411efb0e7f985935daec3d4c3ebaea0d0ad7d89f,
0,,2026-07-15,0x411efb0e7f985935daec3d4c3ebaea0d0ad7d89f,
1,0.098706622747858,2026-07-16,0x411efb0e7f985935daec3d4c3ebaea0d0ad7d89f,56.260201083161
0,,2026-07-17,0x411efb0e7f985935daec3d4c3ebaea0d0ad7d89f,
0,,2026-07-20,0x411efb0e7f985935daec3d4c3ebaea0d0ad7d89f,
0,,2026-07-21,0x411efb0e7f985935daec3d4c3ebaea0d0ad7d89f,
10,7.996482459753384,2026-07-22,0x411efb0e7f985935daec3d4c3ebaea0d0ad7d89f,439.82549849609006
4,6.625556160982463,2026-07-23,0x411efb0e7f985935daec3d4c3ebaea0d0ad7d89f,347.751231502945
59,56.55958281005002,2026-07-24,0x411efb0e7f985935daec3d4c3ebaea0d0ad7d89f,2976.7782574338003
27,215.11541214194037,2026-07-27,0x411efb0e7f985935daec3d4c3ebaea0d0ad7d89f,11378.926014743418
11,10.075997055299911,2026-07-28,0x411efb0e7f985935daec3d4c3ebaea0d0ad7d89f,519.5370131230841
8,80.99724765464715,2026-07-29,0x411efb0e7f985935daec3d4c3ebaea0d0ad7d89f,4165.081481161943
25,177.3706458574619,2026-07-30,0x411efb0e7f985935daec3d4c3ebaea0d0ad7d89f,9386.152877210594
8,7.901994355750173,2026-07-31,0x411efb0e7f985935daec3d4c3ebaea0d0ad7d89f,412.066225977895
10,11.066255287237599,2026-08-03,0x411efb0e7f985935daec3d4c3ebaea0d0ad7d89f,572.4237869833444
22,16.590200099723173,2026-08-04,0x411efb0e7f985935daec3d4c3ebaea0d0ad7d89f,890.357532818654
29,52.42507788092183,2026-08-05,0x411efb0e7f985935daec3d4c3ebaea0d0ad7d89f,2964.527165795231
19,8.556688820593834,2026-08-06,0x411efb0e7f985935daec3d4c3ebaea0d0ad7d89f,479.20656117652806
16,71.28640155739964,2026-08-07,0x411efb0e7f985935daec3d4c3ebaea0d0ad7d89f,4104.033494568746
26,80.30595002114566,2026-08-10,0x411efb0e7f985935daec3d4c3ebaea0d0ad7d89f,4694.271597804172
5,1.4090627820175952,2026-08-11,0x411efb0e7f985935daec3d4c3ebaea0d0ad7d89f,82.73661138504602
1,0.004619489293934772,2026-08-12,0x411efb0e7f985935daec3d4c3ebaea0d0ad7d89f,0.276817406093
8,6.555195023915502,2026-08-13,0x411efb0e7f985935daec3d4c3ebaea0d0ad7d89f,384.040754956838
21,91.51670606771238,2026-08-14,0x411efb0e7f985935daec3d4c3ebaea0d0ad7d89f,5424.060527837688
30,159.68295362438565,2026-08-17,0x411efb0e7f985935daec3d4c3ebaea0d0ad7d89f,9556.452551099783
27,212.579021844812,2026-08-18,0x411efb0e7f985935daec3d4c3ebaea0d0ad7d89f,12399.279730057084
29,177.92905355289656,2026-08-19,0x411efb0e7f985935daec3d4c3ebaea0d0ad7d89f,10566.460710439915
30,192.6440886978762,2026-08-20,0x411efb0e7f985935daec3d4c3ebaea0d0ad7d89f,11831.552431142947
19,14.6676261860379,2026-08-21,0x411efb0e7f985935daec3d4c3ebaea0d0ad7d89f,918.111054458137
4,8.4740852476673,2026-08-24,0x411efb0e7f985935daec3d4c3ebaea0d0ad7d89f,527.861222643846
12,40.846605862444164,2026-08-25,0x411efb0e7f985935daec3d4c3ebaea0d0ad7d89f,2513.595258614084
10,121.37807634342035,2026-08-26,0x411efb0e7f985935daec3d4c3ebaea0d0ad7d89f,7482.727296716693
18,227.96746606450992,2026-08-27,0x411efb0e7f985935daec3d4c3ebaea0d0ad7d89f,14133.864865770935
237,1766.1092538775933,2026-08-28,0x411efb0e7f985935daec3d4c3ebaea0d0ad7d89f,110706.41717298306
1,0.001152583411830095,2026-07-01,0x5f10a1c971b69e47e059e1dc91901b59b3fb49c3,0.09995180000000001
0,,2026-07-02,0x5f10a1c971b69e47e059e1dc91901b59b3fb49c3,
0,,2026-07-06,0x5f10a1c971b69e47e059e1dc91901b59b3fb49c3,
0,,2026-07-07,0x5f10a1c971b69e47e059e1dc91901b59b3fb49c3,
0,,2026-07-08,0x5f10a1c971b69e47e059e1dc91901b59b3fb49c3,
0,,2026-07-09,0x5f10a1c971b69e47e059e1dc91901b59b3fb49c3,
0,,2026-07-10,0x5f10a1c971b69e47e059e1dc91901b59b3fb49c3,
0,,2026-07-13,0x5f10a1c971b69e47e059e1dc91901b59b3fb49c3,
0,,2026-07-14,0x5f10a1c971b69e47e059e1dc91901b59b3fb49c3,
0,,2026-07-15,0x5f10a1c971b69e47e059e1dc91901b59b3fb49c3,
0,,2026-07-16,0x5f10a1c971b69e47e059e1dc91901b59b3fb49c3,
8,0.01517161212118969,2026-07-17,0x5f10a1c971b69e47e059e1dc91901b59b3fb49c3,0.1560708992037812
2,0.09615292024028359,2026-07-20,0x5f10a1c971b69e47e059e1dc91901b59b3fb49c3,0.712832274567
0,,2026-07-21,0x5f10a1c971b69e47e059e1dc91901b59b3fb49c3,
0,,2026-07-22,0x5f10a1c971b69e47e059e1dc91901b59b3fb49c3,
2,0.4374237430237188,2026-07-23,0x5f10a1c971b69e47e059e1dc91901b59b3fb49c3,36.03087899836641
1,1.413416712915e-06,2026-07-24,0x5f10a1c971b69e47e059e1dc91901b59b3fb49c3,0.0010013510000000002
17,3.225538353646254,2026-07-27,0x5f10a1c971b69e47e059e1dc91901b59b3fb49c3,231.06092135822783
3,0.2114663664493385,2026-07-28,0x5f10a1c971b69e47e059e1dc91901b59b3fb49c3,13.877781943898611
9,4.1747000901310365,2026-07-29,0x5f10a1c971b69e47e059e1dc91901b59b3fb49c3,265.5677963584306
13,9.551858354824562,2026-07-30,0x5f10a1c971b69e47e059e1dc91901b59b3fb49c3,705.7256046093736
18,12.417256058646778,2026-07-31,0x5f10a1c971b69e47e059e1dc91901b59b3fb49c3,879.0140704902511
4,1.3367425571490408,2026-08-03,0x5f10a1c971b69e47e059e1dc91901b59b3fb49c3,107.92691532629198
8,1.4023848470999205,2026-08-04,0x5f10a1c971b69e47e059e1dc91901b59b3fb49c3,127.27273696257785
4,0.010608886314237813,2026-08-05,0x5f10a1c971b69e47e059e1dc91901b59b3fb49c3,0.9949319160649498
2,0.12083782024149045,2026-08-06,0x5f10a1c971b69e47e059e1dc91901b59b3fb49c3,10.355126444234504
0,,2026-08-07,0x5f10a1c971b69e47e059e1dc91901b59b3fb49c3,
0,,2026-08-10,0x5f10a1c971b69e47e059e1dc91901b59b3fb49c3,
0,,2026-08-11,0x5f10a1c971b69e47e059e1dc91901b59b3fb49c3,
0,,2026-08-12,0x5f10a1c971b69e47e059e1dc91901b59b3fb49c3,
3,0.022095900180299992,2026-08-13,0x5f10a1c971b69e47e059e1dc91901b59b3fb49c3,2.32378491558516
0,,2026-08-14,0x5f10a1c971b69e47e059e1dc91901b59b3fb49c3,
0,,2026-08-17,0x5f10a1c971b69e47e059e1dc91901b59b3fb49c3,
3,0.3128733107142892,2026-08-18,0x5f10a1c971b69e47e059e1dc91901b59b3fb49c3,30.648446967077206
5,0.5835014199888786,2026-08-19,0x5f10a1c971b69e47e059e1dc91901b59b3fb49c3,53.62451847345727
5,0.3888638258193059,2026-08-20,0x5f10a1c971b69e47e059e1dc91901b59b3fb49c3,36.49007070192412
2,0.1314187637793226,2026-08-21,0x5f10a1c971b69e47e059e1dc91901b59b3fb49c3,11.635682388997292
5,0.3486516797927231,2026-08-24,0x5f10a1c971b69e47e059e1dc91901b59b3fb49c3,29.712980641452354
7,0.1704067352478698,2026-08-25,0x5f10a1c971b69e47e059e1dc91901b59b3fb49c3,14.754026938660203
0,,2026-08-26,0x5f10a1c971b69e47e059e1dc91901b59b3fb49c3,
3,0.001296202472262577,2026-08-27,0x5f10a1c971b69e47e059e1dc91901b59b3fb49c3,0.12055721631221201
1,0.15676361191898247,2026-08-28,0x5f10a1c971b69e47e059e1dc91901b59b3fb49c3,13.376235530104
1,0.000629793979379795,2026-07-01,0x6330d8c3178a418788df01a47479c0ce7ccf450b,0.09995180000000001
0,,2026-07-02,0x6330d8c3178a418788df01a47479c0ce7ccf450b,
2,0.08831393711439132,2026-07-06,0x6330d8c3178a418788df01a47479c0ce7ccf450b,14.707064986208
0,,2026-07-07,0x6330d8c3178a418788df01a47479c0ce7ccf450b,
0,,2026-07-08,0x6330d8c3178a418788df01a47479c0ce7ccf450b,
1,2.157512451223e-06,2026-07-09,0x6330d8c3178a418788df01a47479c0ce7ccf450b,0.003475208952
0,,2026-07-10,0x6330d8c3178a418788df01a47479c0ce7ccf450b,
0,,2026-07-13,0x6330d8c3178a418788df01a47479c0ce7ccf450b,
0,,2026-07-14,0x6330d8c3178a418788df01a47479c0ce7ccf450b,
0,,2026-07-15,0x6330d8c3178a418788df01a47479c0ce7ccf450b,
0,,2026-07-16,0x6330d8c3178a418788df01a47479c0ce7ccf450b,
4,0.005209470266303193,2026-07-17,0x6330d8c3178a418788df01a47479c0ce7ccf450b,0.14475511273900002
2,0.044589737349687686,2026-07-20,0x6330d8c3178a418788df01a47479c0ce7ccf450b,1.4334113832639999
1,0.009355022385447283,2026-07-21,0x6330d8c3178a418788df01a47479c0ce7ccf450b,1.668813140162
43,6.4243848299834205,2026-07-22,0x6330d8c3178a418788df01a47479c0ce7ccf450b,1902.3299003562913
58,71.20153898515989,2026-07-23,0x6330d8c3178a418788df01a47479c0ce7ccf450b,11537.525896134322
88,135.98604646681736,2026-07-24,0x6330d8c3178a418788df01a47479c0ce7ccf450b,21186.936562643405
98,121.91446936919942,2026-07-27,0x6330d8c3178a418788df01a47479c0ce7ccf450b,19832.131894418955
121,96.35161977187937,2026-07-28,0x6330d8c3178a418788df01a47479c0ce7ccf450b,15748.226162280467
120,70.19923963174341,2026-07-29,0x6330d8c3178a418788df01a47479c0ce7ccf450b,11682.259416618457
143,55.127130778321686,2026-07-30,0x6330d8c3178a418788df01a47479c0ce7ccf450b,8868.499775619846
74,24.07148516901817,2026-07-31,0x6330d8c3178a418788df01a47479c0ce7ccf450b,3395.6764443675675
109,88.2177147990371,2026-08-03,0x6330d8c3178a418788df01a47479c0ce7ccf450b,13017.782833254558
62,49.769885925071925,2026-08-04,0x6330d8c3178a418788df01a47479c0ce7ccf450b,7382.808086207808
83,78.58600078839109,2026-08-05,0x6330d8c3178a418788df01a47479c0ce7ccf450b,11864.9927920926
47,44.210443157450236,2026-08-06,0x6330d8c3178a418788df01a47479c0ce7ccf450b,6571.828825819915
155,190.48606873829112,2026-08-07,0x6330d8c3178a418788df01a47479c0ce7ccf450b,28972.204799205403
49,54.13510146774216,2026-08-10,0x6330d8c3178a418788df01a47479c0ce7ccf450b,8130.631591289927
149,223.67030516463484,2026-08-11,0x6330d8c3178a418788df01a47479c0ce7ccf450b,33765.74268804429
82,133.07982017567957,2026-08-12,0x6330d8c3178a418788df01a47479c0ce7ccf450b,19884.942399577667
48,83.46516891891612,2026-08-13,0x6330d8c3178a418788df01a47479c0ce7ccf450b,12548.40696325761
50,87.66185952831819,2026-08-14,0x6330d8c3178a418788df01a47479c0ce7ccf450b,13087.21698213237
52,46.50619577422223,2026-08-17,0x6330d8c3178a418788df01a47479c0ce7ccf450b,6967.224426864585
97,131.46741414651802,2026-08-18,0x6330d8c3178a418788df01a47479c0ce7ccf450b,19591.065575555964
542,793.1250818655127,2026-08-19,0x6330d8c3178a418788df01a47479c0ce7ccf450b,123406.51034285635
55,77.2662962351141,2026-08-20,0x6330d8c3178a418788df01a47479c0ce7ccf450b,13173.693603425416
130,107.18737258536179,2026-08-21,0x6330d8c3178a418788df01a47479c0ce7ccf450b,20161.051411650707
79,79.12061009117026,2026-08-24,0x6330d8c3178a418788df01a47479c0ce7ccf450b,14898.654559291572
354,351.7693273223866,2026-08-25,0x6330d8c3178a418788df01a47479c0ce7ccf450b,64983.65208599368
66,75.67508527168987,2026-08-26,0x6330d8c3178a418788df01a47479c0ce7ccf450b,13871.559946220728
127,143.79137099314485,2026-08-27,0x6330d8c3178a418788df01a47479c0ce7ccf450b,27263.88136682793
167,102.12131138013613,2026-08-28,0x6330d8c3178a418788df01a47479c0ce7ccf450b,18880.791417599434
1,0.000178921344138269,2026-07-01,0x86923f96303d656e4aa86d9d42d1e57ad2023fdc,0.09995180000000001
0,,2026-07-02,0x86923f96303d656e4aa86d9d42d1e57ad2023fdc,
3,0.02545032708818545,2026-07-06,0x86923f96303d656e4aa86d9d42d1e57ad2023fdc,13.84735305285308
21,1.8572232942794158,2026-07-07,0x86923f96303d656e4aa86d9d42d1e57ad2023fdc,961.539346475938
33,1.105957265304482,2026-07-08,0x86923f96303d656e4aa86d9d42d1e57ad2023fdc,599.2111812445717
40,0.9400379127818209,2026-07-09,0x86923f96303d656e4aa86d9d42d1e57ad2023fdc,558.7971195546163
4,0.1266359312560897,2026-07-10,0x86923f96303d656e4aa86d9d42d1e57ad2023fdc,71.08243820663
8,0.5510573959269645,2026-07-13,0x86923f96303d656e4aa86d9d42d1e57ad2023fdc,298.3009541786627
10,0.8582753876182123,2026-07-14,0x86923f96303d656e4aa86d9d42d1e57ad2023fdc,472.84528245638677
70,8.586221146373225,2026-07-15,0x86923f96303d656e4aa86d9d42d1e57ad2023fdc,4563.195221354166
27,1.4511839828626092,2026-07-16,0x86923f96303d656e4aa86d9d42d1e57ad2023fdc,744.3170282787671
29,0.7228100049936774,2026-07-17,0x86923f96303d656e4aa86d9d42d1e57ad2023fdc,351.6730288767032
27,0.9336031628322177,2026-07-20,0x86923f96303d656e4aa86d9d42d1e57ad2023fdc,476.58007289838866
12,0.40443200598537493,2026-07-21,0x86923f96303d656e4aa86d9d42d1e57ad2023fdc,211.995785819264
1414,225.3951425716066,2026-07-22,0x86923f96303d656e4aa86d9d42d1e57ad2023fdc,126141.6363971871
90,13.666747906855182,2026-07-23,0x86923f96303d656e4aa86d9d42d1e57ad2023fdc,7550.345373266896
480,67.55719680808333,2026-07-24,0x86923f96303d656e4aa86d9d42d1e57ad2023fdc,35936.71901393233
184,44.483678713914586,2026-07-27,0x86923f96303d656e4aa86d9d42d1e57ad2023fdc,21998.61593366257
114,10.973491073647734,2026-07-28,0x86923f96303d656e4aa86d9d42d1e57ad2023fdc,4910.723210866761
88,7.434637758030629,2026-07-29,0x86923f96303d656e4aa86d9d42d1e57ad2023fdc,3233.0628504058645
185,23.145580847720684,2026-07-30,0x86923f96303d656e4aa86d9d42d1e57ad2023fdc,11318.68265412061
88,18.09283563464409,2026-07-31,0x86923f96303d656e4aa86d9d42d1e57ad2023fdc,8834.044158838755
107,13.42682742677672,2026-08-03,0x86923f96303d656e4aa86d9d42d1e57ad2023fdc,6435.886962178196
42,2.157339279517243,2026-08-04,0x86923f96303d656e4aa86d9d42d1e57ad2023fdc,1111.1364357689467
145,33.519989063277855,2026-08-05,0x86923f96303d656e4aa86d9d42d1e57ad2023fdc,16315.83862533781
80,10.29825948115038,2026-08-06,0x86923f96303d656e4aa86d9d42d1e57ad2023fdc,5025.16037668792
57,5.254532888285896,2026-08-07,0x86923f96303d656e4aa86d9d42d1e57ad2023fdc,2516.7672284663017
87,8.442335627212127,2026-08-10,0x86923f96303d656e4aa86d9d42d1e57ad2023fdc,4066.7022920612917
28,2.9428825835852015,2026-08-11,0x86923f96303d656e4aa86d9d42d1e57ad2023fdc,1390.320179214219
75,15.423845987423784,2026-08-12,0x86923f96303d656e4aa86d9d42d1e57ad2023fdc,7542.862424340137
40,6.294037024528502,2026-08-13,0x86923f96303d656e4aa86d9d42d1e57ad2023fdc,3118.1854667545367
136,33.68209220886771,2026-08-14,0x86923f96303d656e4aa86d9d42d1e57ad2023fdc,16950.670530079875
55,3.7985663681955173,2026-08-17,0x86923f96303d656e4aa86d9d42d1e57ad2023fdc,1944.8946467919102
182,19.17397994515131,2026-08-18,0x86923f96303d656e4aa86d9d42d1e57ad2023fdc,9210.637444765658
166,24.765843376215425,2026-08-19,0x86923f96303d656e4aa86d9d42d1e57ad2023fdc,11574.971793851379
47,3.7776769771070104,2026-08-20,0x86923f96303d656e4aa86d9d42d1e57ad2023fdc,1768.013632581957
103,10.960572037626903,2026-08-21,0x86923f96303d656e4aa86d9d42d1e57ad2023fdc,5102.472463115014
83,16.4559651719066,2026-08-24,0x86923f96303d656e4aa86d9d42d1e57ad2023fdc,7523.165556038001
111,13.851766945003737,2026-08-25,0x86923f96303d656e4aa86d9d42d1e57ad2023fdc,6577.99547283812
500,42.553897714111564,2026-08-26,0x86923f96303d656e4aa86d9d42d1e57ad2023fdc,20585.23508990954
107,10.434872476076588,2026-08-27,0x86923f96303d656e4aa86d9d42d1e57ad2023fdc,4980.5849556048615
268,19.760150351133554,2026-08-28,0x86923f96303d656e4aa86d9d42d1e57ad2023fdc,9392.205001688251
1,0.000773882608225958,2026-07-01,0x894e1ec2d74ffe5aef8dc8a9e84686accb964f2a,0.09995180000000001
0,,2026-07-02,0x894e1ec2d74ffe5aef8dc8a9e84686accb964f2a,
0,,2026-07-06,0x894e1ec2d74ffe5aef8dc8a9e84686accb964f2a,
0,,2026-07-07,0x894e1ec2d74ffe5aef8dc8a9e84686accb964f2a,
0,,2026-07-08,0x894e1ec2d74ffe5aef8dc8a9e84686accb964f2a,
8,0.18642217533957753,2026-07-09,0x894e1ec2d74ffe5aef8dc8a9e84686accb964f2a,22.49287891014401
2,0.25256202723846766,2026-07-10,0x894e1ec2d74ffe5aef8dc8a9e84686accb964f2a,30.88147038187478
9,1.8464788939037464,2026-07-13,0x894e1ec2d74ffe5aef8dc8a9e84686accb964f2a,237.00059772643215
11,2.296918127829019,2026-07-14,0x894e1ec2d74ffe5aef8dc8a9e84686accb964f2a,302.95421041618135
22,4.0847810566807325,2026-07-15,0x894e1ec2d74ffe5aef8dc8a9e84686accb964f2a,558.870293381947
13,2.103732498355554,2026-07-16,0x894e1ec2d74ffe5aef8dc8a9e84686accb964f2a,277.89227596129797
11,0.907775384490997,2026-07-17,0x894e1ec2d74ffe5aef8dc8a9e84686accb964f2a,118.35706147093325
17,0.522193772603366,2026-07-20,0x894e1ec2d74ffe5aef8dc8a9e84686accb964f2a,68.81211494229758
18,1.2490272738607202,2026-07-21,0x894e1ec2d74ffe5aef8dc8a9e84686accb964f2a,164.42728412696573
1012,914.0284031806708,2026-07-22,0x894e1ec2d74ffe5aef8dc8a9e84686accb964f2a,117778.90710738755
166,327.3294693717931,2026-07-23,0x894e1ec2d74ffe5aef8dc8a9e84686accb964f2a,40384.42157898172
89,138.64706273058573,2026-07-24,0x894e1ec2d74ffe5aef8dc8a9e84686accb964f2a,17148.5020041994
35,11.347752191919422,2026-07-27,0x894e1ec2d74ffe5aef8dc8a9e84686accb964f2a,1445.3591158612326
96,92.07487643866604,2026-07-28,0x894e1ec2d74ffe5aef8dc8a9e84686accb964f2a,11056.565847655595
11,1.6291216311875887,2026-07-29,0x894e1ec2d74ffe5aef8dc8a9e84686accb964f2a,201.22090842602023
68,27.891147641331823,2026-07-30,0x894e1ec2d74ffe5aef8dc8a9e84686accb964f2a,3398.13492472854
77,74.47046888244338,2026-07-31,0x894e1ec2d74ffe5aef8dc8a9e84686accb964f2a,8994.927995207034
60,39.70696033001883,2026-08-03,0x894e1ec2d74ffe5aef8dc8a9e84686accb964f2a,4972.336838120759
92,9.363038104844884,2026-08-04,0x894e1ec2d74ffe5aef8dc8a9e84686accb964f2a,1459.3652369858237
57,19.511591579741676,2026-08-05,0x894e1ec2d74ffe5aef8dc8a9e84686accb964f2a,3145.1257268655645
92,80.23300583912753,2026-08-06,0x894e1ec2d74ffe5aef8dc8a9e84686accb964f2a,12549.036776246123
62,19.340498987320064,2026-08-07,0x894e1ec2d74ffe5aef8dc8a9e84686accb964f2a,3277.9630727791323
60,34.22915884270838,2026-08-10,0x894e1ec2d74ffe5aef8dc8a9e84686accb964f2a,6078.277746811235
38,20.600138918854864,2026-08-11,0x894e1ec2d74ffe5aef8dc8a9e84686accb964f2a,3647.4350150024784
40,38.964379443384445,2026-08-12,0x894e1ec2d74ffe5aef8dc8a9e84686accb964f2a,6609.948714827035
41,25.64084865130058,2026-08-13,0x894e1ec2d74ffe5aef8dc8a9e84686accb964f2a,4497.609476173159
33,12.041060465286751,2026-08-14,0x894e1ec2d74ffe5aef8dc8a9e84686accb964f2a,2139.393847203909
58,23.34811766110483,2026-08-17,0x894e1ec2d74ffe5aef8dc8a9e84686accb964f2a,4082.850544398723
45,28.193185069493676,2026-08-18,0x894e1ec2d74ffe5aef8dc8a9e84686accb964f2a,4876.02270657542
69,43.40146162083435,2026-08-19,0x894e1ec2d74ffe5aef8dc8a9e84686accb964f2a,7436.321478784165
34,3.5283540052001334,2026-08-20,0x894e1ec2d74ffe5aef8dc8a9e84686accb964f2a,615.7226592057615
60,28.218590649058417,2026-08-21,0x894e1ec2d74ffe5aef8dc8a9e84686accb964f2a,4936.642854253172
103,58.09485582837583,2026-08-24,0x894e1ec2d74ffe5aef8dc8a9e84686accb964f2a,10176.915968672236
120,76.94272457570322,2026-08-25,0x894e1ec2d74ffe5aef8dc8a9e84686accb964f2a,13506.368639550334
82,80.3248267215298,2026-08-26,0x894e1ec2d74ffe5aef8dc8a9e84686accb964f2a,14030.440461946868
2139,958.0816074804721,2026-08-27,0x894e1ec2d74ffe5aef8dc8a9e84686accb964f2a,178030.8234269058
225,118.80883769325334,2026-08-28,0x894e1ec2d74ffe5aef8dc8a9e84686accb964f2a,21983.257268993108
1,0.000981073489790837,2026-07-01,0x92fd66527192e3e61d4ddd13322aa222de86f9b5,0.09995180000000001
0,,2026-07-02,0x92fd66527192e3e61d4ddd13322aa222de86f9b5,
0,,2026-07-06,0x92fd66527192e3e61d4ddd13322aa222de86f9b5,
0,,2026-07-07,0x92fd66527192e3e61d4ddd13322aa222de86f9b5,
0,,2026-07-08,0x92fd66527192e3e61d4ddd13322aa222de86f9b5,
1,0.7320504707496562,2026-07-09,0x92fd66527192e3e61d4ddd13322aa222de86f9b5,73.561649251818
0,,2026-07-10,0x92fd66527192e3e61d4ddd13322aa222de86f9b5,
0,,2026-07-13,0x92fd66527192e3e61d4ddd13322aa222de86f9b5,
0,,2026-07-14,0x92fd66527192e3e61d4ddd13322aa222de86f9b5,
0,,2026-07-15,0x92fd66527192e3e61d4ddd13322aa222de86f9b5,
1,0.1591204100616909,2026-07-16,0x92fd66527192e3e61d4ddd13322aa222de86f9b5,15.998017968000001
0,,2026-07-17,0x92fd66527192e3e61d4ddd13322aa222de86f9b5,
0,,2026-07-20,0x92fd66527192e3e61d4ddd13322aa222de86f9b5,
0,,2026-07-21,0x92fd66527192e3e61d4ddd13322aa222de86f9b5,
0,,2026-07-22,0x92fd66527192e3e61d4ddd13322aa222de86f9b5,
0,,2026-07-23,0x92fd66527192e3e61d4ddd13322aa222de86f9b5,
0,,2026-07-24,0x92fd66527192e3e61d4ddd13322aa222de86f9b5,
0,,2026-07-27,0x92fd66527192e3e61d4ddd13322aa222de86f9b5,
0,,2026-07-28,0x92fd66527192e3e61d4ddd13322aa222de86f9b5,
1,0.003363056267564017,2026-07-29,0x92fd66527192e3e61d4ddd13322aa222de86f9b5,0.33819121792
0,,2026-07-30,0x92fd66527192e3e61d4ddd13322aa222de86f9b5,
0,,2026-07-31,0x92fd66527192e3e61d4ddd13322aa222de86f9b5,
11,21.91113009587767,2026-08-03,0x92fd66527192e3e61d4ddd13322aa222de86f9b5,2210.169967063261
0,,2026-08-04,0x92fd66527192e3e61d4ddd13322aa222de86f9b5,
0,,2026-08-05,0x92fd66527192e3e61d4ddd13322aa222de86f9b5,
0,,2026-08-06,0x92fd66527192e3e61d4ddd13322aa222de86f9b5,
0,,2026-08-07,0x92fd66527192e3e61d4ddd13322aa222de86f9b5,
0,,2026-08-10,0x92fd66527192e3e61d4ddd13322aa222de86f9b5,
1,0.003076414240027254,2026-08-11,0x92fd66527192e3e61d4ddd13322aa222de86f9b5,0.3100680223100001
1,0.005492032721433143,2026-08-12,0x92fd66527192e3e61d4ddd13322aa222de86f9b5,0.553634812186
2,1.0054816271305211,2026-08-13,0x92fd66527192e3e61d4ddd13322aa222de86f9b5,100.76002799432099
2,0.06638797197752284,2026-08-14,0x92fd66527192e3e61d4ddd13322aa222de86f9b5,6.649850363191
7,0.11219415780690895,2026-08-17,0x92fd66527192e3e61d4ddd13322aa222de86f9b5,11.29159593916
0,,2026-08-18,0x92fd66527192e3e61d4ddd13322aa222de86f9b5,
0,,2026-08-19,0x92fd66527192e3e61d4ddd13322aa222de86f9b5,
1,0.00389218,2026-08-20,0x92fd66527192e3e61d4ddd13322aa222de86f9b5,0.39026844341999994
4,0.16520522431233772,2026-08-21,0x92fd66527192e3e61d4ddd13322aa222de86f9b5,16.663302847185
0,,2026-08-24,0x92fd66527192e3e61d4ddd13322aa222de86f9b5,
0,,2026-08-25,0x92fd66527192e3e61d4ddd13322aa222de86f9b5,
0,,2026-08-26,0x92fd66527192e3e61d4ddd13322aa222de86f9b5,
1,0.008012050235350988,2026-08-27,0x92fd66527192e3e61d4ddd13322aa222de86f9b5,0.804450791496
2,0.32154264297530716,2026-08-28,0x92fd66527192e3e61d4ddd13322aa222de86f9b5,32.47024920331
0,,2026-07-01,0x941ae714ec6d8130c7b75d67160ca08f1e7d11dd,
0,,2026-07-02,0x941ae714ec6d8130c7b75d67160ca08f1e7d11dd,
0,,2026-07-06,0x941ae714ec6d8130c7b75d67160ca08f1e7d11dd,
0,,2026-07-07,0x941ae714ec6d8130c7b75d67160ca08f1e7d11dd,
0,,2026-07-08,0x941ae714ec6d8130c7b75d67160ca08f1e7d11dd,
0,,2026-07-09,0x941ae714ec6d8130c7b75d67160ca08f1e7d11dd,
0,,2026-07-10,0x941ae714ec6d8130c7b75d67160ca08f1e7d11dd,
4,1.610973087612e-05,2026-07-13,0x941ae714ec6d8130c7b75d67160ca08f1e7d11dd,0.0065123071759999995
0,,2026-07-14,0x941ae714ec6d8130c7b75d67160ca08f1e7d11dd,
0,,2026-07-15,0x941ae714ec6d8130c7b75d67160ca08f1e7d11dd,
0,,2026-07-16,0x941ae714ec6d8130c7b75d67160ca08f1e7d11dd,
3,1.3983773932033126,2026-07-17,0x941ae714ec6d8130c7b75d67160ca08f1e7d11dd,540.533285468358
7,1.5996137423852324,2026-07-20,0x941ae714ec6d8130c7b75d67160ca08f1e7d11dd,635.00505903785
0,,2026-07-21,0x941ae714ec6d8130c7b75d67160ca08f1e7d11dd,
2,0.05635440663252617,2026-07-22,0x941ae714ec6d8130c7b75d67160ca08f1e7d11dd,23.002909335244894
8,0.5387842118579727,2026-07-23,0x941ae714ec6d8130c7b75d67160ca08f1e7d11dd,238.38010849013003
1,0.042539077281477614,2026-07-24,0x941ae714ec6d8130c7b75d67160ca08f1e7d11dd,18.75668613588
14,3.5810018257773564,2026-07-27,0x941ae714ec6d8130c7b75d67160ca08f1e7d11dd,1511.9293782202712
10,2.525735237062436,2026-07-28,0x941ae714ec6d8130c7b75d67160ca08f1e7d11dd,942.019991150404
27,6.742243412160119,2026-07-29,0x941ae714ec6d8130c7b75d67160ca08f1e7d11dd,2560.9130650065254
1,0.013683526893390025,2026-07-30,0x941ae714ec6d8130c7b75d67160ca08f1e7d11dd,5.6288849961850005
26,7.436597973169103,2026-07-31,0x941ae714ec6d8130c7b75d67160ca08f1e7d11dd,3062.999301909072
8,19.255702041022296,2026-08-03,0x941ae714ec6d8130c7b75d67160ca08f1e7d11dd,7938.842988237611
2,0.02958859949340223,2026-08-04,0x941ae714ec6d8130c7b75d67160ca08f1e7d11dd,13.26189319593
1,0.057337895566103275,2026-08-05,0x941ae714ec6d8130c7b75d67160ca08f1e7d11dd,27.174363017652
15,9.4446359636998,2026-08-06,0x941ae714ec6d8130c7b75d67160ca08f1e7d11dd,4252.89985
6,2.412584108274341,2026-08-07,0x941ae714ec6d8130c7b75d67160ca08f1e7d11dd,1028.418322229988
6,5.953557880735123,2026-08-10,0x941ae714ec6d8130c7b75d67160ca08f1e7d11dd,2799.3744
4,0.6389975418413858,2026-08-11,0x941ae714ec6d8130c7b75d67160ca08f1e7d11dd,283.88826457073503
0,,2026-08-12,0x941ae714ec6d8130c7b75d67160ca08f1e7d11dd,
7,6.395646650463059,2026-08-13,0x941ae714ec6d8130c7b75d67160ca08f1e7d11dd,3200.735697483734
1,0.004268429967531485,2026-08-14,0x941ae714ec6d8130c7b75d67160ca08f1e7d11dd,2.0904136327930005
5,5.182994073943051,2026-08-17,0x941ae714ec6d8130c7b75d67160ca08f1e7d11dd,2450.810184154592
18,13.742242092371791,2026-08-18,0x941ae714ec6d8130c7b75d67160ca08f1e7d11dd,6458.397366210716
6,0.49081892303638075,2026-08-19,0x941ae714ec6d8130c7b75d67160ca08f1e7d11dd,213.3296571881128
8,2.964577017334526,2026-08-20,0x941ae714ec6d8130c7b75d67160ca08f1e7d11dd,1302.491970681643
3,3.0096945448159502,2026-08-21,0x941ae714ec6d8130c7b75d67160ca08f1e7d11dd,1300.114594700343
5,2.716787004752785,2026-08-24,0x941ae714ec6d8130c7b75d67160ca08f1e7d11dd,1151.9232439282298
0,,2026-08-25,0x941ae714ec6d8130c7b75d67160ca08f1e7d11dd,
5,0.5595487208139073,2026-08-26,0x941ae714ec6d8130c7b75d67160ca08f1e7d11dd,259.76520121192004
0,,2026-08-27,0x941ae714ec6d8130c7b75d67160ca08f1e7d11dd,
1480,298.3909726603708,2026-08-28,0x941ae714ec6d8130c7b75d67160ca08f1e7d11dd,158491.8649142015
0,,2026-07-01,0xa30fa36db767ad9ed3f7a60fc79526fb4d56d344,
0,,2026-07-02,0xa30fa36db767ad9ed3f7a60fc79526fb4d56d344,
0,,2026-07-06,0xa30fa36db767ad9ed3f7a60fc79526fb4d56d344,
0,,2026-07-07,0xa30fa36db767ad9ed3f7a60fc79526fb4d56d344,
0,,2026-07-08,0xa30fa36db767ad9ed3f7a60fc79526fb4d56d344,
0,,2026-07-09,0xa30fa36db767ad9ed3f7a60fc79526fb4d56d344,
0,,2026-07-10,0xa30fa36db767ad9ed3f7a60fc79526fb4d56d344,
0,,2026-07-13,0xa30fa36db767ad9ed3f7a60fc79526fb4d56d344,
0,,2026-07-14,0xa30fa36db767ad9ed3f7a60fc79526fb4d56d344,
0,,2026-07-15,0xa30fa36db767ad9ed3f7a60fc79526fb4d56d344,
0,,2026-07-16,0xa30fa36db767ad9ed3f7a60fc79526fb4d56d344,
0,,2026-07-17,0xa30fa36db767ad9ed3f7a60fc79526fb4d56d344,
2,0.12515011508232982,2026-07-20,0xa30fa36db767ad9ed3f7a60fc79526fb4d56d344,15.178920282730001
1,0.6802099746653513,2026-07-21,0xa30fa36db767ad9ed3f7a60fc79526fb4d56d344,87.82924611850099
3,0.36531175156005935,2026-07-22,0xa30fa36db767ad9ed3f7a60fc79526fb4d56d344,47.29329127109099
13,1.944957778754811,2026-07-23,0xa30fa36db767ad9ed3f7a60fc79526fb4d56d344,267.486051081733
1,0.013955329670538303,2026-07-24,0xa30fa36db767ad9ed3f7a60fc79526fb4d56d344,1.847002501872
17,32.57460851821128,2026-07-27,0xa30fa36db767ad9ed3f7a60fc79526fb4d56d344,4127.124323400431
2,0.04748360371176308,2026-07-28,0xa30fa36db767ad9ed3f7a60fc79526fb4d56d344,5.831090110084
25,18.426944310873218,2026-07-29,0xa30fa36db767ad9ed3f7a60fc79526fb4d56d344,2386.769978345119
5,2.352969245949535,2026-07-30,0xa30fa36db767ad9ed3f7a60fc79526fb4d56d344,301.083225002116
16,5.5711699942060715,2026-07-31,0xa30fa36db767ad9ed3f7a60fc79526fb4d56d344,723.1181986552834
204,455.01180320962527,2026-08-03,0xa30fa36db767ad9ed3f7a60fc79526fb4d56d344,55008.88214303196
33,24.10252985323865,2026-08-04,0xa30fa36db767ad9ed3f7a60fc79526fb4d56d344,2809.9971592599036
48,37.75555339292663,2026-08-05,0xa30fa36db767ad9ed3f7a60fc79526fb4d56d344,4323.051436271288
34,27.180757364505435,2026-08-06,0xa30fa36db767ad9ed3f7a60fc79526fb4d56d344,3171.6431802894276
34,42.275935660650674,2026-08-07,0xa30fa36db767ad9ed3f7a60fc79526fb4d56d344,5007.917573281898
398,922.291894197403,2026-08-10,0xa30fa36db767ad9ed3f7a60fc79526fb4d56d344,113399.56031258745
403,878.2476139717918,2026-08-11,0xa30fa36db767ad9ed3f7a60fc79526fb4d56d344,110377.24697309738
200,383.491252313762,2026-08-12,0xa30fa36db767ad9ed3f7a60fc79526fb4d56d344,48629.23082656738
461,893.8250052686125,2026-08-13,0xa30fa36db767ad9ed3f7a60fc79526fb4d56d344,110902.92605080255
44,337.79568991328085,2026-08-14,0xa30fa36db767ad9ed3f7a60fc79526fb4d56d344,42314.51306990878
40,223.4693646262661,2026-08-17,0xa30fa36db767ad9ed3f7a60fc79526fb4d56d344,28332.41856037285
58,190.34670840395154,2026-08-18,0xa30fa36db767ad9ed3f7a60fc79526fb4d56d344,24870.82256950115
65,290.18095734449275,2026-08-19,0xa30fa36db767ad9ed3f7a60fc79526fb4d56d344,38243.1489194968
84,400.59477781294856,2026-08-20,0xa30fa36db767ad9ed3f7a60fc79526fb4d56d344,53618.798685259484
30,109.25965902625195,2026-08-21,0xa30fa36db767ad9ed3f7a60fc79526fb4d56d344,14673.874098475864
57,342.2105685376131,2026-08-24,0xa30fa36db767ad9ed3f7a60fc79526fb4d56d344,45245.56506818644
43,178.4802095611139,2026-08-25,0xa30fa36db767ad9ed3f7a60fc79526fb4d56d344,22949.577652190146
31,102.77831983951674,2026-08-26,0xa30fa36db767ad9ed3f7a60fc79526fb4d56d344,13069.935500803947
76,503.3900728734803,2026-08-27,0xa30fa36db767ad9ed3f7a60fc79526fb4d56d344,64643.22118763351
34,91.74223321623342,2026-08-28,0xa30fa36db767ad9ed3f7a60fc79526fb4d56d344,11833.362172257504
1,0.000334282828938437,2026-07-01,0xaf3d76f1834a1d425780943c99ea8a608f8a93f9,0.09995180000000001
0,,2026-07-02,0xaf3d76f1834a1d425780943c99ea8a608f8a93f9,
4,0.0475244022455316,2026-07-06,0xaf3d76f1834a1d425780943c99ea8a608f8a93f9,14.766904409028887
16,0.6955339871877276,2026-07-07,0xaf3d76f1834a1d425780943c99ea8a608f8a93f9,223.8018902854795
36,2.504998594345596,2026-07-08,0xaf3d76f1834a1d425780943c99ea8a608f8a93f9,814.3630253913005
96,24.920801296247916,2026-07-09,0xaf3d76f1834a1d425780943c99ea8a608f8a93f9,7677.477805415439
42,2.431248441283032,2026-07-10,0xaf3d76f1834a1d425780943c99ea8a608f8a93f9,746.0218395430536
24,4.297598311764774,2026-07-13,0xaf3d76f1834a1d425780943c99ea8a608f8a93f9,1381.1103005316706
22,0.5023096742326256,2026-07-14,0xaf3d76f1834a1d425780943c99ea8a608f8a93f9,157.63795981506686
90,29.48424990315858,2026-07-15,0xaf3d76f1834a1d425780943c99ea8a608f8a93f9,9523.913870104698
49,5.183468703326812,2026-07-16,0xaf3d76f1834a1d425780943c99ea8a608f8a93f9,1710.955297337191
99,45.715269348790486,2026-07-17,0xaf3d76f1834a1d425780943c99ea8a608f8a93f9,15229.777256029745
73,20.911452789685313,2026-07-20,0xaf3d76f1834a1d425780943c99ea8a608f8a93f9,6844.657443002931
108,100.02238392381791,2026-07-21,0xaf3d76f1834a1d425780943c99ea8a608f8a93f9,32495.04357566844
2706,1241.6056250344534,2026-07-22,0xaf3d76f1834a1d425780943c99ea8a608f8a93f9,404861.8173286293
403,140.23038266925812,2026-07-23,0xaf3d76f1834a1d425780943c99ea8a608f8a93f9,45136.55966088574
607,199.99381292194565,2026-07-24,0xaf3d76f1834a1d425780943c99ea8a608f8a93f9,65772.94907783887
144,58.286268816088004,2026-07-27,0xaf3d76f1834a1d425780943c99ea8a608f8a93f9,19648.79653676867
411,190.21859233401966,2026-07-28,0xaf3d76f1834a1d425780943c99ea8a608f8a93f9,64148.68765661123
359,66.54801233568371,2026-07-29,0xaf3d76f1834a1d425780943c99ea8a608f8a93f9,22728.896637595193
205,97.66029364875234,2026-07-30,0xaf3d76f1834a1d425780943c99ea8a608f8a93f9,32339.765052088536
289,104.73110599449743,2026-07-31,0xaf3d76f1834a1d425780943c99ea8a608f8a93f9,31669.91227080654
357,171.96068542768853,2026-08-03,0xaf3d76f1834a1d425780943c99ea8a608f8a93f9,52596.81628118306
455,182.5400972385036,2026-08-04,0xaf3d76f1834a1d425780943c99ea8a608f8a93f9,55841.39597898743
572,302.84860634557526,2026-08-05,0xaf3d76f1834a1d425780943c99ea8a608f8a93f9,93601.86172686497
968,385.83571578892617,2026-08-06,0xaf3d76f1834a1d425780943c99ea8a608f8a93f9,121326.3601518653
321,142.8501187302822,2026-08-07,0xaf3d76f1834a1d425780943c99ea8a608f8a93f9,44791.30025375547
164,34.274743491811535,2026-08-10,0xaf3d76f1834a1d425780943c99ea8a608f8a93f9,10521.331464258115
264,75.86342317898446,2026-08-11,0xaf3d76f1834a1d425780943c99ea8a608f8a93f9,23284.59155827624
237,121.29135270644952,2026-08-12,0xaf3d76f1834a1d425780943c99ea8a608f8a93f9,36827.509615604176
277,158.64845890192382,2026-08-13,0xaf3d76f1834a1d425780943c99ea8a608f8a93f9,48443.93452935214
308,117.01614369991218,2026-08-14,0xaf3d76f1834a1d425780943c99ea8a608f8a93f9,35756.416827628054
332,82.64862476236249,2026-08-17,0xaf3d76f1834a1d425780943c99ea8a608f8a93f9,25201.09594650427
533,378.11339702070194,2026-08-18,0xaf3d76f1834a1d425780943c99ea8a608f8a93f9,117286.98015732905
642,311.6858020975231,2026-08-19,0xaf3d76f1834a1d425780943c99ea8a608f8a93f9,98636.64254518205
278,69.88610572698204,2026-08-20,0xaf3d76f1834a1d425780943c99ea8a608f8a93f9,22144.23013545844
378,109.09056897204523,2026-08-21,0xaf3d76f1834a1d425780943c99ea8a608f8a93f9,33634.34084460778
442,140.21837600456612,2026-08-24,0xaf3d76f1834a1d425780943c99ea8a608f8a93f9,43870.58931993908
384,149.7650749844025,2026-08-25,0xaf3d76f1834a1d425780943c99ea8a608f8a93f9,46412.54252026767
3536,1973.1584319170736,2026-08-26,0xaf3d76f1834a1d425780943c99ea8a608f8a93f9,617029.3493114434
642,345.1513214664324,2026-08-27,0xaf3d76f1834a1d425780943c99ea8a608f8a93f9,107679.74530441241
985,478.4700788532042,2026-08-28,0xaf3d76f1834a1d425780943c99ea8a608f8a93f9,152204.18598973277
1,0.000675813230703258,2026-07-01,0xb0992820e760d836549ba69bc7598b4af75dee03,0.09995180000000001
0,,2026-07-02,0xb0992820e760d836549ba69bc7598b4af75dee03,
0,,2026-07-06,0xb0992820e760d836549ba69bc7598b4af75dee03,
0,,2026-07-07,0xb0992820e760d836549ba69bc7598b4af75dee03,
0,,2026-07-08,0xb0992820e760d836549ba69bc7598b4af75dee03,
0,,2026-07-09,0xb0992820e760d836549ba69bc7598b4af75dee03,
0,,2026-07-10,0xb0992820e760d836549ba69bc7598b4af75dee03,
0,,2026-07-13,0xb0992820e760d836549ba69bc7598b4af75dee03,
0,,2026-07-14,0xb0992820e760d836549ba69bc7598b4af75dee03,
1,0.015767533250449602,2026-07-15,0xb0992820e760d836549ba69bc7598b4af75dee03,1.99080185424
1,0.09363247530082329,2026-07-16,0xb0992820e760d836549ba69bc7598b4af75dee03,11.906169567533999
9,0.43004911029856974,2026-07-17,0xb0992820e760d836549ba69bc7598b4af75dee03,54.079164874765006
11,2.75690658082074,2026-07-20,0xb0992820e760d836549ba69bc7598b4af75dee03,334.19352223982486
4,0.6825799573504494,2026-07-21,0xb0992820e760d836549ba69bc7598b4af75dee03,84.701723718317
2,0.17560871936338246,2026-07-22,0xb0992820e760d836549ba69bc7598b4af75dee03,23.684115960501916
2,0.1407620061453152,2026-07-23,0xb0992820e760d836549ba69bc7598b4af75dee03,17.108871745604
20,2.469358034197188,2026-07-24,0xb0992820e760d836549ba69bc7598b4af75dee03,288.70112898597
11,4.195195876843732,2026-07-27,0xb0992820e760d836549ba69bc7598b4af75dee03,503.07505054422734
4,1.3382294003365207,2026-07-28,0xb0992820e760d836549ba69bc7598b4af75dee03,153.83370445774392
0,,2026-07-29,0xb0992820e760d836549ba69bc7598b4af75dee03,
11,3.705613823162284,2026-07-30,0xb0992820e760d836549ba69bc7598b4af75dee03,472.71930643996296
11,4.1035622822063935,2026-07-31,0xb0992820e760d836549ba69bc7598b4af75dee03,519.913461331751
5,1.603423132577692,2026-08-03,0xb0992820e760d836549ba69bc7598b4af75dee03,213.01858737987195
9,1.565165937395785,2026-08-04,0xb0992820e760d836549ba69bc7598b4af75dee03,226.47096622613898
0,,2026-08-05,0xb0992820e760d836549ba69bc7598b4af75dee03,
12,1.6751312338777278,2026-08-06,0xb0992820e760d836549ba69bc7598b4af75dee03,243.48679536419598
0,,2026-08-07,0xb0992820e760d836549ba69bc7598b4af75dee03,
4,3.897275817016231,2026-08-10,0xb0992820e760d836549ba69bc7598b4af75dee03,566.378988298187
2,0.001095837839648706,2026-08-11,0xb0992820e760d836549ba69bc7598b4af75dee03,0.15895355331
1,0.007588018678827611,2026-08-12,0xb0992820e760d836549ba69bc7598b4af75dee03,1.1157440465889998
4,0.09814988208096377,2026-08-13,0xb0992820e760d836549ba69bc7598b4af75dee03,15.488521270317266
1,0.06508851457824881,2026-08-14,0xb0992820e760d836549ba69bc7598b4af75dee03,9.751610979264
4,0.11912833490110618,2026-08-17,0xb0992820e760d836549ba69bc7598b4af75dee03,17.402289894335286
6,1.4540114225118974,2026-08-18,0xb0992820e760d836549ba69bc7598b4af75dee03,201.74781959964918
3,0.2445647445510129,2026-08-19,0xb0992820e760d836549ba69bc7598b4af75dee03,35.02892355126031
0,,2026-08-20,0xb0992820e760d836549ba69bc7598b4af75dee03,
1,6.8074322487418e-05,2026-08-21,0xb0992820e760d836549ba69bc7598b4af75dee03,0.009531615874290663
3,0.06710195345574926,2026-08-24,0xb0992820e760d836549ba69bc7598b4af75dee03,10.14638732093959
0,,2026-08-25,0xb0992820e760d836549ba69bc7598b4af75dee03,
0,,2026-08-26,0xb0992820e760d836549ba69bc7598b4af75dee03,
0,,2026-08-27,0xb0992820e760d836549ba69bc7598b4af75dee03,
2,0.03267407661523115,2026-08-28,0xb0992820e760d836549ba69bc7598b4af75dee03,4.906322941266816
1,4.8577096402327e-05,2026-07-01,0xb90a19ff0af67f7779aff50a882a9cff42446400,0.09995180000000001
2,0.000499286987530666,2026-07-02,0xb90a19ff0af67f7779aff50a882a9cff42446400,1.98821822183
0,,2026-07-06,0xb90a19ff0af67f7779aff50a882a9cff42446400,
0,,2026-07-07,0xb90a19ff0af67f7779aff50a882a9cff42446400,
0,,2026-07-08,0xb90a19ff0af67f7779aff50a882a9cff42446400,
2,0.000858442931348958,2026-07-09,0xb90a19ff0af67f7779aff50a882a9cff42446400,1.567564564943
1,0.000882600422741114,2026-07-10,0xb90a19ff0af67f7779aff50a882a9cff42446400,1.61548313598
0,,2026-07-13,0xb90a19ff0af67f7779aff50a882a9cff42446400,
5,0.09019325327087822,2026-07-14,0xb90a19ff0af67f7779aff50a882a9cff42446400,155.907869617714
18,0.37200676869763977,2026-07-15,0xb90a19ff0af67f7779aff50a882a9cff42446400,589.3087125074871
4,0.045038026445465895,2026-07-16,0xb90a19ff0af67f7779aff50a882a9cff42446400,68.564041414497
4,0.002074282724190245,2026-07-17,0xb90a19ff0af67f7779aff50a882a9cff42446400,2.3029252041040005
6,0.0762146359969761,2026-07-20,0xb90a19ff0af67f7779aff50a882a9cff42446400,107.154528875772
5,0.054017569903921356,2026-07-21,0xb90a19ff0af67f7779aff50a882a9cff42446400,81.313559817438
44,5.817306069455051,2026-07-22,0xb90a19ff0af67f7779aff50a882a9cff42446400,9286.328768014082
33,10.054160385996628,2026-07-23,0xb90a19ff0af67f7779aff50a882a9cff42446400,16451.182515002667
60,8.470416236559299,2026-07-24,0xb90a19ff0af67f7779aff50a882a9cff42446400,12541.180941846145
123,12.834953287341142,2026-07-27,0xb90a19ff0af67f7779aff50a882a9cff42446400,16412.53662772154
161,8.11363695994855,2026-07-28,0xb90a19ff0af67f7779aff50a882a9cff42446400,8832.43210374525
127,24.016788455407884,2026-07-29,0xb90a19ff0af67f7779aff50a882a9cff42446400,24925.706687619306
125,21.67363556891293,2026-07-30,0xb90a19ff0af67f7779aff50a882a9cff42446400,26734.394397232547
170,35.559583849631466,2026-07-31,0xb90a19ff0af67f7779aff50a882a9cff42446400,43420.61433084519
181,82.68375427599884,2026-08-03,0xb90a19ff0af67f7779aff50a882a9cff42446400,101974.59970994042
23,2.0079066254951963,2026-08-04,0xb90a19ff0af67f7779aff50a882a9cff42446400,2756.9217504264248
110,40.01513135601909,2026-08-05,0xb90a19ff0af67f7779aff50a882a9cff42446400,55634.99312695354
77,23.51563916668672,2026-08-06,0xb90a19ff0af67f7779aff50a882a9cff42446400,29984.85425447917
88,17.378301113514706,2026-08-07,0xb90a19ff0af67f7779aff50a882a9cff42446400,20928.153431984552
131,31.168781558120205,2026-08-10,0xb90a19ff0af67f7779aff50a882a9cff42446400,39119.398910954325
164,31.362619933344714,2026-08-11,0xb90a19ff0af67f7779aff50a882a9cff42446400,39386.7635470193
111,12.110147879889185,2026-08-12,0xb90a19ff0af67f7779aff50a882a9cff42446400,16689.277867967565
62,13.6309684756062,2026-08-13,0xb90a19ff0af67f7779aff50a882a9cff42446400,19381.584779619967
204,20.628872078468824,2026-08-14,0xb90a19ff0af67f7779aff50a882a9cff42446400,33471.163550418256
55,4.587649998162231,2026-08-17,0xb90a19ff0af67f7779aff50a882a9cff42446400,8229.124460103294
165,13.53386429132158,2026-08-18,0xb90a19ff0af67f7779aff50a882a9cff42446400,22240.121366375068
198,10.7257789594027,2026-08-19,0xb90a19ff0af67f7779aff50a882a9cff42446400,16895.160104154616
77,6.057648253366533,2026-08-20,0xb90a19ff0af67f7779aff50a882a9cff42446400,9778.6404865153
46,1.3620123645099615,2026-08-21,0xb90a19ff0af67f7779aff50a882a9cff42446400,2162.9107854238437
59,5.260437235195594,2026-08-24,0xb90a19ff0af67f7779aff50a882a9cff42446400,7605.629264712197
104,9.319411640454934,2026-08-25,0xb90a19ff0af67f7779aff50a882a9cff42446400,13994.980555866543
37,1.8410982779280072,2026-08-26,0xb90a19ff0af67f7779aff50a882a9cff42446400,2731.0716696721556
30,0.6031893511268593,2026-08-27,0xb90a19ff0af67f7779aff50a882a9cff42446400,941.9949355486689
620,65.26959927309846,2026-08-28,0xb90a19ff0af67f7779aff50a882a9cff42446400,97515.35385743312
1,0.000158798894652414,2026-07-01,0xc0d6457c16cc70d6790dd43521c899c87ce02f35,0.09995180000000001
0,,2026-07-02,0xc0d6457c16cc70d6790dd43521c899c87ce02f35,
0,,2026-07-06,0xc0d6457c16cc70d6790dd43521c899c87ce02f35,
0,,2026-07-07,0xc0d6457c16cc70d6790dd43521c899c87ce02f35,
0,,2026-07-08,0xc0d6457c16cc70d6790dd43521c899c87ce02f35,
0,,2026-07-09,0xc0d6457c16cc70d6790dd43521c899c87ce02f35,
2,0.000618545829481705,2026-07-10,0xc0d6457c16cc70d6790dd43521c899c87ce02f35,3.7697361481470004
6,0.8687481115190213,2026-07-13,0xc0d6457c16cc70d6790dd43521c899c87ce02f35,573.2093614551782
8,0.44424713646168834,2026-07-14,0xc0d6457c16cc70d6790dd43521c899c87ce02f35,293.128374271498
26,2.0802155653804615,2026-07-15,0xc0d6457c16cc70d6790dd43521c899c87ce02f35,1390.5849268462005
14,1.306448344738007,2026-07-16,0xc0d6457c16cc70d6790dd43521c899c87ce02f35,885.3917080758297
26,1.938759553652214,2026-07-17,0xc0d6457c16cc70d6790dd43521c899c87ce02f35,1232.105654036127
25,0.8129725093853832,2026-07-20,0xc0d6457c16cc70d6790dd43521c899c87ce02f35,522.69882059504
45,6.6908868099181555,2026-07-21,0xc0d6457c16cc70d6790dd43521c899c87ce02f35,4363.057415289983
102,24.026172788159837,2026-07-22,0xc0d6457c16cc70d6790dd43521c899c87ce02f35,15251.496487525388
91,16.174643030545575,2026-07-23,0xc0d6457c16cc70d6790dd43521c899c87ce02f35,9824.536646226692
125,30.814284244729663,2026-07-24,0xc0d6457c16cc70d6790dd43521c899c87ce02f35,18659.25052518244
54,12.750020818655452,2026-07-27,0xc0d6457c16cc70d6790dd43521c899c87ce02f35,7697.044984557523
57,4.049046394099882,2026-07-28,0xc0d6457c16cc70d6790dd43521c899c87ce02f35,2398.647945793208
5,0.06050981007072608,2026-07-29,0xc0d6457c16cc70d6790dd43521c899c87ce02f35,35.69268317581909
51,6.503755816057735,2026-07-30,0xc0d6457c16cc70d6790dd43521c899c87ce02f35,3460.443272214213
60,7.947179356505725,2026-07-31,0xc0d6457c16cc70d6790dd43521c899c87ce02f35,4354.615385403677
86,60.49844099560612,2026-08-03,0xc0d6457c16cc70d6790dd43521c899c87ce02f35,35687.75511931074
27,1.0155228717456404,2026-08-04,0xc0d6457c16cc70d6790dd43521c899c87ce02f35,590.7840889372695
54,3.8392320231863177,2026-08-05,0xc0d6457c16cc70d6790dd43521c899c87ce02f35,2274.312089035534
32,3.06042325935786,2026-08-06,0xc0d6457c16cc70d6790dd43521c899c87ce02f35,1807.7575714590216
56,7.771531035350124,2026-08-07,0xc0d6457c16cc70d6790dd43521c899c87ce02f35,4625.903911645104
105,21.486658448451745,2026-08-10,0xc0d6457c16cc70d6790dd43521c899c87ce02f35,12926.687996290028
202,32.823820282566366,2026-08-11,0xc0d6457c16cc70d6790dd43521c899c87ce02f35,19824.71668371988
109,11.998347112967583,2026-08-12,0xc0d6457c16cc70d6790dd43521c899c87ce02f35,7070.29864480862
41,4.275325042360567,2026-08-13,0xc0d6457c16cc70d6790dd43521c899c87ce02f35,2533.282792918873
40,5.641410482141465,2026-08-14,0xc0d6457c16cc70d6790dd43521c899c87ce02f35,3358.213361592808
198,26.205579786347247,2026-08-17,0xc0d6457c16cc70d6790dd43521c899c87ce02f35,15135.614894314198
123,14.360104118649053,2026-08-18,0xc0d6457c16cc70d6790dd43521c899c87ce02f35,7897.194424980668
200,24.694672607830313,2026-08-19,0xc0d6457c16cc70d6790dd43521c899c87ce02f35,13535.851387363646
48,4.978410649116494,2026-08-20,0xc0d6457c16cc70d6790dd43521c899c87ce02f35,2717.2728380405624
36,2.747227408430205,2026-08-21,0xc0d6457c16cc70d6790dd43521c899c87ce02f35,1510.011413254888
65,8.477632801695162,2026-08-24,0xc0d6457c16cc70d6790dd43521c899c87ce02f35,4679.786656797129
40,4.870962543531301,2026-08-25,0xc0d6457c16cc70d6790dd43521c899c87ce02f35,2746.0337305642397
389,57.84797471804451,2026-08-26,0xc0d6457c16cc70d6790dd43521c899c87ce02f35,33266.28429504977
323,61.475836248793655,2026-08-27,0xc0d6457c16cc70d6790dd43521c899c87ce02f35,35658.54082425876
218,39.64022935458013,2026-08-28,0xc0d6457c16cc70d6790dd43521c899c87ce02f35,23043.800437364716
1,0.000767311508724779,2026-07-01,0xc72b96e0e48ecd4dc75e1e45396e26300bc39681,0.09995180000000001
0,,2026-07-02,0xc72b96e0e48ecd4dc75e1e45396e26300bc39681,
0,,2026-07-06,0xc72b96e0e48ecd4dc75e1e45396e26300bc39681,
0,,2026-07-07,0xc72b96e0e48ecd4dc75e1e45396e26300bc39681,
0,,2026-07-08,0xc72b96e0e48ecd4dc75e1e45396e26300bc39681,
0,,2026-07-09,0xc72b96e0e48ecd4dc75e1e45396e26300bc39681,
0,,2026-07-10,0xc72b96e0e48ecd4dc75e1e45396e26300bc39681,
0,,2026-07-13,0xc72b96e0e48ecd4dc75e1e45396e26300bc39681,
0,,2026-07-14,0xc72b96e0e48ecd4dc75e1e45396e26300bc39681,
9,4.441143123490375,2026-07-15,0xc72b96e0e48ecd4dc75e1e45396e26300bc39681,461.49465347626494
0,,2026-07-16,0xc72b96e0e48ecd4dc75e1e45396e26300bc39681,
3,0.0011691714492415629,2026-07-17,0xc72b96e0e48ecd4dc75e1e45396e26300bc39681,0.110946213554
6,0.2138824815607226,2026-07-20,0xc72b96e0e48ecd4dc75e1e45396e26300bc39681,20.971690696647002
1,0.43281333552463486,2026-07-21,0xc72b96e0e48ecd4dc75e1e45396e26300bc39681,43.999227587448
477,603.1595916624456,2026-07-22,0xc72b96e0e48ecd4dc75e1e45396e26300bc39681,64183.30256891331
41,103.0802973965908,2026-07-23,0xc72b96e0e48ecd4dc75e1e45396e26300bc39681,10611.670511956843
265,534.4852073110317,2026-07-24,0xc72b96e0e48ecd4dc75e1e45396e26300bc39681,51601.58277358356
127,281.8559178192875,2026-07-27,0xc72b96e0e48ecd4dc75e1e45396e26300bc39681,25139.698366554436
151,315.16700597533963,2026-07-28,0xc72b96e0e48ecd4dc75e1e45396e26300bc39681,26718.837044449647
105,357.10549187830594,2026-07-29,0xc72b96e0e48ecd4dc75e1e45396e26300bc39681,30031.0937486696
178,286.8603734870166,2026-07-30,0xc72b96e0e48ecd4dc75e1e45396e26300bc39681,26573.605336015473
159,466.0907198244782,2026-07-31,0xc72b96e0e48ecd4dc75e1e45396e26300bc39681,43270.0312319767
234,946.5911057529173,2026-08-03,0xc72b96e0e48ecd4dc75e1e45396e26300bc39681,84775.82248782057
174,128.22602643212474,2026-08-04,0xc72b96e0e48ecd4dc75e1e45396e26300bc39681,12689.779938536549
196,363.9772480647113,2026-08-05,0xc72b96e0e48ecd4dc75e1e45396e26300bc39681,36143.85827239129
185,475.7276014175157,2026-08-06,0xc72b96e0e48ecd4dc75e1e45396e26300bc39681,48135.644661336
165,519.5643373033205,2026-08-07,0xc72b96e0e48ecd4dc75e1e45396e26300bc39681,51486.31031312381
68,145.4073485786019,2026-08-10,0xc72b96e0e48ecd4dc75e1e45396e26300bc39681,14222.076355918982
65,203.9003925767753,2026-08-11,0xc72b96e0e48ecd4dc75e1e45396e26300bc39681,19906.451826964418
77,232.69957675341956,2026-08-12,0xc72b96e0e48ecd4dc75e1e45396e26300bc39681,23549.53222283684
107,131.9872216077494,2026-08-13,0xc72b96e0e48ecd4dc75e1e45396e26300bc39681,13965.494632530597
164,358.0091880878145,2026-08-14,0xc72b96e0e48ecd4dc75e1e45396e26300bc39681,37519.81037214467
82,189.8616373628319,2026-08-17,0xc72b96e0e48ecd4dc75e1e45396e26300bc39681,19807.52603358403
162,182.0626987993072,2026-08-18,0xc72b96e0e48ecd4dc75e1e45396e26300bc39681,17579.9647914215
260,288.3767529742168,2026-08-19,0xc72b96e0e48ecd4dc75e1e45396e26300bc39681,26662.49431129708
59,53.67298293004879,2026-08-20,0xc72b96e0e48ecd4dc75e1e45396e26300bc39681,4882.403824085457
110,144.47514677697515,2026-08-21,0xc72b96e0e48ecd4dc75e1e45396e26300bc39681,13076.48748535016
123,86.93562522129864,2026-08-24,0xc72b96e0e48ecd4dc75e1e45396e26300bc39681,7491.2850797563715
70,75.50692794957301,2026-08-25,0xc72b96e0e48ecd4dc75e1e45396e26300bc39681,6696.722405902202
603,401.49042422755286,2026-08-26,0xc72b96e0e48ecd4dc75e1e45396e26300bc39681,34800.234979057626
299,360.8080494760739,2026-08-27,0xc72b96e0e48ecd4dc75e1e45396e26300bc39681,32965.891027296726
341,264.0887275757015,2026-08-28,0xc72b96e0e48ecd4dc75e1e45396e26300bc39681,24309.94110174381
4,0.002003967422984571,2026-07-01,0xd0601ce157db5bdc3162bbac2a2c8af5320d9eec,0.38917157895199994
1,0.0502981583393468,2026-07-02,0xd0601ce157db5bdc3162bbac2a2c8af5320d9eec,9.984439856573001
3,0.06909055480506332,2026-07-06,0xd0601ce157db5bdc3162bbac2a2c8af5320d9eec,13.679044864788139
23,1.8346155302392642,2026-07-07,0xd0601ce157db5bdc3162bbac2a2c8af5320d9eec,360.04454161860457
38,4.189719831366918,2026-07-08,0xd0601ce157db5bdc3162bbac2a2c8af5320d9eec,863.8723993992551
147,66.53191114103863,2026-07-09,0xd0601ce157db5bdc3162bbac2a2c8af5320d9eec,13661.7959136643
50,5.586122510837783,2026-07-10,0xd0601ce157db5bdc3162bbac2a2c8af5320d9eec,1154.2965085489857
37,18.23211043054333,2026-07-13,0xd0601ce157db5bdc3162bbac2a2c8af5320d9eec,3784.0450979901425
55,15.083221446118142,2026-07-14,0xd0601ce157db5bdc3162bbac2a2c8af5320d9eec,3103.5840552150917
156,98.27192161818336,2026-07-15,0xd0601ce157db5bdc3162bbac2a2c8af5320d9eec,20584.34190437875
73,47.58315578771077,2026-07-16,0xd0601ce157db5bdc3162bbac2a2c8af5320d9eec,9870.825529035514
131,131.2312102631426,2026-07-17,0xd0601ce157db5bdc3162bbac2a2c8af5320d9eec,26788.77868363656
719,868.0172240133461,2026-07-20,0xd0601ce157db5bdc3162bbac2a2c8af5320d9eec,178659.37868384257
912,1309.7042036091823,2026-07-21,0xd0601ce157db5bdc3162bbac2a2c8af5320d9eec,268505.77664151625
1563,2469.9275281679884,2026-07-22,0xd0601ce157db5bdc3162bbac2a2c8af5320d9eec,512929.9982900917
2001,3861.4229875000246,2026-07-23,0xd0601ce157db5bdc3162bbac2a2c8af5320d9eec,805826.7176148435
17115,20343.859548507367,2026-07-24,0xd0601ce157db5bdc3162bbac2a2c8af5320d9eec,4229403.019508988
2052,4387.181926120173,2026-07-27,0xd0601ce157db5bdc3162bbac2a2c8af5320d9eec,880638.3524833235
3446,8130.673501403674,2026-07-28,0xd0601ce157db5bdc3162bbac2a2c8af5320d9eec,1586159.0061474286
1732,2627.0733172299047,2026-07-29,0xd0601ce157db5bdc3162bbac2a2c8af5320d9eec,505236.1650324848
1984,5712.449580551893,2026-07-30,0xd0601ce157db5bdc3162bbac2a2c8af5320d9eec,1119026.1233093766
2891,5332.0471394502,2026-07-31,0xd0601ce157db5bdc3162bbac2a2c8af5320d9eec,1050115.1696949212
2445,3861.8403853813193,2026-08-03,0xd0601ce157db5bdc3162bbac2a2c8af5320d9eec,789493.4520105759
2132,1911.0396777458118,2026-08-04,0xd0601ce157db5bdc3162bbac2a2c8af5320d9eec,401190.02871470683
2218,2159.963499328788,2026-08-05,0xd0601ce157db5bdc3162bbac2a2c8af5320d9eec,475583.2525255959
2573,3040.2351183641345,2026-08-06,0xd0601ce157db5bdc3162bbac2a2c8af5320d9eec,670333.252220684
1522,1392.4360332912195,2026-08-07,0xd0601ce157db5bdc3162bbac2a2c8af5320d9eec,309763.91305790184
1115,1236.5241112006386,2026-08-10,0xd0601ce157db5bdc3162bbac2a2c8af5320d9eec,273220.07516036846
955,1058.1804269264956,2026-08-11,0xd0601ce157db5bdc3162bbac2a2c8af5320d9eec,232449.90999307472
1332,1511.491942195201,2026-08-12,0xd0601ce157db5bdc3162bbac2a2c8af5320d9eec,338369.2466760848
1757,1408.614900954114,2026-08-13,0xd0601ce157db5bdc3162bbac2a2c8af5320d9eec,318153.84362571425
1307,1516.4301915166086,2026-08-14,0xd0601ce157db5bdc3162bbac2a2c8af5320d9eec,342106.1501572399
2611,8690.650982566549,2026-08-17,0xd0601ce157db5bdc3162bbac2a2c8af5320d9eec,1967243.589254304
2250,12325.126663309042,2026-08-18,0xd0601ce157db5bdc3162bbac2a2c8af5320d9eec,2710907.217890745
3406,12298.576403168563,2026-08-19,0xd0601ce157db5bdc3162bbac2a2c8af5320d9eec,2689425.2091809222
2399,9996.640258855537,2026-08-20,0xd0601ce157db5bdc3162bbac2a2c8af5320d9eec,2176834.402778209
1965,5407.627463405897,2026-08-21,0xd0601ce157db5bdc3162bbac2a2c8af5320d9eec,1165413.8582398084
2120,7370.356360788748,2026-08-24,0xd0601ce157db5bdc3162bbac2a2c8af5320d9eec,1546348.0150697576
3940,11697.77267701793,2026-08-25,0xd0601ce157db5bdc3162bbac2a2c8af5320d9eec,2487001.2335096076
6174,14065.036286279565,2026-08-26,0xd0601ce157db5bdc3162bbac2a2c8af5320d9eec,2973380.3151422204
12660,18486.04826831881,2026-08-27,0xd0601ce157db5bdc3162bbac2a2c8af5320d9eec,4164411.8024506457
7019,20418.673332674432,2026-08-28,0xd0601ce157db5bdc3162bbac2a2c8af5320d9eec,4598185.755024306
1,0.000135398606662725,2026-07-01,0xd5f3879160bc7c32ebb4dc785f8a4f505888de68,0.09995180000000001
0,,2026-07-02,0xd5f3879160bc7c32ebb4dc785f8a4f505888de68,
0,,2026-07-06,0xd5f3879160bc7c32ebb4dc785f8a4f505888de68,
0,,2026-07-07,0xd5f3879160bc7c32ebb4dc785f8a4f505888de68,
0,,2026-07-08,0xd5f3879160bc7c32ebb4dc785f8a4f505888de68,
0,,2026-07-09,0xd5f3879160bc7c32ebb4dc785f8a4f505888de68,
5,0.09525164495782805,2026-07-10,0xd5f3879160bc7c32ebb4dc785f8a4f505888de68,69.85320231627999
0,,2026-07-13,0xd5f3879160bc7c32ebb4dc785f8a4f505888de68,
4,0.10138486524756313,2026-07-14,0xd5f3879160bc7c32ebb4dc785f8a4f505888de68,71.87879843630799
14,0.5438350985430374,2026-07-15,0xd5f3879160bc7c32ebb4dc785f8a4f505888de68,397.7305759520699
3,0.08005145101081912,2026-07-16,0xd5f3879160bc7c32ebb4dc785f8a4f505888de68,56.392174305304
2,0.02290926490928676,2026-07-17,0xd5f3879160bc7c32ebb4dc785f8a4f505888de68,15.944333590740001
4,0.004446822020284132,2026-07-20,0xd5f3879160bc7c32ebb4dc785f8a4f505888de68,3.112839382946
16,0.6549316530041539,2026-07-21,0xd5f3879160bc7c32ebb4dc785f8a4f505888de68,461.2591050480979
7,0.07956916272423009,2026-07-22,0xd5f3879160bc7c32ebb4dc785f8a4f505888de68,56.52482912085999
4,0.056710203852937444,2026-07-23,0xd5f3879160bc7c32ebb4dc785f8a4f505888de68,39.41116300806
23,0.358932172262169,2026-07-24,0xd5f3879160bc7c32ebb4dc785f8a4f505888de68,246.4614501641663
37,15.334448228998792,2026-07-27,0xd5f3879160bc7c32ebb4dc785f8a4f505888de68,10485.060418065712
15,1.2881761134193637,2026-07-28,0xd5f3879160bc7c32ebb4dc785f8a4f505888de68,866.3063859195481
36,3.438177140039055,2026-07-29,0xd5f3879160bc7c32ebb4dc785f8a4f505888de68,2301.3370711420407
20,3.2130043470520606,2026-07-30,0xd5f3879160bc7c32ebb4dc785f8a4f505888de68,2190.689077186697
30,10.96461846283155,2026-07-31,0xd5f3879160bc7c32ebb4dc785f8a4f505888de68,7501.459320518422
52,8.385445217590885,2026-08-03,0xd5f3879160bc7c32ebb4dc785f8a4f505888de68,5824.371837627248
35,1.149178510169506,2026-08-04,0xd5f3879160bc7c32ebb4dc785f8a4f505888de68,820.9853396715976
33,3.993269532048941,2026-08-05,0xd5f3879160bc7c32ebb4dc785f8a4f505888de68,2890.4407981028253
19,9.25649373185327,2026-08-06,0xd5f3879160bc7c32ebb4dc785f8a4f505888de68,6644.047562904133
24,4.04031164472282,2026-08-07,0xd5f3879160bc7c32ebb4dc785f8a4f505888de68,2906.1727589237466
16,0.9443867888733721,2026-08-10,0xd5f3879160bc7c32ebb4dc785f8a4f505888de68,684.0869679035774
23,4.731964788860361,2026-08-11,0xd5f3879160bc7c32ebb4dc785f8a4f505888de68,3420.9960228440914
26,3.7342936694448623,2026-08-12,0xd5f3879160bc7c32ebb4dc785f8a4f505888de68,2703.9217617098057
41,10.746034579968269,2026-08-13,0xd5f3879160bc7c32ebb4dc785f8a4f505888de68,7868.37891756906
17,1.4280270559856212,2026-08-14,0xd5f3879160bc7c32ebb4dc785f8a4f505888de68,1044.356986661908
68,6.921309243775381,2026-08-17,0xd5f3879160bc7c32ebb4dc785f8a4f505888de68,5060.7852008962755
30,3.5924576540916897,2026-08-18,0xd5f3879160bc7c32ebb4dc785f8a4f505888de68,2579.0874294095884
190,27.630894941198274,2026-08-19,0xd5f3879160bc7c32ebb4dc785f8a4f505888de68,19817.661766958252
18,1.461097223043268,2026-08-20,0xd5f3879160bc7c32ebb4dc785f8a4f505888de68,1044.1710898426732
19,1.7669947720964494,2026-08-21,0xd5f3879160bc7c32ebb4dc785f8a4f505888de68,1254.9644354981558
28,1.9959068535783744,2026-08-24,0xd5f3879160bc7c32ebb4dc785f8a4f505888de68,1405.2527974411653
64,4.971037873134156,2026-08-25,0xd5f3879160bc7c32ebb4dc785f8a4f505888de68,3533.810466374477
54,4.430578089813467,2026-08-26,0xd5f3879160bc7c32ebb4dc785f8a4f505888de68,3149.2917995066764
46,4.495843831676925,2026-08-27,0xd5f3879160bc7c32ebb4dc785f8a4f505888de68,3242.8741388230983
355,29.666433794639904,2026-08-28,0xd5f3879160bc7c32ebb4dc785f8a4f505888de68,21429.695103738562
0,,2026-07-01,0xd917b029c761d264c6a312bbbcda868658ef86a6,
0,,2026-07-02,0xd917b029c761d264c6a312bbbcda868658ef86a6,
0,,2026-07-06,0xd917b029c761d264c6a312bbbcda868658ef86a6,
0,,2026-07-07,0xd917b029c761d264c6a312bbbcda868658ef86a6,
0,,2026-07-08,0xd917b029c761d264c6a312bbbcda868658ef86a6,
0,,2026-07-09,0xd917b029c761d264c6a312bbbcda868658ef86a6,
0,,2026-07-10,0xd917b029c761d264c6a312bbbcda868658ef86a6,
0,,2026-07-13,0xd917b029c761d264c6a312bbbcda868658ef86a6,
0,,2026-07-14,0xd917b029c761d264c6a312bbbcda868658ef86a6,
0,,2026-07-15,0xd917b029c761d264c6a312bbbcda868658ef86a6,
0,,2026-07-16,0xd917b029c761d264c6a312bbbcda868658ef86a6,
5,0.05793182452148719,2026-07-17,0xd917b029c761d264c6a312bbbcda868658ef86a6,0.087636452892
0,,2026-07-20,0xd917b029c761d264c6a312bbbcda868658ef86a6,
0,,2026-07-21,0xd917b029c761d264c6a312bbbcda868658ef86a6,
0,,2026-07-22,0xd917b029c761d264c6a312bbbcda868658ef86a6,
45,184.30077916233355,2026-07-23,0xd917b029c761d264c6a312bbbcda868658ef86a6,2844.7844486684344
40,192.99769810708045,2026-07-24,0xd917b029c761d264c6a312bbbcda868658ef86a6,2798.4711021519315
143,1635.3911786165393,2026-07-27,0xd917b029c761d264c6a312bbbcda868658ef86a6,23966.556201392435
98,478.9300648873125,2026-07-28,0xd917b029c761d264c6a312bbbcda868658ef86a6,6544.66756369269
108,562.6223333254034,2026-07-29,0xd917b029c761d264c6a312bbbcda868658ef86a6,7757.294926165547
141,513.7126979180786,2026-07-30,0xd917b029c761d264c6a312bbbcda868658ef86a6,7320.421464124131
190,779.1461837810277,2026-07-31,0xd917b029c761d264c6a312bbbcda868658ef86a6,11474.72863915698
203,725.3975530985116,2026-08-03,0xd917b029c761d264c6a312bbbcda868658ef86a6,11181.369548178449
100,204.67301948401175,2026-08-04,0xd917b029c761d264c6a312bbbcda868658ef86a6,3378.0461852022136
76,328.25722910878306,2026-08-05,0xd917b029c761d264c6a312bbbcda868658ef86a6,5651.6266131540315
73,291.815782353568,2026-08-06,0xd917b029c761d264c6a312bbbcda868658ef86a6,5175.366158493704
52,181.30783122679802,2026-08-07,0xd917b029c761d264c6a312bbbcda868658ef86a6,3346.59345025779
43,147.47554309569205,2026-08-10,0xd917b029c761d264c6a312bbbcda868658ef86a6,2884.2102459070834
60,222.48772062448668,2026-08-11,0xd917b029c761d264c6a312bbbcda868658ef86a6,4241.617183154435
36,168.1288590075246,2026-08-12,0xd917b029c761d264c6a312bbbcda868658ef86a6,3130.4522136982187
12,72.55993762667109,2026-08-13,0xd917b029c761d264c6a312bbbcda868658ef86a6,1368.753683143272
19,35.908781904760275,2026-08-14,0xd917b029c761d264c6a312bbbcda868658ef86a6,728.2087470809505
20,44.65043515377144,2026-08-17,0xd917b029c761d264c6a312bbbcda868658ef86a6,849.3857856108339
25,80.61777315495537,2026-08-18,0xd917b029c761d264c6a312bbbcda868658ef86a6,1502.6004062070572
28,40.21084757220366,2026-08-19,0xd917b029c761d264c6a312bbbcda868658ef86a6,730.0057345821108
6,7.088804579100674,2026-08-20,0xd917b029c761d264c6a312bbbcda868658ef86a6,121.13789213150575
35,87.44927876781082,2026-08-21,0xd917b029c761d264c6a312bbbcda868658ef86a6,1627.3742510936474
16,31.461967166921987,2026-08-24,0xd917b029c761d264c6a312bbbcda868658ef86a6,564.694254526449
32,98.86699952706334,2026-08-25,0xd917b029c761d264c6a312bbbcda868658ef86a6,1836.8260503787828
16,54.054436285607665,2026-08-26,0xd917b029c761d264c6a312bbbcda868658ef86a6,1048.9127141267527
14,71.9796521191596,2026-08-27,0xd917b029c761d264c6a312bbbcda868658ef86a6,1372.960125040897
24,93.54506377654728,2026-08-28,0xd917b029c761d264c6a312bbbcda868658ef86a6,1747.2621742941988
1,0.001540503258914607,2026-07-01,0xdf0992e440dd0be65bd8439b609d6d4366bf1cb5,0.09995180000000001
0,,2026-07-02,0xdf0992e440dd0be65bd8439b609d6d4366bf1cb5,
0,,2026-07-06,0xdf0992e440dd0be65bd8439b609d6d4366bf1cb5,
0,,2026-07-07,0xdf0992e440dd0be65bd8439b609d6d4366bf1cb5,
0,,2026-07-08,0xdf0992e440dd0be65bd8439b609d6d4366bf1cb5,
1,4.683802978688e-06,2026-07-09,0xdf0992e440dd0be65bd8439b609d6d4366bf1cb5,0.0029540276439999997
0,,2026-07-10,0xdf0992e440dd0be65bd8439b609d6d4366bf1cb5,
0,,2026-07-13,0xdf0992e440dd0be65bd8439b609d6d4366bf1cb5,
0,,2026-07-14,0xdf0992e440dd0be65bd8439b609d6d4366bf1cb5,
0,,2026-07-15,0xdf0992e440dd0be65bd8439b609d6d4366bf1cb5,
0,,2026-07-16,0xdf0992e440dd0be65bd8439b609d6d4366bf1cb5,
0,,2026-07-17,0xdf0992e440dd0be65bd8439b609d6d4366bf1cb5,
0,,2026-07-20,0xdf0992e440dd0be65bd8439b609d6d4366bf1cb5,
0,,2026-07-21,0xdf0992e440dd0be65bd8439b609d6d4366bf1cb5,
1,0.000158872784553381,2026-07-22,0xdf0992e440dd0be65bd8439b609d6d4366bf1cb5,0.00112099232
10,5.365360074523494,2026-07-23,0xdf0992e440dd0be65bd8439b609d6d4366bf1cb5,458.5105581320976
1,3.8849973541067535,2026-07-24,0xdf0992e440dd0be65bd8439b609d6d4366bf1cb5,234.51649863916091
0,,2026-07-27,0xdf0992e440dd0be65bd8439b609d6d4366bf1cb5,
0,,2026-07-28,0xdf0992e440dd0be65bd8439b609d6d4366bf1cb5,
15,20.790276581109914,2026-07-29,0xdf0992e440dd0be65bd8439b609d6d4366bf1cb5,1317.0334827846955
17,24.08004474037421,2026-07-30,0xdf0992e440dd0be65bd8439b609d6d4366bf1cb5,1494.0397319044378
26,19.872923368418334,2026-07-31,0xdf0992e440dd0be65bd8439b609d6d4366bf1cb5,1195.7209632903598
64,35.96343025641715,2026-08-03,0xdf0992e440dd0be65bd8439b609d6d4366bf1cb5,2120.4251715420764
30,16.585858384520495,2026-08-04,0xdf0992e440dd0be65bd8439b609d6d4366bf1cb5,1020.5519211798002
43,26.389848418860723,2026-08-05,0xdf0992e440dd0be65bd8439b609d6d4366bf1cb5,1621.9490169194733
59,165.05846393195478,2026-08-06,0xdf0992e440dd0be65bd8439b609d6d4366bf1cb5,10447.353702384537
64,253.14308135390544,2026-08-07,0xdf0992e440dd0be65bd8439b609d6d4366bf1cb5,17007.164594995655
35,318.91842317559735,2026-08-10,0xdf0992e440dd0be65bd8439b609d6d4366bf1cb5,20918.732976010702
88,323.4225633474691,2026-08-11,0xdf0992e440dd0be65bd8439b609d6d4366bf1cb5,23194.32411946848
23,127.09493051941288,2026-08-12,0xdf0992e440dd0be65bd8439b609d6d4366bf1cb5,8866.500798952819
24,147.79466878042751,2026-08-13,0xdf0992e440dd0be65bd8439b609d6d4366bf1cb5,10742.883172428905
17,67.6616693690843,2026-08-14,0xdf0992e440dd0be65bd8439b609d6d4366bf1cb5,4869.879754220642
21,38.09302348099095,2026-08-17,0xdf0992e440dd0be65bd8439b609d6d4366bf1cb5,2828.7987649159136
111,204.45226227117539,2026-08-18,0xdf0992e440dd0be65bd8439b609d6d4366bf1cb5,14909.798073450584
156,254.14902780199938,2026-08-19,0xdf0992e440dd0be65bd8439b609d6d4366bf1cb5,19641.5315191916
43,50.31422982054712,2026-08-20,0xdf0992e440dd0be65bd8439b609d6d4366bf1cb5,4118.328929330202
104,94.30721980999922,2026-08-21,0xdf0992e440dd0be65bd8439b609d6d4366bf1cb5,8454.604651105241
106,307.69641540084353,2026-08-24,0xdf0992e440dd0be65bd8439b609d6d4366bf1cb5,27893.715358511487
139,319.14097008567694,2026-08-25,0xdf0992e440dd0be65bd8439b609d6d4366bf1cb5,28464.817245728485
58,269.1281993031949,2026-08-26,0xdf0992e440dd0be65bd8439b609d6d4366bf1cb5,24188.170201814504
50,114.15107956543011,2026-08-27,0xdf0992e440dd0be65bd8439b609d6d4366bf1cb5,10707.597879420671
93,278.3636167062081,2026-08-28,0xdf0992e440dd0be65bd8439b609d6d4366bf1cb5,25450.58803525144
1,0.000255743939698817,2026-07-01,0xe93237c50d904957cf27e7b1133b510c669c2e74,0.09995180000000001
0,,2026-07-02,0xe93237c50d904957cf27e7b1133b510c669c2e74,
0,,2026-07-06,0xe93237c50d904957cf27e7b1133b510c669c2e74,
0,,2026-07-07,0xe93237c50d904957cf27e7b1133b510c669c2e74,
0,,2026-07-08,0xe93237c50d904957cf27e7b1133b510c669c2e74,
0,,2026-07-09,0xe93237c50d904957cf27e7b1133b510c669c2e74,
0,,2026-07-10,0xe93237c50d904957cf27e7b1133b510c669c2e74,
0,,2026-07-13,0xe93237c50d904957cf27e7b1133b510c669c2e74,
6,0.19367571350049906,2026-07-14,0xe93237c50d904957cf27e7b1133b510c669c2e74,74.562066774514
19,1.5022198420811272,2026-07-15,0xe93237c50d904957cf27e7b1133b510c669c2e74,588.8782235490435
8,0.15944785601944336,2026-07-16,0xe93237c50d904957cf27e7b1133b510c669c2e74,62.45396959890667
15,0.8032600563059431,2026-07-17,0xe93237c50d904957cf27e7b1133b510c669c2e74,310.61576106707935
49,9.867744706214111,2026-07-20,0xe93237c50d904957cf27e7b1133b510c669c2e74,3894.5406706220806
70,43.34066907916315,2026-07-21,0xe93237c50d904957cf27e7b1133b510c669c2e74,17335.733443941364
296,162.80171429165046,2026-07-22,0xe93237c50d904957cf27e7b1133b510c669c2e74,63553.66963061905
185,145.8461446372835,2026-07-23,0xe93237c50d904957cf27e7b1133b510c669c2e74,56087.982934529515
72,37.14180939406712,2026-07-24,0xe93237c50d904957cf27e7b1133b510c669c2e74,14204.475863068137
96,41.472633404993005,2026-07-27,0xe93237c50d904957cf27e7b1133b510c669c2e74,16242.502216379062
82,30.74155068030308,2026-07-28,0xe93237c50d904957cf27e7b1133b510c669c2e74,12166.812061517443
703,225.71919119158386,2026-07-29,0xe93237c50d904957cf27e7b1133b510c669c2e74,88970.69461930434
202,69.0400618940811,2026-07-30,0xe93237c50d904957cf27e7b1133b510c669c2e74,30931.647514952772
95,41.65328451151153,2026-07-31,0xe93237c50d904957cf27e7b1133b510c669c2e74,18971.302724293848
114,41.26933858355557,2026-08-03,0xe93237c50d904957cf27e7b1133b510c669c2e74,20092.911058326117
92,20.292109064040805,2026-08-04,0xe93237c50d904957cf27e7b1133b510c669c2e74,10003.517954275094
52,4.517889919811979,2026-08-05,0xe93237c50d904957cf27e7b1133b510c669c2e74,2211.711058967231
44,3.0594390650296157,2026-08-06,0xe93237c50d904957cf27e7b1133b510c669c2e74,1520.1426711044285
28,0.7646822947793609,2026-08-07,0xe93237c50d904957cf27e7b1133b510c669c2e74,384.29324645581056
97,15.74133464710415,2026-08-10,0xe93237c50d904957cf27e7b1133b510c669c2e74,8005.536909167291
45,4.545482263791495,2026-08-11,0xe93237c50d904957cf27e7b1133b510c669c2e74,2283.3602770349394
42,8.031406172393895,2026-08-12,0xe93237c50d904957cf27e7b1133b510c669c2e74,3985.029727295814
84,10.351746023556544,2026-08-13,0xe93237c50d904957cf27e7b1133b510c669c2e74,5171.062401319645
78,10.514361409614098,2026-08-14,0xe93237c50d904957cf27e7b1133b510c669c2e74,5243.817321306551
136,29.28486115346528,2026-08-17,0xe93237c50d904957cf27e7b1133b510c669c2e74,14184.349264936945
32,4.901206295950168,2026-08-18,0xe93237c50d904957cf27e7b1133b510c669c2e74,2354.3158739404407
103,18.406934030464253,2026-08-19,0xe93237c50d904957cf27e7b1133b510c669c2e74,8912.38057912313
39,5.349596460307871,2026-08-20,0xe93237c50d904957cf27e7b1133b510c669c2e74,2587.6538643151907
96,18.72538096151528,2026-08-21,0xe93237c50d904957cf27e7b1133b510c669c2e74,9054.048314271226
85,15.91282146641865,2026-08-24,0xe93237c50d904957cf27e7b1133b510c669c2e74,7755.248322521893
77,12.208332775912497,2026-08-25,0xe93237c50d904957cf27e7b1133b510c669c2e74,5968.576346025621
3011,399.6886658237875,2026-08-26,0xe93237c50d904957cf27e7b1133b510c669c2e74,197995.50929481047
602,129.36955738262048,2026-08-27,0xe93237c50d904957cf27e7b1133b510c669c2e74,65178.49583030876
560,89.99930741921071,2026-08-28,0xe93237c50d904957cf27e7b1133b510c669c2e74,45972.246862619686
0,,2026-07-01,0xec262a75e413fafd0df80480274532c79d42da09,
0,,2026-07-02,0xec262a75e413fafd0df80480274532c79d42da09,
0,,2026-07-06,0xec262a75e413fafd0df80480274532c79d42da09,
2,0.002485173232003836,2026-07-07,0xec262a75e413fafd0df80480274532c79d42da09,4.851454168164
0,,2026-07-08,0xec262a75e413fafd0df80480274532c79d42da09,
0,,2026-07-09,0xec262a75e413fafd0df80480274532c79d42da09,
0,,2026-07-10,0xec262a75e413fafd0df80480274532c79d42da09,
0,,2026-07-13,0xec262a75e413fafd0df80480274532c79d42da09,
0,,2026-07-14,0xec262a75e413fafd0df80480274532c79d42da09,
0,,2026-07-15,0xec262a75e413fafd0df80480274532c79d42da09,
0,,2026-07-16,0xec262a75e413fafd0df80480274532c79d42da09,
0,,2026-07-17,0xec262a75e413fafd0df80480274532c79d42da09,
0,,2026-07-20,0xec262a75e413fafd0df80480274532c79d42da09,
0,,2026-07-21,0xec262a75e413fafd0df80480274532c79d42da09,
1,0.12098646780833566,2026-07-22,0xec262a75e413fafd0df80480274532c79d42da09,10.49349941304
3,0.009703490837617311,2026-07-23,0xec262a75e413fafd0df80480274532c79d42da09,3.5680695645090266
0,,2026-07-24,0xec262a75e413fafd0df80480274532c79d42da09,
38,82.74593977528366,2026-07-27,0xec262a75e413fafd0df80480274532c79d42da09,8053.221012382377
29,104.62293109378487,2026-07-28,0xec262a75e413fafd0df80480274532c79d42da09,10006.155709436925
4,10.633542589608934,2026-07-29,0xec262a75e413fafd0df80480274532c79d42da09,1013.6244658424938
27,62.886654166089315,2026-07-30,0xec262a75e413fafd0df80480274532c79d42da09,5891.243248529224
79,173.08987796416113,2026-07-31,0xec262a75e413fafd0df80480274532c79d42da09,15795.14497034398
12,13.18850013504642,2026-08-03,0xec262a75e413fafd0df80480274532c79d42da09,1250.6803130296244
16,42.36562229074332,2026-08-04,0xec262a75e413fafd0df80480274532c79d42da09,3989.654877930576
13,26.166059249534726,2026-08-05,0xec262a75e413fafd0df80480274532c79d42da09,2546.416224365814
4,9.205029529739914,2026-08-06,0xec262a75e413fafd0df80480274532c79d42da09,888.1094816108498
90,139.38560741092368,2026-08-07,0xec262a75e413fafd0df80480274532c79d42da09,14394.71187370443
57,150.19599416635552,2026-08-10,0xec262a75e413fafd0df80480274532c79d42da09,14910.26524328635
11,29.87117973175718,2026-08-11,0xec262a75e413fafd0df80480274532c79d42da09,2934.854083702262
11,37.74623586206586,2026-08-12,0xec262a75e413fafd0df80480274532c79d42da09,3626.33512200865
56,111.13424041295177,2026-08-13,0xec262a75e413fafd0df80480274532c79d42da09,10902.708715386234
124,411.56078799847353,2026-08-14,0xec262a75e413fafd0df80480274532c79d42da09,38623.58912709425
116,231.6030537157968,2026-08-17,0xec262a75e413fafd0df80480274532c79d42da09,22377.75307045416
85,250.86082917178703,2026-08-18,0xec262a75e413fafd0df80480274532c79d42da09,23958.585236291023
253,556.35414969742,2026-08-19,0xec262a75e413fafd0df80480274532c79d42da09,55253.10329677139
79,150.2118448123426,2026-08-20,0xec262a75e413fafd0df80480274532c79d42da09,16566.882218978866
57,114.36949530222769,2026-08-21,0xec262a75e413fafd0df80480274532c79d42da09,13675.432508504788
318,1167.612836901839,2026-08-24,0xec262a75e413fafd0df80480274532c79d42da09,145295.59815541044
416,1611.0875609685102,2026-08-25,0xec262a75e413fafd0df80480274532c79d42da09,199970.36898701685
124,491.7590526348449,2026-08-26,0xec262a75e413fafd0df80480274532c79d42da09,60126.772703202376
399,346.09881408951196,2026-08-27,0xec262a75e413fafd0df80480274532c79d42da09,45646.42474131686
639,994.4906887458296,2026-08-28,0xec262a75e413fafd0df80480274532c79d42da09,133198.22580897695
1,9.393814219024e-05,2026-07-01,0xff080c8ce2e5feadaca0da81314ae59d232d4afd,0.09995180000000001
0,,2026-07-02,0xff080c8ce2e5feadaca0da81314ae59d232d4afd,
0,,2026-07-06,0xff080c8ce2e5feadaca0da81314ae59d232d4afd,
0,,2026-07-07,0xff080c8ce2e5feadaca0da81314ae59d232d4afd,
0,,2026-07-08,0xff080c8ce2e5feadaca0da81314ae59d232d4afd,
2,0.008119822900675141,2026-07-09,0xff080c8ce2e5feadaca0da81314ae59d232d4afd,8.1199496211
4,0.15985021758524212,2026-07-10,0xff080c8ce2e5feadaca0da81314ae59d232d4afd,155.10355171883
14,0.42936104481872717,2026-07-13,0xff080c8ce2e5feadaca0da81314ae59d232d4afd,399.80046885332695
18,0.5693070454256662,2026-07-14,0xff080c8ce2e5feadaca0da81314ae59d232d4afd,547.841922977992
5,0.045749789680461096,2026-07-15,0xff080c8ce2e5feadaca0da81314ae59d232d4afd,42.763939395156996
6,0.06951665412642033,2026-07-16,0xff080c8ce2e5feadaca0da81314ae59d232d4afd,60.110030070461
13,0.09934653071299518,2026-07-17,0xff080c8ce2e5feadaca0da81314ae59d232d4afd,85.16371528656299
7,0.0418655166898512,2026-07-20,0xff080c8ce2e5feadaca0da81314ae59d232d4afd,37.08360813067168
22,0.8398284817821267,2026-07-21,0xff080c8ce2e5feadaca0da81314ae59d232d4afd,835.4494206274942
1302,189.456788980464,2026-07-22,0xff080c8ce2e5feadaca0da81314ae59d232d4afd,184823.11759630204
160,25.84297545982901,2026-07-23,0xff080c8ce2e5feadaca0da81314ae59d232d4afd,25636.314042446716
179,63.8469477197598,2026-07-24,0xff080c8ce2e5feadaca0da81314ae59d232d4afd,60950.55039060313
197,79.82717667226397,2026-07-27,0xff080c8ce2e5feadaca0da81314ae59d232d4afd,70340.85990048829
150,38.8449651093819,2026-07-28,0xff080c8ce2e5feadaca0da81314ae59d232d4afd,31391.956070579326
157,44.11103334542297,2026-07-29,0xff080c8ce2e5feadaca0da81314ae59d232d4afd,34865.459381008455
279,52.33365276148756,2026-07-30,0xff080c8ce2e5feadaca0da81314ae59d232d4afd,44325.8798440225
256,53.80211924263553,2026-07-31,0xff080c8ce2e5feadaca0da81314ae59d232d4afd,45555.375477103495
310,121.91337004940247,2026-08-03,0xff080c8ce2e5feadaca0da81314ae59d232d4afd,98659.33971418571
66,3.5617281056920866,2026-08-04,0xff080c8ce2e5feadaca0da81314ae59d232d4afd,3118.813372617881
156,23.121042759923547,2026-08-05,0xff080c8ce2e5feadaca0da81314ae59d232d4afd,20987.039347054062
197,56.27989232126533,2026-08-06,0xff080c8ce2e5feadaca0da81314ae59d232d4afd,50180.309720251316
117,39.28371859152341,2026-08-07,0xff080c8ce2e5feadaca0da81314ae59d232d4afd,33603.736621128
219,63.78093153378523,2026-08-10,0xff080c8ce2e5feadaca0da81314ae59d232d4afd,56232.881495001384
166,39.317211203791345,2026-08-11,0xff080c8ce2e5feadaca0da81314ae59d232d4afd,33540.84302652203
127,20.050892547153243,2026-08-12,0xff080c8ce2e5feadaca0da81314ae59d232d4afd,18540.515955028477
249,47.27057018862109,2026-08-13,0xff080c8ce2e5feadaca0da81314ae59d232d4afd,44863.23421511264
76,9.106710073189099,2026-08-14,0xff080c8ce2e5feadaca0da81314ae59d232d4afd,8885.588307367367
111,10.079351015730088,2026-08-17,0xff080c8ce2e5feadaca0da81314ae59d232d4afd,10280.616826460951
182,20.198445795002787,2026-08-18,0xff080c8ce2e5feadaca0da81314ae59d232d4afd,19136.371304846878
152,17.057643659978833,2026-08-19,0xff080c8ce2e5feadaca0da81314ae59d232d4afd,15803.95308052457
158,25.005118788153062,2026-08-20,0xff080c8ce2e5feadaca0da81314ae59d232d4afd,23823.768361743165
177,17.630780341259157,2026-08-21,0xff080c8ce2e5feadaca0da81314ae59d232d4afd,17033.009735456166
125,13.387948030504615,2026-08-24,0xff080c8ce2e5feadaca0da81314ae59d232d4afd,12013.604024862745
152,22.971289977833937,2026-08-25,0xff080c8ce2e5feadaca0da81314ae59d232d4afd,21245.47541573801
692,43.422372434086945,2026-08-26,0xff080c8ce2e5feadaca0da81314ae59d232d4afd,40590.08523449659
200,25.919973094362362,2026-08-27,0xff080c8ce2e5feadaca0da81314ae59d232d4afd,24103.32717445187
353,39.327406176623924,2026-08-28,0xff080c8ce2e5feadaca0da81314ae59d232d4afd,36871.820821781526
