last_day,last_updated_max,n_holders,token_address,token_standard,token_symbol
2026-08-31,2026-08-31 21:19:08.000 UTC,174824,0xd0601ce157db5bdc3162bbac2a2c8af5320d9eec,erc20,NVDA
2026-08-31,2026-08-31 21:19:07.000 UTC,94905,0x4a0e65a3eccec6dbe60ae065f2e7bb85fae35eea,erc20,SPCX
2026-08-31,2026-08-31 21:19:02.000 UTC,82408,0xaf3d76f1834a1d425780943c99ea8a608f8a93f9,erc20,AAPL
2026-08-31,2026-08-31 21:19:01.000 UTC,72042,0x322f0929c4625ed5bad873c95208d54e1c003b2d,erc20,TSLA
2026-08-31,2026-08-31 21:19:04.000 UTC,64290,0x2e0847e8910a9732eb3fb1bb4b70a580adad4fe3,erc20,GOOGL
2026-08-31,2026-08-31 21:19:08.000 UTC,63605,0x117cc2133c37b721f49de2a7a74833232b3b4c0c,erc20,SPY
2026-08-31,2026-08-31 21:19:06.000 UTC,55902,0xe93237c50d904957cf27e7b1133b510c669c2e74,erc20,MSFT
2026-08-31,2026-08-31 21:19:06.000 UTC,52202,0x1b0e319c6a659f002271b69db8a7df2f911c153e,erc20,GME
2026-08-31,2026-08-31 21:19:08.000 UTC,49624,0x12f190a9f9d7d37a250758b26824b97ce941bf54,erc20,AMZN
2026-08-31,2026-08-31 21:19:06.000 UTC,46774,0x894e1ec2d74ffe5aef8dc8a9e84686accb964f2a,erc20,PLTR
2026-08-31,2026-08-31 21:18:33.000 UTC,45900,0x86923f96303d656e4aa86d9d42d1e57ad2023fdc,erc20,AMD
2026-08-31,2026-08-31 21:19:07.000 UTC,39001,0xff080c8ce2e5feadaca0da81314ae59d232d4afd,erc20,MU
2026-08-31,2026-08-31 21:19:06.000 UTC,35562,0xc0d6457c16cc70d6790dd43521c899c87ce02f35,erc20,META
2026-08-31,2026-08-31 21:19:03.000 UTC,30431,0xb90a19ff0af67f7779aff50a882a9cff42446400,erc20,SNDK
2026-08-31,2026-08-31 21:19:08.000 UTC,29670,0x6330d8c3178a418788df01a47479c0ce7ccf450b,erc20,COIN
2026-08-31,2026-08-31 21:18:29.000 UTC,28194,0xc72b96e0e48ecd4dc75e1e45396e26300bc39681,erc20,INTC
2026-08-31,2026-08-31 21:18:38.000 UTC,20845,0xb0992820e760d836549ba69bc7598b4af75dee03,erc20,ORCL
2026-08-31,2026-08-31 21:18:22.000 UTC,20620,0xd917b029c761d264c6a312bbbcda868658ef86a6,erc20,USAR
2026-08-31,2026-08-31 21:14:57.000 UTC,20255,0x5f10a1c971b69e47e059e1dc91901b59b3fb49c3,erc20,CRWV
2026-08-31,2026-08-31 21:19:03.000 UTC,18186,0x05b37fb53a299a1b874a619e1c4c404d52c36f4c,erc20,RDDT
2026-08-31,2026-08-31 21:12:18.000 UTC,17073,0x822cc93ffd030293e9842c30bbd678f530701867,erc20,BE
2026-08-31,2026-08-31 21:18:44.000 UTC,16815,0x1d11f0496982706c5e14a514d4e79f2e6bde4516,erc20,DJT
2026-08-31,2026-08-31 21:18:57.000 UTC,14650,0xd5f3879160bc7c32ebb4dc785f8a4f505888de68,erc20,QQQ
2026-08-31,2026-08-31 21:19:04.000 UTC,13869,0xe0444ef8bf4ed74f74fd73686e2ddf4c1c5591e8,erc20,NFLX
2026-08-31,2026-08-31 21:19:08.000 UTC,13821,0x4ea005168d7f09a7a0ba9d1def21a479950e44c2,erc20,COST
2026-08-31,2026-08-31 21:18:25.000 UTC,12540,0xdf0992e440dd0be65bd8439b609d6d4366bf1cb5,erc20,CRCL
2026-08-31,2026-08-31 21:18:36.000 UTC,12127,0xc9a981fee1f9dec688bb123ccdecc63d0debfc4e,erc20,GLD
2026-08-31,2026-08-31 21:19:06.000 UTC,10693,0xa30fa36db767ad9ed3f7a60fc79526fb4d56d344,erc20,USO
2026-08-31,2026-08-31 21:19:07.000 UTC,9258,0xec262a75e413fafd0df80480274532c79d42da09,erc20,MSTR
2026-08-31,2026-08-31 21:18:06.000 UTC,8566,0x411efb0e7f985935daec3d4c3ebaea0d0ad7d89f,erc20,SLV
2026-08-31,2026-08-31 21:18:36.000 UTC,6748,0x5e81213613b6b86eab4c6c50d718d34359459786,erc20,TTWO
2026-08-31,2026-08-31 21:18:46.000 UTC,5848,0x58ffe4a942d3885baa22d7520691f611ef09e7aa,erc20,TSM
2026-08-31,2026-08-31 21:19:05.000 UTC,5060,0xf0c4bf4c582cb3836e98394b1d4e7b7281101be8,erc20,RBLX
2026-08-31,2026-08-31 21:19:02.000 UTC,3271,0x48e39e56acdba37b09020c0b734a613c9a2f100a,erc20,BB
2026-08-31,2026-08-31 21:18:53.000 UTC,3216,0x941ae714ec6d8130c7b75d67160ca08f1e7d11dd,erc20,DELL
2026-08-31,2026-08-31 20:55:04.000 UTC,3197,0xf9b46d3d1b22199d4d1025a9cedb540a33f1a2d5,erc20,XOM
2026-08-31,2026-08-31 21:18:36.000 UTC,2861,0xccee82fe024c36fa15e1005ede3e9e4787e23d09,erc20,HIMS
2026-08-31,2026-08-31 20:31:56.000 UTC,2792,0x36046893810a7e7fce501229d57dc3fc8c8716d0,erc20,AMAT
2026-08-31,2026-08-31 21:19:08.000 UTC,2271,0x59818904ab4ce163b3ce4ffb64f2d6ca02c434b4,erc20,QUBT
2026-08-31,2026-08-31 21:18:30.000 UTC,2229,0x43b07d15ce533bec5476d70c22a78a1b2b662155,erc20,MRNA
2026-08-31,2026-08-31 21:19:00.000 UTC,2103,0x62fd0668e10d8b72339be2dcf7643001688ff13b,erc20,MRVL
2026-08-31,2026-08-31 21:18:57.000 UTC,2040,0x05a3d1cd21d0c88145e82600e62e7e496e0f222b,erc20,AMC
2026-08-31,2026-08-31 19:09:24.000 UTC,1923,0x156e175dd063a8ce274c50654ef40e0032b3fbcf,erc20,AVGO
2026-08-31,2026-08-31 21:12:02.000 UTC,1883,0x0f17206447090e464c277571124dd2688e48aea9,erc20,QCOM
2026-08-31,2026-08-31 21:14:59.000 UTC,1875,0x8005d266423c7ea827372c9c864491e5786600ea,erc20,LLY
2026-08-31,2026-08-31 21:16:10.000 UTC,1291,0x84cab63bc87912e71ad199ff14a0ba45de68fef8,erc20,SKHY
2026-08-31,2026-08-31 21:16:38.000 UTC,1232,0x1cdad396db64bda184d5182a97dd9b3c62100b7d,erc20,P
2026-08-31,2026-08-31 21:19:08.000 UTC,896,0x9e7abd3c9139d14e4c86dce0e455aab7a0c2fb3e,erc20,WYFI
2026-08-31,2026-08-31 21:19:07.000 UTC,873,0x92fd66527192e3e61d4ddd13322aa222de86f9b5,erc20,SGOV
2026-08-31,2026-08-31 21:19:07.000 UTC,787,0x408c14038a04f7bd235329e26d2bf569ee20e250,erc20,NU
2026-08-31,2026-08-31 21:17:15.000 UTC,641,0xb8dbf92f9741c9ac1c32115e78581f23509916fd,erc20,APLD
2026-08-31,2026-08-31 20:21:48.000 UTC,588,0xb1bf26c1d20ff267a4f93550d1e0d06ac40a114b,erc20,RIVN
2026-08-31,2026-08-31 21:17:53.000 UTC,576,0xad25ac6c84d497db898fa1e8387bf6af3532a1c4,erc20,BABA
2026-08-31,2026-08-31 21:18:35.000 UTC,480,0x47f93d52cbec7c6d2cfc080e154002370a60daea,erc20,ASML
2026-08-31,2026-08-31 21:16:31.000 UTC,425,0x9b23573b156b52565012f5ce02cdf60afbaa70be,erc20,PENG
2026-08-31,2026-08-31 21:13:36.000 UTC,329,0xf53f66751b1eff985311b693531e3290f600c410,erc20,SHOP
2026-08-31,2026-08-31 21:19:07.000 UTC,257,0x6e3dfd9f7e1649baa14d25cac18c94d62db10a54,erc20,SOUN
2026-08-31,2026-08-31 21:16:51.000 UTC,253,0xbef75684c43c4ea7bd18dd532a2244674ee8b926,erc20,NNE
2026-08-31,2026-08-31 21:19:05.000 UTC,251,0xfde6b5d9bb419b10c23268c74e369abff39c0460,erc20,RCAT
2026-08-31,2026-08-31 21:05:32.000 UTC,248,0x98e75885157c80992a8d41b696d8c9c6fb30a926,erc20,SOFI
2026-08-31,2026-08-31 21:19:02.000 UTC,244,0x03dfbbe0ac4e7bcdafd08ed41a400326b77d8c80,erc20,JNJ
2026-08-31,2026-08-31 20:21:57.000 UTC,229,0x3b14c39e89d60d627b42a1a4ca45b5bb45fc12e2,erc20,RKLB
2026-08-31,2026-08-31 21:19:02.000 UTC,226,0x44c4f142009036cf477ed2d09932051843137cf1,erc20,ZM
2026-08-31,2026-08-31 21:18:32.000 UTC,218,0x980dcf6766fa79f5cf0c4aadb3ab477ff15a9619,erc20,IBM
2026-08-31,2026-08-31 21:18:23.000 UTC,216,0xcef9027c7d6985b85f0ba431125073529a947a68,erc20,BULL
2026-08-31,2026-08-31 21:16:08.000 UTC,193,0x9d9c6684f596f66a64c030b93a886d51fd4d7931,erc20,NBIS
2026-08-31,2026-08-31 21:07:42.000 UTC,190,0x521cf887e6531c6f667b5bc4d896e5d9bfe8eb2e,erc20,AAOI
2026-08-31,2026-08-31 21:16:06.000 UTC,178,0x116f00968269b7bfbad4109ce591d6e74c0601d4,erc20,NET
2026-08-31,2026-08-31 21:04:28.000 UTC,177,0xc01aa1fecec0605b13bc84874ff7256c0f5f562a,erc20,SMCI
2026-08-31,2026-08-31 21:18:34.000 UTC,175,0x2d427692e928fa156ec22acfabafa0447c5805b7,erc20,GLXY
2026-08-31,2026-08-31 20:36:57.000 UTC,172,0xf0ab0c93be6f41369d302e55db1a96b3c430212d,erc20,IREN
2026-08-31,2026-08-31 21:15:01.000 UTC,167,0x1af6446f07eb1d97c546afc8c9544cbdf3ad5137,erc20,ASTS
2026-08-31,2026-08-31 20:43:43.000 UTC,165,0x48961813349333209994750ffa89b3c5c22ec969,erc20,MXL
2026-08-31,2026-08-31 21:18:16.000 UTC,163,0x27c99fbde9d0d2aa4f4bfb4943f237843ddf6958,erc20,DDOG
2026-08-31,2026-08-31 21:19:00.000 UTC,161,0x4e62068525ab11fe768e29dfd00ef909b9803016,erc20,LULU
2026-08-31,2026-08-31 21:19:08.000 UTC,161,0x25c288e6d899b9bc30160965ad9644c67e73be0c,erc20,F
2026-08-31,2026-08-31 20:25:27.000 UTC,161,0x8ef20885f94e3d9bc7eb3080279188bd5ed7c08c,erc20,LITE
2026-08-31,2026-08-31 21:18:45.000 UTC,148,0x0c3260af4b8f13a69c4c2dfb84fd667890cdfa14,erc20,NOW
2026-08-31,2026-08-31 21:17:09.000 UTC,142,0x8cf07c5a878945185d327aaa6e33faa95f95e7bf,erc20,CELH
2026-08-31,2026-08-31 20:35:42.000 UTC,116,0xcf6b2d875361be807eafa57458c80f28521f9333,erc20,POET
2026-08-31,2026-08-31 20:23:59.000 UTC,113,0x558378e000d634a36593e338ebacdd6207640efe,erc20,IONQ
2026-08-31,2026-08-31 21:16:29.000 UTC,112,0xc583c60aef9dc401da72cec1b404743a93cea1cc,erc20,QBTS
2026-08-31,2026-08-31 20:33:52.000 UTC,112,0x284358abc07f9359f19f4b5b4ac91901be2597ba,erc20,RGTI
2026-08-31,2026-08-31 20:38:03.000 UTC,107,0x7f0abef0c07280f82c6a08ead09ded6bae2c13fc,erc20,EWY
2026-08-31,2026-08-31 20:35:42.000 UTC,107,0xf23250dac154d05bb671cb0d0ebef3c635c79ce2,erc20,UPS
2026-08-31,2026-08-31 21:19:06.000 UTC,107,0x9651342cea770ae9a2969ba2a52611523146aef9,erc20,CCL
2026-08-31,2026-08-31 21:18:47.000 UTC,107,0xba0cab75495255d0cb58e22b648bfed4ecd1f47e,erc20,SNOW
2026-08-31,2026-08-31 21:17:07.000 UTC,106,0xf6589f11bc40b669e584073f428b05562f568733,erc20,SNAP
2026-08-31,2026-08-31 20:35:33.000 UTC,106,0xb1cc0ec7db69cf43539119814df40071b9d61793,erc20,TEM
2026-08-31,2026-08-31 20:04:41.000 UTC,104,0xcbb95bbf36099d34da091dc6fa6f49efa257cee3,erc20,CLSK
2026-08-31,2026-08-31 21:18:39.000 UTC,103,0x4d21483a44bf67a86b77e3da301411880797d452,erc20,BA
2026-08-31,2026-08-31 20:20:56.000 UTC,102,0x92ef19e82bd8ff36661de838d5eae7e5cef0effe,erc20,RDW
2026-08-31,2026-08-31 21:14:40.000 UTC,101,0x232b8ed6377be97813853b0ac104c4cda8378d1b,erc20,ADBE
2026-08-31,2026-08-31 21:16:07.000 UTC,99,0x756bc80af765c82da966a788858d65adf14f3793,erc20,RUN
2026-08-31,2026-08-31 21:19:06.000 UTC,94,0xeb30663bdff0622ef4e4e5cbb4e975f19f33f51d,erc20,FUTU
2026-08-31,2026-08-31 21:13:38.000 UTC,90,0x348be1a8663f15edde5cdf8a96bb69078f7ab6fd,erc20,WULF
2026-08-31,2026-08-31 20:30:16.000 UTC,90,0x75742c18bc1f1c5c5f448f4c9d9c6f66dafaaa38,erc20,SOXX
2026-08-31,2026-08-31 20:20:50.000 UTC,90,0xa5d4968421ba94814be3b136b15cf422101ac1a3,erc20,LUNR
2026-08-31,2026-08-31 20:26:19.000 UTC,89,0xad622320e520de39e72d41ef07438c3fd3354875,erc20,SPMO
2026-08-31,2026-08-31 21:17:35.000 UTC,88,0xbbd09f72b025360fee5c928053dca6248d35be54,erc20,ON
2026-08-31,2026-08-31 20:23:48.000 UTC,88,0x15cd20759ce7f3285c29a319de2d1a2e098c6f43,erc20,XLK
2026-08-31,2026-08-31 20:40:47.000 UTC,86,0x82da4646242e1d962e96e932269dc644c94a9caa,erc20,WDAY
2026-08-31,2026-08-31 20:22:14.000 UTC,85,0xa8eb3bccbf2017ee7cbfb652eb51cf2e1b153289,erc20,XNDU
2026-08-31,2026-08-31 21:18:33.000 UTC,83,0x282e87451e10fa6679bc7d76c69be44cd3fc777c,erc20,FLNC
2026-08-31,2026-08-31 21:03:17.000 UTC,82,0x62200915e7deab1ec7f79fb246dadbb80eacddd0,erc20,CLOV
2026-08-31,2026-08-31 21:03:16.000 UTC,81,0x5c90450bbb4273d7b2f17cf6917aeb237a569679,erc20,CBRS
2026-08-31,2026-08-31 21:19:04.000 UTC,79,0x63b814ddbd6bf339f25fed8c36158a008d5b373e,erc20,GE
2026-08-31,2026-08-31 20:50:40.000 UTC,78,0x41f4267525a8aff329540ef24fd83d9044758b33,erc20,FIG
2026-08-31,2026-08-31 20:20:57.000 UTC,78,0x7c04e6a3368f2a1de3874f0e80d2e0a1a9915da6,erc20,GLW
2026-08-31,2026-08-31 20:24:05.000 UTC,77,0x56d23bee5f41a7120170b0c603dae30128e460e9,erc20,INTU
2026-08-31,2026-08-31 20:24:00.000 UTC,76,0xa249baf1063af884807c1e1400aef7784836917e,erc20,APP
2026-08-31,2026-08-31 20:49:27.000 UTC,75,0xbe6702d7b70315376dc48a3293f24f0982f86386,erc20,NVTS
2026-08-31,2026-08-31 21:01:39.000 UTC,75,0xf543967eebb6f1917992ef0e68de63ab07a5a0da,erc20,CSCO
2026-08-31,2026-08-31 20:14:28.000 UTC,73,0x89776d4cd68193597a2fc132cfac1fde36ccea8a,erc20,TSEM
2026-08-31,2026-08-31 20:20:57.000 UTC,71,0xf1953dab6fad537488d5a022361ffaa8b4c95ec6,erc20,INOD
2026-08-31,2026-08-31 20:03:43.000 UTC,68,0xea72ecca2d0f6bfa1394dbbcff85b52cd4233931,erc20,CRWD
2026-08-31,2026-08-31 20:23:53.000 UTC,64,0xd95b44124e475743a7589e68f3d74008a5536d44,erc20,CRM
2026-08-31,2026-08-31 20:33:33.000 UTC,64,0x0e6e67ba88e7b5d9b67636a215c76779b948de79,erc20,UMC
2026-08-31,2026-08-31 21:18:56.000 UTC,63,0x7dc013eb55e436f30d7ed1afe4e36d6e45e3c3f7,erc20,ZS
2026-08-31,2026-08-31 20:23:14.000 UTC,63,0x4189f0c66ebbb0bfef1c31f763131361ef32f77c,erc20,PR
2026-08-31,2026-08-31 20:54:38.000 UTC,61,0x39ec44bee4f6a116c6f9b8de566848a985c53c60,erc20,ELF
2026-08-31,2026-08-31 20:21:13.000 UTC,60,0xc02f12b9fe9e707079ec0d546f3050d3f6c1f8bd,erc20,DOCN
2026-08-31,2026-07-29 09:54:30.000 UTC,58,0xc93a8c440cea26d7445df01729f193b27965099f,erc20,WEEK
2026-08-31,2026-08-31 20:27:31.000 UTC,57,0xddf2266b79abf0b48898959b0ed6e6adf512be74,erc20,MDB
2026-08-31,2026-08-31 20:23:56.000 UTC,55,0xb039597ed45cba7b6e2fb9e8be51802969cee5be,erc20,PANW
2026-08-31,2026-08-31 21:04:54.000 UTC,55,0xa4f319104089fe321dc8093c6e707d4fe190a988,erc20,CVNA
2026-08-31,2026-08-31 20:27:08.000 UTC,53,0x92f9f459f1a9a5ad266b182be7bffd1c6c666894,erc20,COHR
2026-08-31,2026-08-31 21:12:50.000 UTC,52,0xb1969f6604ca1ae7a2cd3f1827876e914594ca2d,erc20,TE
2026-08-31,2026-08-31 20:38:42.000 UTC,49,0xcf364ea52787e289de6f32077834056e3e70d6a8,erc20,UNH
2026-08-31,2026-08-31 20:57:53.000 UTC,48,0x12e3c047bf9aecaf9ddc98c05c31bfd1dd043993,erc20,KSS
2026-08-31,2026-08-31 20:29:57.000 UTC,48,0x59dd09d4900c2e4b5f75b7c0d4e6796fcc234cb1,erc20,HPE
2026-08-31,2026-08-31 20:21:32.000 UTC,47,0x1eebee7f74517e0279dfb09d25b0407beec3fdd6,erc20,SMR
2026-08-31,2026-08-31 21:13:30.000 UTC,45,0x329fcaceb9ad6f9580dd5f643fed0646900d043c,erc20,LMT
2026-08-31,2026-08-31 20:25:27.000 UTC,45,0xdd356aa38f40a7b7076755ac854b6fbb1f0d305b,erc20,AMKR
2026-08-31,2026-08-31 20:25:29.000 UTC,44,0xf6290b5e7c26502e2da514c31509849718ea76a5,erc20,AVAV
2026-08-31,2026-08-31 20:31:55.000 UTC,43,0x0b5fb4031cae9163db10b169ee72685f0edc8545,erc20,TTD
2026-08-31,2026-08-31 20:35:11.000 UTC,43,0x8b2f88497f15a18e9d4ffa1a8ffb8538399ae774,erc20,OKLO
2026-08-31,2026-08-31 11:47:51.000 UTC,42,0x0594134df3f171a354d9c85ebd65b7a6148f6d09,erc20,VTI
2026-08-31,2026-08-31 20:05:14.000 UTC,42,0x44f6d488021f8233b9416294d1fe9b1fee28382d,erc20,CIEN
2026-08-31,2026-08-31 20:14:15.000 UTC,42,0xf52597345a8edf418bc4071b4a35112472277d3e,erc20,WDC
2026-08-31,2026-08-31 20:25:16.000 UTC,41,0xb334c5ce741b80b5b671f47f5c269cb193fe8e24,erc20,JOBY
2026-08-31,2026-08-31 20:25:16.000 UTC,39,0x7fd06a4d81ccfa3f351394e144d5191874c31313,erc20,KTOS
2026-08-31,2026-08-31 20:25:22.000 UTC,39,0x96b933c74ecb4a0926b9210cef7b743ef46be2e9,erc20,KLAC
2026-08-31,2026-08-31 20:48:12.000 UTC,39,0x373c06c4f7bde527d7dae4ba169e42b55e393ced,erc20,AUR
2026-08-31,2026-08-31 20:25:29.000 UTC,38,0x748c32c3ca24edf31ea597db1f3d330a7a6da3dc,erc20,ALAB
2026-08-31,2026-08-31 20:52:08.000 UTC,37,0xaa4d64474c172010ab57719cb9951e6142a100d3,erc20,PL
2026-08-31,2026-08-31 21:13:11.000 UTC,37,0xae517a2903e68bd929dfd15be875f8369d53e94a,erc20,CEG
2026-08-31,2026-08-31 20:04:52.000 UTC,36,0x57b0030166db0c31690d1a5aa167e2e26e2c29a4,erc20,LRCX
2026-08-31,2026-08-31 20:20:50.000 UTC,36,0x237c16d66590f67b886d978acd362eaead8b18c7,erc20,POWL
2026-08-31,2026-08-31 20:14:22.000 UTC,35,0xfa78c12e6488814a0262e4e802749a4a737d5fb7,erc20,VRT
2026-08-31,2026-08-31 21:14:08.000 UTC,34,0xfb2664f07b6aadd29ea7a59d8859b1aeb8645cda,erc20,PATH
2026-08-31,2026-08-31 20:21:07.000 UTC,33,0xbf449977089c718c004a66c554b26b94ef3ad4de,erc20,CLS
2026-08-31,2026-08-31 21:12:25.000 UTC,32,0x03bc731ffb162cdd7b98d3c6542bfc291126075d,erc20,FLY
2026-08-31,2026-08-31 20:24:54.000 UTC,31,0x072f979c2cac8e1391b0162a87fee094bf8744a0,erc20,SMH
2026-08-31,2026-08-31 20:49:49.000 UTC,31,0x7066a64c24e4206cd62e83bf198c1e7eb361f51e,erc20,PFE
2026-08-31,2026-08-31 20:21:00.000 UTC,31,0x2778c5024d5ca2cdb0f8ead671ffc69963adcd9c,erc20,TER
2026-08-31,2026-08-31 21:15:47.000 UTC,30,0x3139d77ace0cbaa5bdfd38bd1f1911a794af0b0e,erc20,ABCL
2026-08-31,2026-08-31 21:04:42.000 UTC,30,0x4d67253bc223e6b0e104f1084c1fb2b669ddc41b,erc20,CRDO
2026-08-31,2026-08-31 13:31:14.000 UTC,29,0xacef2e09adb47ad6abebad9ff06689e60615c2b6,erc20,INDA
2026-08-31,2026-08-31 20:25:23.000 UTC,29,0x52d50d0280ad1054b43f052bd70a49a212a1b128,erc20,MPWR
2026-08-31,2026-08-31 20:21:12.000 UTC,29,0x28babd556b60e53663b8615036479a29c2cdd1bf,erc20,ANET
2026-08-31,2026-08-31 20:20:50.000 UTC,29,0xc6cbad1016b38b797610c25e1dc7d95988b1f362,erc20,MOD
2026-08-31,2026-08-31 20:23:51.000 UTC,29,0x3fb8976980d486084b2eb4a404bd12e72823958f,erc20,FTNT
2026-08-31,2026-08-31 18:45:36.000 UTC,29,0x99d9d8663545151603863c5acbd6fc3218899009,erc20,AMBA
2026-08-31,2026-08-31 21:18:55.000 UTC,28,0x5b97476b922f3305131b8f0b9d333172e87f4aae,erc20,TEAM
2026-08-31,2026-08-31 20:16:50.000 UTC,27,0xc93f4d80e268ab922e871bd169156c3cc41894e6,erc20,MTSI
2026-08-31,2026-08-31 14:53:04.000 UTC,27,0xbe274710bf3d9567e1b290ef6a5f9f90ca016fd8,erc20,SHY
2026-08-31,2026-08-31 20:27:37.000 UTC,27,0x26dcbfb34fc83cabd6990f449674efdc6097ff85,erc20,VSAT
2026-08-31,2026-08-31 20:32:06.000 UTC,26,0x48d60243c66437c6ac3c2495be94747aed5dfe25,erc20,LHX
2026-08-31,2026-08-31 20:16:41.000 UTC,26,0x40e7a279850e443f582059ae5dc1c3b6563e6395,erc20,OUST
2026-08-31,2026-08-31 20:31:01.000 UTC,26,0x285b231728c7e4333799183df1094d775246a535,erc20,SLS
2026-08-31,2026-08-31 18:32:53.000 UTC,26,0xd63abb2c13d7a8421a8017a712802053568e3c1d,erc20,SCHD
2026-08-31,2026-08-31 21:13:20.000 UTC,25,0x7c148f74ac7445d1f28366b7fcdc6792a9fcd0cf,erc20,IBRX
2026-08-31,2026-08-31 21:09:44.000 UTC,25,0xb853bc83a753342a4f8320ea680b4b1e84118d21,erc20,INFQ
2026-08-31,2026-08-31 20:13:26.000 UTC,25,0xfaf9cb261b5fcc1f404bb10cd39c5c6c1974e612,erc20,AEIS
2026-08-31,2026-08-31 20:21:07.000 UTC,23,0x9ece29a4a2397c0a35fb5fa8ee2b9509130a98cc,erc20,FISV
2026-08-31,2026-08-31 20:53:21.000 UTC,23,0x5f604fba1162193a4388a5dfa56f556f3e133cc2,erc20,AEHR
2026-08-31,2026-08-31 20:27:48.000 UTC,23,0xeaf2512dfc1beac608f8794b3793cd4e02894aa6,erc20,JBL
2026-08-31,2026-08-31 20:20:50.000 UTC,23,0xc27dbd474af5181c5a8777903690d8d262d12648,erc20,AXON
2026-08-31,2026-08-31 20:25:18.000 UTC,22,0x94b8aae43a1ccc08aa64b7d1f29b4d920af4a0c9,erc20,GEV
2026-08-31,2026-08-31 20:25:15.000 UTC,22,0x561e2a49212b7ccf47f2744ccb83e200722fadbc,erc20,VST
2026-08-31,2026-08-31 18:47:44.000 UTC,22,0x1c690498150252222c275a5ced69d3a6b1f52d5e,erc20,EWT
2026-08-31,2026-08-31 20:21:07.000 UTC,21,0x141eea040c2250eec0314e336975e81f85f6585e,erc20,AXTI
2026-08-31,2026-08-31 20:04:48.000 UTC,21,0xeb61c0ed490a367d4e3631ccf8a74b3bfc7e775d,erc20,HII
2026-08-31,2026-08-31 20:32:22.000 UTC,21,0xaea445c5f3db1a462998ccc422a875a361ee5d99,erc20,HWM
2026-08-31,2026-08-31 20:04:37.000 UTC,19,0xa48f22a46c0f1c46ca7d111cb6c137c271987180,erc20,FICO
2026-08-31,2026-08-31 20:21:07.000 UTC,18,0x63d5a3b6939a33f1e75d8bcd85759858239600db,erc20,CTSH
2026-08-31,2026-08-31 20:21:50.000 UTC,18,0x6006ed4b2f94110851ff7509d97d034f0eed9226,erc20,VICR
2026-08-31,2026-08-31 20:25:18.000 UTC,17,0x9ab02ead789b6903c3c44d0ed32f9c707cdf12fd,erc20,PWR
2026-08-31,2026-08-31 20:29:06.000 UTC,17,0xf7181b63fdb858558a74ba96bc42732684cd7965,erc20,NAVN
2026-08-31,2026-08-31 20:16:57.000 UTC,17,0x77e655e37f4d913fb9540e0d541d824171a60e81,erc20,SIMO
2026-08-31,2026-08-31 20:16:54.000 UTC,16,0x8ff63eaeee3fe54ba450c4f5538064ec5a893aef,erc20,ONTO
2026-08-31,2026-08-31 20:25:22.000 UTC,11,0x93dbb1d2dc5d63f4abacff30485273f538df68ac,erc20,FIX
2026-08-31,2026-08-12 15:49:55.000 UTC,7,0x95052ddcd5dc25641657424a8cf04834997e1730,erc20,SATS
