n_trades,n_trades_closed_hours,projects,token_address,vol_usd
392893,288004,"['gigadex', 'uniswap', 'ramsesxyz']",0x1d11f0496982706c5e14a514d4e79f2e6bde4516,46814761.71822315
354547,327117,"['uniswap', 'gigadex']",0xc9a981fee1f9dec688bb123ccdecc63d0debfc4e,47799155.19644196
68344,47287,"['uniswap', 'ramsesxyz']",0xccee82fe024c36fa15e1005ede3e9e4787e23d09,27097244.03784861
65879,42519,"['uniswap', 'ramsesxyz', '1inch-LOP']",0x9e7abd3c9139d14e4c86dce0e455aab7a0c2fb3e,15761577.889769856
56256,39071,"['gigadex', 'uniswap', 'ramsesxyz']",0x43b07d15ce533bec5476d70c22a78a1b2b662155,7179961.471657213
48498,39917,['uniswap'],0x05a3d1cd21d0c88145e82600e62e7e496e0f222b,10369762.642165856
15786,12308,['uniswap'],0x48e39e56acdba37b09020c0b734a613c9a2f100a,1826799.272735599
7125,4809,['uniswap'],0x84cab63bc87912e71ad199ff14a0ba45de68fef8,700330.5828796944
6488,6355,['uniswap'],0x6e3dfd9f7e1649baa14d25cac18c94d62db10a54,608381.854259228
4528,4484,['uniswap'],0x03dfbbe0ac4e7bcdafd08ed41a400326b77d8c80,408047.2806479347
4132,3454,"['uniswap', 'uponrh']",0xfde6b5d9bb419b10c23268c74e369abff39c0460,265335.6417272473
3044,2346,"['uniswap', 'uponrh']",0xcef9027c7d6985b85f0ba431125073529a947a68,315079.5090282721
2596,273,['uniswap'],0x980dcf6766fa79f5cf0c4aadb3ab477ff15a9619,226312.29475853298
1583,1510,['uniswap'],0x116f00968269b7bfbad4109ce591d6e74c0601d4,146467.6997569752
1576,1490,['uniswap'],0xf6589f11bc40b669e584073f428b05562f568733,109971.8161795278
1087,420,"['uniswap', 'uponrh']",0x2d427692e928fa156ec22acfabafa0447c5805b7,67531.61259608249
1022,953,['uniswap'],0xba0cab75495255d0cb58e22b648bfed4ecd1f47e,69242.89576456933
825,770,['uniswap'],0x756bc80af765c82da966a788858d65adf14f3793,46784.613455506915
599,591,['uniswap'],0x561e2a49212b7ccf47f2744ccb83e200722fadbc,55287.34623944993
558,529,['uniswap'],0x63b814ddbd6bf339f25fed8c36158a008d5b373e,33882.632557068755
381,317,['uniswap'],0xb1969f6604ca1ae7a2cd3f1827876e914594ca2d,26829.283136476944
369,260,['uniswap'],0x348be1a8663f15edde5cdf8a96bb69078f7ab6fd,10801.436899540122
288,229,['uniswap'],0xbbd09f72b025360fee5c928053dca6248d35be54,14736.208091136541
284,193,['uniswap'],0x41f4267525a8aff329540ef24fd83d9044758b33,9417.427104297469
284,179,['uniswap'],0x62200915e7deab1ec7f79fb246dadbb80eacddd0,8262.698302397204
270,212,['uniswap'],0x232b8ed6377be97813853b0ac104c4cda8378d1b,7566.771656963608
260,192,['uniswap'],0xa249baf1063af884807c1e1400aef7784836917e,4433.520289944086
252,190,['uniswap'],0xb1cc0ec7db69cf43539119814df40071b9d61793,6159.229525597007
199,167,['uniswap'],0xf543967eebb6f1917992ef0e68de63ab07a5a0da,3911.2905294102843
196,146,['uniswap'],0x92f9f459f1a9a5ad266b182be7bffd1c6c666894,3973.8441759943403
177,98,['uniswap'],0xc02f12b9fe9e707079ec0d546f3050d3f6c1f8bd,3691.0455667829706
168,133,['uniswap'],0xb334c5ce741b80b5b671f47f5c269cb193fe8e24,2118.9759571515447
148,116,['uniswap'],0x59dd09d4900c2e4b5f75b7c0d4e6796fcc234cb1,3209.8549475650143
146,105,['uniswap'],0x12e3c047bf9aecaf9ddc98c05c31bfd1dd043993,985.8090148423497
144,82,['uniswap'],0xa4f319104089fe321dc8093c6e707d4fe190a988,4264.303159020211
142,74,['uniswap'],0x8b2f88497f15a18e9d4ffa1a8ffb8538399ae774,3799.110831903644
137,114,['uniswap'],0xc6cbad1016b38b797610c25e1dc7d95988b1f362,1020.6627708077441
133,97,['uniswap'],0xdd356aa38f40a7b7076755ac854b6fbb1f0d305b,3738.2224136980926
129,108,['uniswap'],0xaa4d64474c172010ab57719cb9951e6142a100d3,4629.291812166834
125,66,['uniswap'],0x1eebee7f74517e0279dfb09d25b0407beec3fdd6,1991.2613873155979
125,63,['uniswap'],0x7fd06a4d81ccfa3f351394e144d5191874c31313,2818.1211271039424
121,98,['uniswap'],0x0b5fb4031cae9163db10b169ee72685f0edc8545,1272.5435072030923
117,95,['uniswap'],0xae517a2903e68bd929dfd15be875f8369d53e94a,1531.7947061409498
114,78,['uniswap'],0xd95b44124e475743a7589e68f3d74008a5536d44,1806.7060967726654
110,62,['uniswap'],0x237c16d66590f67b886d978acd362eaead8b18c7,2782.758514544697
108,54,['uniswap'],0xb039597ed45cba7b6e2fb9e8be51802969cee5be,2041.9160002101282
101,64,['uniswap'],0xcf364ea52787e289de6f32077834056e3e70d6a8,1942.6286261837618
99,73,['uniswap'],0x96b933c74ecb4a0926b9210cef7b743ef46be2e9,2524.140794770037
93,78,['uniswap'],0x329fcaceb9ad6f9580dd5f643fed0646900d043c,1212.492096622054
92,44,['uniswap'],0xf6290b5e7c26502e2da514c31509849718ea76a5,1771.6341822071986
90,66,['uniswap'],0x44f6d488021f8233b9416294d1fe9b1fee28382d,803.0438086721709
88,61,['uniswap'],0xf52597345a8edf418bc4071b4a35112472277d3e,267.99743305520303
88,36,['uniswap'],0x52d50d0280ad1054b43f052bd70a49a212a1b128,2155.232183964488
85,55,['uniswap'],0xfa78c12e6488814a0262e4e802749a4a737d5fb7,910.5703768470929
83,45,['uniswap'],0x285b231728c7e4333799183df1094d775246a535,223.59670454819093
80,56,['uniswap'],0x57b0030166db0c31690d1a5aa167e2e26e2c29a4,578.5622174226255
79,33,['uniswap'],0x373c06c4f7bde527d7dae4ba169e42b55e393ced,2318.1144299888456
78,28,['uniswap'],0x40e7a279850e443f582059ae5dc1c3b6563e6395,1978.1045596269075
77,33,['uniswap'],0x141eea040c2250eec0314e336975e81f85f6585e,51.85040340482
75,49,['uniswap'],0x2778c5024d5ca2cdb0f8ead671ffc69963adcd9c,198.91399036836995
75,27,['uniswap'],0x748c32c3ca24edf31ea597db1f3d330a7a6da3dc,2213.0112189016545
74,39,['uniswap'],0x03bc731ffb162cdd7b98d3c6542bfc291126075d,1369.8492298474405
69,57,['uniswap'],0xacef2e09adb47ad6abebad9ff06689e60615c2b6,468.8172982259639
66,42,['uniswap'],0x3139d77ace0cbaa5bdfd38bd1f1911a794af0b0e,1111.860746243932
65,54,['uniswap'],0x072f979c2cac8e1391b0162a87fee094bf8744a0,707.3227320642313
63,26,['uniswap'],0x99d9d8663545151603863c5acbd6fc3218899009,1200.527763610616
62,36,['uniswap'],0x5f604fba1162193a4388a5dfa56f556f3e133cc2,697.1585250290556
62,41,['uniswap'],0x5b97476b922f3305131b8f0b9d333172e87f4aae,1561.4102013250226
61,37,['uniswap'],0xfb2664f07b6aadd29ea7a59d8859b1aeb8645cda,849.0923359927363
60,33,['uniswap'],0x3fb8976980d486084b2eb4a404bd12e72823958f,2126.0285112114125
60,26,['uniswap'],0xb853bc83a753342a4f8320ea680b4b1e84118d21,298.441314547128
60,34,['uniswap'],0x6006ed4b2f94110851ff7509d97d034f0eed9226,52.012268278200985
58,20,['uniswap'],0x26dcbfb34fc83cabd6990f449674efdc6097ff85,1219.078566000675
58,45,['uniswap'],0x0594134df3f171a354d9c85ebd65b7a6148f6d09,237.65696785319204
57,20,['uniswap'],0xfaf9cb261b5fcc1f404bb10cd39c5c6c1974e612,932.4266657503201
54,48,['uniswap'],0xbe274710bf3d9567e1b290ef6a5f9f90ca016fd8,410.9282881774512
53,21,['uniswap'],0x48d60243c66437c6ac3c2495be94747aed5dfe25,940.1015169153638
50,34,['uniswap'],0x7c148f74ac7445d1f28366b7fcdc6792a9fcd0cf,1545.9559542202037
47,34,['uniswap'],0x7066a64c24e4206cd62e83bf198c1e7eb361f51e,988.9307447731977
47,28,['uniswap'],0x94b8aae43a1ccc08aa64b7d1f29b4d920af4a0c9,180.30023699559598
47,29,['uniswap'],0x28babd556b60e53663b8615036479a29c2cdd1bf,330.86153850334705
47,37,['uniswap'],0xc27dbd474af5181c5a8777903690d8d262d12648,82.36891196336798
45,30,['uniswap'],0x9ab02ead789b6903c3c44d0ed32f9c707cdf12fd,152.96408236689098
44,28,['uniswap'],0x8ff63eaeee3fe54ba450c4f5538064ec5a893aef,51.925265601899
43,25,['uniswap'],0x77e655e37f4d913fb9540e0d541d824171a60e81,51.970063806396
42,30,['uniswap'],0x1c690498150252222c275a5ced69d3a6b1f52d5e,33.05463486581001
42,22,['uniswap'],0xbf449977089c718c004a66c554b26b94ef3ad4de,1046.313755080443
41,35,['uniswap'],0x9ece29a4a2397c0a35fb5fa8ee2b9509130a98cc,52.072425458398
41,33,['uniswap'],0xaea445c5f3db1a462998ccc422a875a361ee5d99,471.362117404703
40,30,['uniswap'],0xd63abb2c13d7a8421a8017a712802053568e3c1d,23.33509799073
38,29,['uniswap'],0xa48f22a46c0f1c46ca7d111cb6c137c271987180,120.99210930195399
31,24,['uniswap'],0xf7181b63fdb858558a74ba96bc42732684cd7965,52.00396496971999
30,7,['uniswap'],0xc93f4d80e268ab922e871bd169156c3cc41894e6,1009.6616604896265
30,6,['uniswap'],0x4d67253bc223e6b0e104f1084c1fb2b669ddc41b,336.7579945661855
18,7,['uniswap'],0xeaf2512dfc1beac608f8794b3793cd4e02894aa6,487.6756056953013
16,3,['uniswap'],0x93dbb1d2dc5d63f4abacff30485273f538df68ac,151.10043
10,1,['uniswap'],0xeb61c0ed490a367d4e3631ccf8a74b3bfc7e775d,306.5335285332379
8,3,['uniswap'],0x63d5a3b6939a33f1e75d8bcd85759858239600db,150.162411830577
