n_trades,n_trades_closed_hours,token_address,vol_usd
1786188,1199477,0xd0601ce157db5bdc3162bbac2a2c8af5320d9eec,561360389.4823322
1195968,750782,0x4a0e65a3eccec6dbe60ae065f2e7bb85fae35eea,253625615.1938224
1144131,902551,0x117cc2133c37b721f49de2a7a74833232b3b4c0c,216674584.30078653
977526,741663,0x1b0e319c6a659f002271b69db8a7df2f911c153e,144060301.17749736
448320,297333,0xaf3d76f1834a1d425780943c99ea8a608f8a93f9,52254085.93350962
392893,288004,0x1d11f0496982706c5e14a514d4e79f2e6bde4516,46814761.71822314
354547,327117,0xc9a981fee1f9dec688bb123ccdecc63d0debfc4e,47799155.19644194
323262,229843,0x05b37fb53a299a1b874a619e1c4c404d52c36f4c,33867564.09687849
220286,152297,0x322f0929c4625ed5bad873c95208d54e1c003b2d,26375654.133006234
187712,150866,0xec262a75e413fafd0df80480274532c79d42da09,31340145.102910116
177697,128801,0x2e0847e8910a9732eb3fb1bb4b70a580adad4fe3,18856151.64166938
139458,54119,0x5e81213613b6b86eab4c6c50d718d34359459786,15128502.714264909
130472,92836,0xe93237c50d904957cf27e7b1133b510c669c2e74,12612459.890389115
103026,77071,0x4ea005168d7f09a7a0ba9d1def21a479950e44c2,12429932.80987931
100415,85845,0xd5f3879160bc7c32ebb4dc785f8a4f505888de68,10107495.25768094
93981,65335,0xff080c8ce2e5feadaca0da81314ae59d232d4afd,15122822.361795714
87672,68727,0xa30fa36db767ad9ed3f7a60fc79526fb4d56d344,20320983.82841855
71095,43364,0x6330d8c3178a418788df01a47479c0ce7ccf450b,8920367.066918908
69664,47755,0x894e1ec2d74ffe5aef8dc8a9e84686accb964f2a,6013716.710727509
68344,47287,0xccee82fe024c36fa15e1005ede3e9e4787e23d09,27097244.0378486
66227,35186,0xc72b96e0e48ecd4dc75e1e45396e26300bc39681,9688294.394326137
65879,42519,0x9e7abd3c9139d14e4c86dce0e455aab7a0c2fb3e,15761577.88976986
63397,45810,0x12f190a9f9d7d37a250758b26824b97ce941bf54,4968782.684448129
61842,40716,0x86923f96303d656e4aa86d9d42d1e57ad2023fdc,3437990.8114149733
60288,40778,0xc0d6457c16cc70d6790dd43521c899c87ce02f35,5040703.06247695
56256,39071,0x43b07d15ce533bec5476d70c22a78a1b2b662155,7179961.471657209
54358,19026,0xf0c4bf4c582cb3836e98394b1d4e7b7281101be8,8543550.069429543
48498,39917,0x05a3d1cd21d0c88145e82600e62e7e496e0f222b,10369762.642165853
47252,28552,0xb90a19ff0af67f7779aff50a882a9cff42446400,7878413.195972712
46901,37509,0xe0444ef8bf4ed74f74fd73686e2ddf4c1c5591e8,4859573.349440779
39201,24679,0x58ffe4a942d3885baa22d7520691f611ef09e7aa,8250873.398938814
36428,30951,0x411efb0e7f985935daec3d4c3ebaea0d0ad7d89f,5036035.1544584725
35556,27864,0x59818904ab4ce163b3ce4ffb64f2d6ca02c434b4,6920183.293133875
31365,23681,0xdf0992e440dd0be65bd8439b609d6d4366bf1cb5,3841918.7327314834
22790,13790,0xd917b029c761d264c6a312bbbcda868658ef86a6,2103942.122821403
15786,12308,0x48e39e56acdba37b09020c0b734a613c9a2f100a,1826799.2727355983
9614,6304,0x941ae714ec6d8130c7b75d67160ca08f1e7d11dd,1123112.8671709246
9479,7302,0x408c14038a04f7bd235329e26d2bf569ee20e250,817826.0858938243
7125,4809,0x84cab63bc87912e71ad199ff14a0ba45de68fef8,700330.582879694
6854,6523,0x62fd0668e10d8b72339be2dcf7643001688ff13b,555610.5343903148
6488,6355,0x6e3dfd9f7e1649baa14d25cac18c94d62db10a54,608381.8542592281
5971,5853,0x8005d266423c7ea827372c9c864491e5786600ea,644593.0648008178
5867,5684,0x1cdad396db64bda184d5182a97dd9b3c62100b7d,429702.77297643764
5764,3803,0xb0992820e760d836549ba69bc7598b4af75dee03,210591.59692617194
5478,2635,0x9b23573b156b52565012f5ce02cdf60afbaa70be,201014.69114993908
4984,2988,0xad25ac6c84d497db898fa1e8387bf6af3532a1c4,282085.5223250448
4922,4154,0x47f93d52cbec7c6d2cfc080e154002370a60daea,427419.49449840805
4528,4484,0x03dfbbe0ac4e7bcdafd08ed41a400326b77d8c80,408047.2806479347
4132,3454,0xfde6b5d9bb419b10c23268c74e369abff39c0460,265335.6417272472
3326,2351,0x5f10a1c971b69e47e059e1dc91901b59b3fb49c3,80740.84904311561
3044,2346,0xcef9027c7d6985b85f0ba431125073529a947a68,315079.50902827224
2999,574,0x44c4f142009036cf477ed2d09932051843137cf1,252858.28904281533
2972,2525,0x27c99fbde9d0d2aa4f4bfb4943f237843ddf6958,173718.17645453388
2928,2730,0x92fd66527192e3e61d4ddd13322aa222de86f9b5,229946.28737595558
2822,1628,0x822cc93ffd030293e9842c30bbd678f530701867,127782.79964883332
2757,2651,0xbef75684c43c4ea7bd18dd532a2244674ee8b926,178712.70375157677
2596,273,0x980dcf6766fa79f5cf0c4aadb3ab477ff15a9619,226312.29475853298
2365,421,0x98e75885157c80992a8d41b696d8c9c6fb30a926,230496.81257161894
2112,1973,0x1af6446f07eb1d97c546afc8c9544cbdf3ad5137,235669.2819680003
2015,1932,0xb8dbf92f9741c9ac1c32115e78581f23509916fd,121469.77394921728
1583,1510,0x116f00968269b7bfbad4109ce591d6e74c0601d4,146467.6997569752
1576,1490,0xf6589f11bc40b669e584073f428b05562f568733,109971.81617952777
1154,904,0xb1bf26c1d20ff267a4f93550d1e0d06ac40a114b,67159.34871677902
1087,420,0x2d427692e928fa156ec22acfabafa0447c5805b7,67531.61259608246
1022,953,0xba0cab75495255d0cb58e22b648bfed4ecd1f47e,69242.89576456933
1003,786,0xf9b46d3d1b22199d4d1025a9cedb540a33f1a2d5,28950.042853392606
914,884,0x25c288e6d899b9bc30160965ad9644c67e73be0c,57483.86366113957
825,770,0x756bc80af765c82da966a788858d65adf14f3793,46784.613455506915
822,667,0x36046893810a7e7fce501229d57dc3fc8c8716d0,18740.413860340464
761,609,0x156e175dd063a8ce274c50654ef40e0032b3fbcf,11508.503987977554
723,468,0x521cf887e6531c6f667b5bc4d896e5d9bfe8eb2e,34282.186415515906
638,533,0x0f17206447090e464c277571124dd2688e48aea9,15091.635897804155
599,510,0xf53f66751b1eff985311b693531e3290f600c410,43371.33092892848
599,591,0x561e2a49212b7ccf47f2744ccb83e200722fadbc,55287.34623944992
599,409,0x3b14c39e89d60d627b42a1a4ca45b5bb45fc12e2,26414.542203236153
558,529,0x63b814ddbd6bf339f25fed8c36158a008d5b373e,33882.63255706874
537,320,0xc01aa1fecec0605b13bc84874ff7256c0f5f562a,22964.312221262
519,508,0xeb30663bdff0622ef4e4e5cbb4e975f19f33f51d,39253.29960050314
507,486,0x0c3260af4b8f13a69c4c2dfb84fd667890cdfa14,30231.810408641995
490,322,0x8ef20885f94e3d9bc7eb3080279188bd5ed7c08c,23352.65190278213
447,341,0x8cf07c5a878945185d327aaa6e33faa95f95e7bf,26589.309316656385
394,258,0xf0ab0c93be6f41369d302e55db1a96b3c430212d,16080.383551249677
392,338,0x4e62068525ab11fe768e29dfd00ef909b9803016,30040.960905068132
381,317,0xb1969f6604ca1ae7a2cd3f1827876e914594ca2d,26829.28313647694
371,156,0x48961813349333209994750ffa89b3c5c22ec969,15580.111785427966
369,260,0x348be1a8663f15edde5cdf8a96bb69078f7ab6fd,10801.436899540124
315,268,0x9651342cea770ae9a2969ba2a52611523146aef9,31713.042009610857
288,229,0xbbd09f72b025360fee5c928053dca6248d35be54,14736.208091136543
287,251,0x4d21483a44bf67a86b77e3da301411880797d452,18749.96975889499
284,193,0x41f4267525a8aff329540ef24fd83d9044758b33,9417.427104297467
284,179,0x62200915e7deab1ec7f79fb246dadbb80eacddd0,8262.698302397204
279,155,0xcbb95bbf36099d34da091dc6fa6f49efa257cee3,9908.776490256194
276,207,0x9d9c6684f596f66a64c030b93a886d51fd4d7931,7594.43548300216
270,212,0x232b8ed6377be97813853b0ac104c4cda8378d1b,7566.771656963605
260,192,0xa249baf1063af884807c1e1400aef7784836917e,4433.520289944085
252,190,0xb1cc0ec7db69cf43539119814df40071b9d61793,6159.2295255970075
215,165,0xc583c60aef9dc401da72cec1b404743a93cea1cc,8391.804592805438
209,186,0xea72ecca2d0f6bfa1394dbbcff85b52cd4233931,18757.45412044874
199,167,0xf543967eebb6f1917992ef0e68de63ab07a5a0da,3911.290529410285
196,146,0x92f9f459f1a9a5ad266b182be7bffd1c6c666894,3973.8441759943403
189,133,0x92ef19e82bd8ff36661de838d5eae7e5cef0effe,6028.243877825695
177,98,0xc02f12b9fe9e707079ec0d546f3050d3f6c1f8bd,3691.045566782972
168,133,0xb334c5ce741b80b5b671f47f5c269cb193fe8e24,2118.975957151545
168,102,0x284358abc07f9359f19f4b5b4ac91901be2597ba,7899.163221902823
166,153,0x282e87451e10fa6679bc7d76c69be44cd3fc777c,6656.716719082791
153,140,0x558378e000d634a36593e338ebacdd6207640efe,8113.719174280343
149,107,0xad622320e520de39e72d41ef07438c3fd3354875,8572.867792724195
148,116,0x59dd09d4900c2e4b5f75b7c0d4e6796fcc234cb1,3209.854947565015
148,128,0xcf6b2d875361be807eafa57458c80f28521f9333,2531.694450609058
147,110,0x15cd20759ce7f3285c29a319de2d1a2e098c6f43,6200.148323699261
146,105,0x12e3c047bf9aecaf9ddc98c05c31bfd1dd043993,985.8090148423498
144,82,0xa4f319104089fe321dc8093c6e707d4fe190a988,4264.303159020211
142,74,0x8b2f88497f15a18e9d4ffa1a8ffb8538399ae774,3799.110831903643
138,37,0xf1953dab6fad537488d5a022361ffaa8b4c95ec6,8362.850045911755
137,59,0xa8eb3bccbf2017ee7cbfb652eb51cf2e1b153289,5786.969603837155
137,114,0xc6cbad1016b38b797610c25e1dc7d95988b1f362,1020.6627708077441
133,97,0xdd356aa38f40a7b7076755ac854b6fbb1f0d305b,3738.222413698093
129,108,0xaa4d64474c172010ab57719cb9951e6142a100d3,4629.291812166833
125,63,0x7fd06a4d81ccfa3f351394e144d5191874c31313,2818.121127103943
125,66,0x1eebee7f74517e0279dfb09d25b0407beec3fdd6,1991.2613873155979
121,98,0x0b5fb4031cae9163db10b169ee72685f0edc8545,1272.5435072030923
118,75,0xf23250dac154d05bb671cb0d0ebef3c635c79ce2,3478.687332680177
117,95,0xae517a2903e68bd929dfd15be875f8369d53e94a,1531.79470614095
114,78,0xd95b44124e475743a7589e68f3d74008a5536d44,1806.7060967726654
110,62,0x237c16d66590f67b886d978acd362eaead8b18c7,2782.7585145446965
108,54,0xb039597ed45cba7b6e2fb9e8be51802969cee5be,2041.9160002101285
102,90,0x7f0abef0c07280f82c6a08ead09ded6bae2c13fc,2596.017279086112
101,64,0xcf364ea52787e289de6f32077834056e3e70d6a8,1942.628626183762
100,89,0x75742c18bc1f1c5c5f448f4c9d9c6f66dafaaa38,3710.7797650008847
99,73,0x96b933c74ecb4a0926b9210cef7b743ef46be2e9,2524.140794770038
93,78,0x329fcaceb9ad6f9580dd5f643fed0646900d043c,1212.4920966220539
92,44,0xf6290b5e7c26502e2da514c31509849718ea76a5,1771.6341822071986
91,41,0x89776d4cd68193597a2fc132cfac1fde36ccea8a,5279.475399212359
90,66,0x44f6d488021f8233b9416294d1fe9b1fee28382d,803.043808672171
88,36,0x52d50d0280ad1054b43f052bd70a49a212a1b128,2155.232183964488
88,61,0xf52597345a8edf418bc4071b4a35112472277d3e,267.99743305520303
85,55,0xfa78c12e6488814a0262e4e802749a4a737d5fb7,910.570376847093
85,60,0x82da4646242e1d962e96e932269dc644c94a9caa,2177.5840778270162
83,45,0x285b231728c7e4333799183df1094d775246a535,223.59670454819093
80,56,0x57b0030166db0c31690d1a5aa167e2e26e2c29a4,578.5622174226256
79,33,0x373c06c4f7bde527d7dae4ba169e42b55e393ced,2318.114429988846
78,28,0x40e7a279850e443f582059ae5dc1c3b6563e6395,1978.1045596269078
77,33,0x141eea040c2250eec0314e336975e81f85f6585e,51.85040340482
75,27,0x748c32c3ca24edf31ea597db1f3d330a7a6da3dc,2213.0112189016545
75,49,0x2778c5024d5ca2cdb0f8ead671ffc69963adcd9c,198.91399036837
74,39,0x03bc731ffb162cdd7b98d3c6542bfc291126075d,1369.8492298474405
71,60,0x7c04e6a3368f2a1de3874f0e80d2e0a1a9915da6,1748.3322084065608
69,57,0xacef2e09adb47ad6abebad9ff06689e60615c2b6,468.8172982259639
66,42,0x3139d77ace0cbaa5bdfd38bd1f1911a794af0b0e,1111.860746243932
65,54,0x072f979c2cac8e1391b0162a87fee094bf8744a0,707.3227320642312
65,45,0xa5d4968421ba94814be3b136b15cf422101ac1a3,2257.7343034084824
63,26,0x99d9d8663545151603863c5acbd6fc3218899009,1200.5277636106161
62,36,0x5f604fba1162193a4388a5dfa56f556f3e133cc2,697.1585250290557
62,41,0x5b97476b922f3305131b8f0b9d333172e87f4aae,1561.410201325023
61,37,0xfb2664f07b6aadd29ea7a59d8859b1aeb8645cda,849.0923359927361
61,57,0xbe6702d7b70315376dc48a3293f24f0982f86386,1722.2553082655838
60,26,0xb853bc83a753342a4f8320ea680b4b1e84118d21,298.44131454712806
60,33,0x3fb8976980d486084b2eb4a404bd12e72823958f,2126.0285112114125
60,34,0x6006ed4b2f94110851ff7509d97d034f0eed9226,52.01226827820099
59,51,0x56d23bee5f41a7120170b0c603dae30128e460e9,1320.0808435159938
58,20,0x26dcbfb34fc83cabd6990f449674efdc6097ff85,1219.0785660006748
58,45,0x0594134df3f171a354d9c85ebd65b7a6148f6d09,237.65696785319201
57,20,0xfaf9cb261b5fcc1f404bb10cd39c5c6c1974e612,932.4266657503201
56,48,0x5c90450bbb4273d7b2f17cf6917aeb237a569679,1192.6307587015046
54,40,0x0e6e67ba88e7b5d9b67636a215c76779b948de79,2152.7730475683798
54,48,0xbe274710bf3d9567e1b290ef6a5f9f90ca016fd8,410.92828817745107
53,21,0x48d60243c66437c6ac3c2495be94747aed5dfe25,940.1015169153641
52,46,0x39ec44bee4f6a116c6f9b8de566848a985c53c60,842.8289616280441
50,34,0x7c148f74ac7445d1f28366b7fcdc6792a9fcd0cf,1545.9559542202037
50,44,0xddf2266b79abf0b48898959b0ed6e6adf512be74,755.0988310164734
49,38,0x4189f0c66ebbb0bfef1c31f763131361ef32f77c,492.65532272101234
47,28,0x94b8aae43a1ccc08aa64b7d1f29b4d920af4a0c9,180.30023699559604
47,29,0x28babd556b60e53663b8615036479a29c2cdd1bf,330.861538503347
47,37,0xc27dbd474af5181c5a8777903690d8d262d12648,82.36891196336798
47,34,0x7066a64c24e4206cd62e83bf198c1e7eb361f51e,988.9307447731977
45,30,0x9ab02ead789b6903c3c44d0ed32f9c707cdf12fd,152.964082366891
45,37,0x7dc013eb55e436f30d7ed1afe4e36d6e45e3c3f7,758.2227268459
44,28,0x8ff63eaeee3fe54ba450c4f5538064ec5a893aef,51.92526560189899
43,25,0x77e655e37f4d913fb9540e0d541d824171a60e81,51.970063806396
42,22,0xbf449977089c718c004a66c554b26b94ef3ad4de,1046.3137550804431
42,30,0x1c690498150252222c275a5ced69d3a6b1f52d5e,33.05463486581
41,33,0xaea445c5f3db1a462998ccc422a875a361ee5d99,471.36211740470304
41,35,0x9ece29a4a2397c0a35fb5fa8ee2b9509130a98cc,52.072425458398
40,30,0xd63abb2c13d7a8421a8017a712802053568e3c1d,23.335097990729995
38,29,0xa48f22a46c0f1c46ca7d111cb6c137c271987180,120.99210930195399
31,24,0xf7181b63fdb858558a74ba96bc42732684cd7965,52.00396496971999
30,7,0xc93f4d80e268ab922e871bd169156c3cc41894e6,1009.6616604896265
30,6,0x4d67253bc223e6b0e104f1084c1fb2b669ddc41b,336.7579945661856
18,7,0xeaf2512dfc1beac608f8794b3793cd4e02894aa6,487.6756056953013
16,3,0x93dbb1d2dc5d63f4abacff30485273f538df68ac,151.10043
15,15,0x95052ddcd5dc25641657424a8cf04834997e1730,13.770023723311999
10,1,0xeb61c0ed490a367d4e3631ccf8a74b3bfc7e775d,306.5335285332379
8,3,0x63d5a3b6939a33f1e75d8bcd85759858239600db,150.162411830577
