table_name,table_schema
oxlens_call_migrateableoxpools,0xdao_fantom
oxlens_call_oxpoolsmigrationmapping,0xdao_fantom
oxlens_call_setmigration,0xdao_fantom
oxlens_call_setmigrations,0xdao_fantom
userproxyinterface_call_migrateoxsolidtopartner,0xdao_fantom
userproxynftinteractions_call_migrateoxsolidtopartner,0xdao_fantom
voterproxy_call_migratelp,0xdao_fantom
voterproxy_call_solidpoolmigrated,0xdao_fantom
3videnz_main_contract_call_migrateissuer,3videnz_ethereum
3videnz_main_contract_call_migratetemplate,3videnz_ethereum
bridgetoken_call_migratebridgerole,aave_avalanche_c
bridgetoken_evt_migratebridgerole,aave_avalanche_c
lendtoaavemigrator_call__totallendmigrated,aave_ethereum
lendtoaavemigrator_call_aave,aave_ethereum
lendtoaavemigrator_call_initialize,aave_ethereum
lendtoaavemigrator_call_lend,aave_ethereum
lendtoaavemigrator_call_lend_aave_ratio,aave_ethereum
lendtoaavemigrator_call_migratefromlend,aave_ethereum
lendtoaavemigrator_call_migrationstarted,aave_ethereum
lendtoaavemigrator_call_revision,aave_ethereum
lendtoaavemigrator_evt_lendmigrated,aave_ethereum
aavegenesisproposalpayload_call_lend_to_aave_migrator_proxy,aave_v1_ethereum
oracleanchor_evt_oraclesystemmigrated,aave_v2_ethereum
migrationhelper_call_atokens,aave_v3_avalanche_c
migrationhelper_call_cacheatokens,aave_v3_avalanche_c
migrationhelper_call_executeoperation,aave_v3_avalanche_c
migrationhelper_call_getmigrationsupply,aave_v3_avalanche_c
migrationhelper_call_migrate,aave_v3_avalanche_c
migrationhelper_call_owner,aave_v3_avalanche_c
migrationhelper_call_renounceownership,aave_v3_avalanche_c
migrationhelper_call_rescuefunds,aave_v3_avalanche_c
migrationhelper_call_stokens,aave_v3_avalanche_c
migrationhelper_call_transferownership,aave_v3_avalanche_c
migrationhelper_call_v2_pool,aave_v3_avalanche_c
migrationhelper_call_v3_pool,aave_v3_avalanche_c
migrationhelper_call_vtokens,aave_v3_avalanche_c
migrationhelper_evt_ownershiptransferred,aave_v3_avalanche_c
migrationhelpermainnet_call_atokens,aave_v3_ethereum
migrationhelpermainnet_call_cacheatokens,aave_v3_ethereum
migrationhelpermainnet_call_executeoperation,aave_v3_ethereum
migrationhelpermainnet_call_getmigrationsupply,aave_v3_ethereum
migrationhelpermainnet_call_migrate,aave_v3_ethereum
migrationhelpermainnet_call_owner,aave_v3_ethereum
migrationhelpermainnet_call_renounceownership,aave_v3_ethereum
migrationhelpermainnet_call_rescuefunds,aave_v3_ethereum
migrationhelpermainnet_call_steth,aave_v3_ethereum
migrationhelpermainnet_call_stokens,aave_v3_ethereum
migrationhelpermainnet_call_transferownership,aave_v3_ethereum
migrationhelpermainnet_call_v2_pool,aave_v3_ethereum
migrationhelpermainnet_call_v3_pool,aave_v3_ethereum
migrationhelpermainnet_call_vtokens,aave_v3_ethereum
migrationhelpermainnet_call_wsteth,aave_v3_ethereum
migrationhelpermainnet_evt_ownershiptransferred,aave_v3_ethereum
migrationhelper_call_atokens,aave_v3_multichain
migrationhelper_call_cacheatokens,aave_v3_multichain
migrationhelper_call_executeoperation,aave_v3_multichain
migrationhelper_call_getmigrationsupply,aave_v3_multichain
migrationhelper_call_migrate,aave_v3_multichain
migrationhelper_call_owner,aave_v3_multichain
migrationhelper_call_renounceownership,aave_v3_multichain
migrationhelper_call_rescuefunds,aave_v3_multichain
migrationhelper_call_stokens,aave_v3_multichain
migrationhelper_call_transferownership,aave_v3_multichain
migrationhelper_call_v2_pool,aave_v3_multichain
migrationhelper_call_v3_pool,aave_v3_multichain
migrationhelper_call_vtokens,aave_v3_multichain
migrationhelper_evt_ownershiptransferred,aave_v3_multichain
migrationhelper_call_atokens,aave_v3_polygon
migrationhelper_call_cacheatokens,aave_v3_polygon
migrationhelper_call_executeoperation,aave_v3_polygon
migrationhelper_call_getmigrationsupply,aave_v3_polygon
migrationhelper_call_migrate,aave_v3_polygon
migrationhelper_call_owner,aave_v3_polygon
migrationhelper_call_renounceownership,aave_v3_polygon
migrationhelper_call_rescuefunds,aave_v3_polygon
migrationhelper_call_stokens,aave_v3_polygon
migrationhelper_call_transferownership,aave_v3_polygon
migrationhelper_call_v2_pool,aave_v3_polygon
migrationhelper_call_v3_pool,aave_v3_polygon
migrationhelper_call_vtokens,aave_v3_polygon
migrationhelper_evt_ownershiptransferred,aave_v3_polygon
aavegotchi_diamond_call_migratevouchers,aavegotchi_polygon
aavegotchi_diamond_evt_migratevouchers,aavegotchi_polygon
ghst_staking_diamond_call_hasmigrated,aavegotchi_polygon
ghst_staking_diamond_call_migratetickets,aavegotchi_polygon
ghst_staking_diamond_call_migratetov2,aavegotchi_polygon
ghst_staking_diamond_evt_usermigrated,aavegotchi_polygon
vghst_call_migratestkghst,aavegotchi_polygon
moonshotto_call_fixedmigrationfee,abster_abstract
moonshotto_call_migrate,abster_abstract
moonshotto_call_tokensmigrationthreshold,abster_abstract
actbuyback2_call_migratestake,acet_buyback_bnb
addystakingrewards_call_migratelockedstake,adamant_polygon
addystakingrewards_call_migrator,adamant_polygon
addystakingrewards_call_setmigrator,adamant_polygon
adminfacet_evt_migrationcomplete,adi_chain_ethereum
l1bridgehub_call_migrationpaused,adi_chain_ethereum
l1bridgehub_call_pausemigration,adi_chain_ethereum
l1bridgehub_call_unpausemigration,adi_chain_ethereum
aelinupfrontdeal_call_sponsorclaim,aelin_lords_raise_ethereum
aelinupfrontdeal_evt_sponsorclaim,aelin_lords_raise_ethereum
aelinpool_call_acceptsponsor,aelin_optimism
aelinpool_call_futuresponsor,aelin_optimism
aelinpool_call_setsponsor,aelin_optimism
aelinpool_call_sponsor,aelin_optimism
aelinpool_call_sponsorfee,aelin_optimism
aelinpool_evt_setsponsor,aelin_optimism
cllockerfactory_call_migrate,aerodrome_base
cllockerfactory_evt_lockermigrated,aerodrome_base
clpoollauncher_call_migrate,aerodrome_base
clpoollauncher_evt_migrate,aerodrome_base
rebalancestrategy_call_migratenftsettings,aerodrome_base
v2lockerfactory_call_migrate,aerodrome_base
v2lockerfactory_evt_lockermigrated,aerodrome_base
aevostaking_call_canearlymigrate,aevo_ethereum
aevostaking_call_migrate,aevo_ethereum
aevostaking_call_migration,aevo_ethereum
aevostaking_call_setcanearlymigrate,aevo_ethereum
aevostaking_call_setmigration,aevo_ethereum
aevostaking_evt_migrate,aevo_ethereum
aevostaking_evt_setcanearlymigrate,aevo_ethereum
aevostaking_evt_setmigration,aevo_ethereum
reputationregistry_call_appendresponse,agent_erc8004_base
reputationregistry_call_getresponsecount,agent_erc8004_base
reputationregistry_evt_responseappended,agent_erc8004_base
reputationregistry_call_appendresponse,agent_erc8004_bnb
reputationregistry_call_getresponsecount,agent_erc8004_bnb
reputationregistry_evt_responseappended,agent_erc8004_bnb
reputationregistry_call_appendresponse,agent_erc8004_gnosis
reputationregistry_call_getresponsecount,agent_erc8004_gnosis
reputationregistry_evt_responseappended,agent_erc8004_gnosis
reputationregistry_call_appendresponse,agent_erc8004_monad
reputationregistry_call_getresponsecount,agent_erc8004_monad
reputationregistry_evt_responseappended,agent_erc8004_monad
reputationregistry_call_appendresponse,agent_erc8004_multichain
reputationregistry_call_getresponsecount,agent_erc8004_multichain
reputationregistry_evt_responseappended,agent_erc8004_multichain
reputationregistry_call_appendresponse,agent_erc8004_polygon
reputationregistry_call_getresponsecount,agent_erc8004_polygon
reputationregistry_evt_responseappended,agent_erc8004_polygon
reputationregistry_call_appendresponse,agent_erc8004_scroll
reputationregistry_call_getresponsecount,agent_erc8004_scroll
reputationregistry_evt_responseappended,agent_erc8004_scroll
bridgel2sovereignchain_call_migratelegacytoken,agglayer_bridge_katana
bridgel2sovereignchain_evt_migratelegacytoken,agglayer_bridge_katana
migratetoken_call_burnaddress,agix_fet_migration_ethereum
migratetoken_call_clone,agix_fet_migration_ethereum
migratetoken_call_conversionratio,agix_fet_migration_ethereum
migratetoken_call_default_admin_role,agix_fet_migration_ethereum
migratetoken_call_getclone,agix_fet_migration_ethereum
migratetoken_call_getroleadmin,agix_fet_migration_ethereum
migratetoken_call_grantrole,agix_fet_migration_ethereum
migratetoken_call_hasrole,agix_fet_migration_ethereum
migratetoken_call_initialize,agix_fet_migration_ethereum
migratetoken_call_isnewtokenmintable,agix_fet_migration_ethereum
migratetoken_call_isoldtokenburnable,agix_fet_migration_ethereum
migratetoken_call_migratealltokens,agix_fet_migration_ethereum
migratetoken_call_migratetokens,agix_fet_migration_ethereum
migratetoken_call_newtoken,agix_fet_migration_ethereum
migratetoken_call_oldtoken,agix_fet_migration_ethereum
migratetoken_call_oldtokenprecision,agix_fet_migration_ethereum
migratetoken_call_pause,agix_fet_migration_ethereum
migratetoken_call_paused,agix_fet_migration_ethereum
migratetoken_call_recovertokens,agix_fet_migration_ethereum
migratetoken_call_renouncerole,agix_fet_migration_ethereum
migratetoken_call_revokerole,agix_fet_migration_ethereum
migratetoken_call_setdefaultadmin,agix_fet_migration_ethereum
migratetoken_call_supportsinterface,agix_fet_migration_ethereum
migratetoken_call_unpause,agix_fet_migration_ethereum
migratetoken_evt_cloned,agix_fet_migration_ethereum
migratetoken_evt_initialized,agix_fet_migration_ethereum
migratetoken_evt_migrated,agix_fet_migration_ethereum
migratetoken_evt_paused,agix_fet_migration_ethereum
migratetoken_evt_roleadminchanged,agix_fet_migration_ethereum
migratetoken_evt_rolegranted,agix_fet_migration_ethereum
migratetoken_evt_rolerevoked,agix_fet_migration_ethereum
migratetoken_evt_unpaused,agix_fet_migration_ethereum
tokenstake_call_maxmigrationblocks,agix_stake_ethereum
tokenstake_call_migratestakes,agix_stake_ethereum
tokenstake_call_migratestakewindow,agix_stake_ethereum
ai_token_locker_call_migrate,aiisdev_solana
akibaskillgamesv2_evt_sponsoredstartused,akiba_celo
draggableshares_call_migrate,aktionariat_ethereum
draggableshares_call_migratewithexternalapproval,aktionariat_ethereum
draggableshares_evt_migrationsucceeded,aktionariat_ethereum
multisigwalletv3_call_migrate,aktionariat_ethereum
draggableshares_call_migrate,aktionariat_multichain
draggableshares_call_migratewithexternalapproval,aktionariat_multichain
draggableshares_evt_migrationsucceeded,aktionariat_multichain
draggableshares_call_migrate,aktionariat_optimism
draggableshares_call_migratewithexternalapproval,aktionariat_optimism
draggableshares_evt_migrationsucceeded,aktionariat_optimism
concentratorifovault_call_migrate,aladdin_ethereum
concentratorifovault_call_migrator,aladdin_ethereum
concentratorifovault_call_updatemigrator,aladdin_ethereum
concentratorifovault_evt_migrate,aladdin_ethereum
concentratorifovault_evt_updatemigrator,aladdin_ethereum
afs_call_migrate,alanfreishares_ethereum
afs_call_migratewithexternalapproval,alanfreishares_ethereum
afs_evt_migrationsucceeded,alanfreishares_ethereum
alchemist_call_migrate,alchemix_ethereum
alchemisteth_call_migrate,alchemix_ethereum
galcx_call_migratesource,alchemix_ethereum
transmuterb_call_migrate,alchemix_ethereum
transmuterb_call_migratefunds,alchemix_ethereum
transmuterb_evt_migrationcomplete,alchemix_ethereum
transmutereth_call_migrate,alchemix_ethereum
transmutereth_call_migratefunds,alchemix_ethereum
transmutereth_evt_migrationcomplete,alchemix_ethereum
v1migrator_call_admin,alchemix_ethereum
v1migrator_call_alchemistv1,alchemix_ethereum
v1migrator_call_alchemistv2,alchemix_ethereum
v1migrator_call_debttoken,alchemix_ethereum
v1migrator_call_deposit,alchemix_ethereum
v1migrator_call_forcemigrate,alchemix_ethereum
v1migrator_call_hasmigrated,alchemix_ethereum
v1migrator_call_migratedusers,alchemix_ethereum
v1migrator_call_token,alchemix_ethereum
v1migrator_call_totalvalue,alchemix_ethereum
v1migrator_call_underlyingtoken,alchemix_ethereum
v1migrator_call_withdraw,alchemix_ethereum
v1migrator_call_yieldtoken,alchemix_ethereum
allocationupgradeable_call_launchpad,allocationupgradeable_scroll
alloyxtreasury_call_migrateallerc721enumerable,alloyx_ethereum
alloyxtreasury_call_migrateerc20,alloyx_ethereum
alloyvault_call_migrateerc20,alloyx_v1_ethereum
alloyvault_call_migrategoldfinchpooltokens,alloyx_v1_ethereum
iballuousd_call_migratestep1,alluo_polygon
iballuousd_call_migratestep2,alluo_polygon
alpharadarbot_call_premigrationphase,alpha_ethereum
alpharadarbot_call_premigrationtransferrable,alpha_ethereum
alpharadarbot_call_setpremigrationtransferable,alpha_ethereum
cbbtc_core_vault_call_migratefarmdispatcher,altitude_ethereum
cbbtc_core_vault_call_migratelender,altitude_ethereum
cbbtc_core_vault_evt_migratefarmdispatcher,altitude_ethereum
cbbtc_core_vault_evt_migratelenderstrategy,altitude_ethereum
vaultcorwe_call_migratefarm,altitude_ethereum
vaultcorwe_call_migratelender,altitude_ethereum
vaultcorwe_evt_migratefarmstrategy,altitude_ethereum
vaultcorwe_evt_migratelenderstrategy,altitude_ethereum
wsteth_core_vault_call_migratefarmdispatcher,altitude_ethereum
wsteth_core_vault_call_migratelender,altitude_ethereum
wsteth_core_vault_evt_migratefarmdispatcher,altitude_ethereum
wsteth_core_vault_evt_migratelenderstrategy,altitude_ethereum
stakingpool_call_unbondingcommitmentworth,ambirewallet_ethereum
vaultcontroller_evt_collateralsmigratedfrom,amphora_ethereum
stablemaster_ageur_call_setcaponstableandmaxinterests,angle_ethereum
stablemaster_ageur_evt_caponstableandmaxinterestsupdated,angle_ethereum
avalanchepool_r6_call_migrateburndelayed,ankr_avalanche_c
futurebondavax_r8_call_migrateburndelayed,ankr_avalanche_c
annt_call_migrateleftoverbnb,annt_bnb
antseedemissionsv2_call_migration_epoch,antseed_base
apebank_call_bondingcurve,apebank_apechain
apebank_call_bondingcurve,apebank_berachain
house_call_migrate,apechurch_apechain
house_call_migrator,apechurch_apechain
house_call_setmigrator,apechurch_apechain
house_evt_migrate,apechurch_apechain
house_v3_call_migrate,apechurch_apechain
house_v3_call_migrator,apechurch_apechain
house_v3_call_setmigrator,apechurch_apechain
house_v3_evt_migrate,apechurch_apechain
house_v3_evt_migratorset,apechurch_apechain
typicaltigers_call_istokenmigrated,apecoin_apechain
typicaltigers_call_migratetokens,apecoin_apechain
typicaltigers_call_totalmigrated,apecoin_apechain
typicaltigers_evt_tokensmigrated,apecoin_apechain
degenerc20_call_bondingcurve,apeexpress_apechain
degenerc20v2_call_bondingcurve,apeexpress_apechain
degenfactory_v1_call_bondingcurveimplementation,apeexpress_apechain
degenfactoryv2_call_bondingcurveimplementation,apeexpress_apechain
degenerc20_call_bondingcurve,apeexpress_berachain
degenerc20v2_call_bondingcurve,apeexpress_berachain
degenfactory_v1_call_bondingcurveimplementation,apeexpress_berachain
degenfactoryv2_call_bondingcurveimplementation,apeexpress_berachain
apegang_call_forcemigrate,apegang_ethereum
api3marketv2_call_computeexpectedsponsorwalletbalance,api3_sonic
api3marketv2_call_computeexpectedsponsorwalletbalanceaftersubscriptionisadded,api3_sonic
airnoderrpv0_call_setsponsorshipstatus,api_qrng_avalanche_c
airnoderrpv0_call_sponsortorequestertosponsorshipstatus,api_qrng_avalanche_c
airnoderrpv0_call_sponsortowithdrawalrequestcount,api_qrng_avalanche_c
airnoderrpv0_evt_setsponsorshipstatus,api_qrng_avalanche_c
airnoderrpv0_call_setsponsorshipstatus,api_qrng_base
airnoderrpv0_call_sponsortorequestertosponsorshipstatus,api_qrng_base
airnoderrpv0_call_sponsortowithdrawalrequestcount,api_qrng_base
airnoderrpv0_evt_setsponsorshipstatus,api_qrng_base
airnoderrpv0_call_setsponsorshipstatus,api_qrng_blast
airnoderrpv0_call_sponsortorequestertosponsorshipstatus,api_qrng_blast
airnoderrpv0_call_sponsortowithdrawalrequestcount,api_qrng_blast
airnoderrpv0_evt_setsponsorshipstatus,api_qrng_blast
airnoderrpv0_call_setsponsorshipstatus,api_qrng_bnb
airnoderrpv0_call_sponsortorequestertosponsorshipstatus,api_qrng_bnb
airnoderrpv0_call_sponsortowithdrawalrequestcount,api_qrng_bnb
airnoderrpv0_evt_setsponsorshipstatus,api_qrng_bnb
airnoderrpv0_call_setsponsorshipstatus,api_qrng_ethereum
airnoderrpv0_call_sponsortorequestertosponsorshipstatus,api_qrng_ethereum
airnoderrpv0_call_sponsortowithdrawalrequestcount,api_qrng_ethereum
airnoderrpv0_evt_setsponsorshipstatus,api_qrng_ethereum
airnoderrpv0_call_setsponsorshipstatus,api_qrng_fantom
airnoderrpv0_call_sponsortorequestertosponsorshipstatus,api_qrng_fantom
