block_number,block_time,data,topic1,tx_hash
27828161,2026-08-04 18:09:02.000 UTC,0x0000000000000000000000000000000000000000000000000000000000071d4e000000000000000000000000000000000000000000a8cff7796e783639f687c40000000000000000000000000000000000000000000000024150e39800400002,0x000000000000000000000000c9e9ab90654f82893d7fd18b62f694992e8cef29,0x98dfda1126a8b6b66a249db891a221f6fcebd2d17b6e57e2f0c119dba09ad6a3
27904054,2026-08-04 20:16:08.000 UTC,0x0000000000000000000000000000000000000000000000000000000000072154000000000000000000000000000000000000000000a8cff7796e78367e7a6c030000000000000000000000000000000000000000000000003a4965bf58a40053,0x000000000000000000000000c8af2cc77bae2274ff7f8949e01e6c58f7a9c00d,0xbe5894826c258aaea8491d8e8ccbba3bfe6d47feda07a6ebc3b820b8e20ff538
27908828,2026-08-04 20:24:07.000 UTC,0x00000000000000000000000000000000000000000000000000000000000721ca000000000000000000000000000000000000000000a8cff7796e78363d9946f9000000000000000000000000000000000000000000000003e9f9ed77cf34004f,0x0000000000000000000000002648d0e48a31b880c7f004e1778a68f9fb5bc92b,0x026d442fdec2d63146c7d2811043ec757eabf3a96e74645e7be65dcf244a7dc6
27945788,2026-08-04 21:25:58.000 UTC,0x00000000000000000000000000000000000000000000000000000000000723bf000000000000000000000000000000000000000000a8cff7796e78363a15b188000000000000000000000000000000000000000000000003e9f9ed77cf340006,0x000000000000000000000000320d9b0f1b438567d28452b715f8766a7617043e,0x761d7ac2e41561c9016eeb786af1f1e2dc1878090af64db1949fc7bcb8ca7424
28138164,2026-08-05 02:47:22.000 UTC,0x0000000000000000000000000000000000000000000000000000000000072e38000000000000000000000000000000000000000000a8cff7796e78366ec1795e0000000000000000000000000000000000000000000000003a4965bf58a40040,0x0000000000000000000000009d60d91044f1c501fea4d2e95691b84edd8cf4cb,0x35993c612f59405d1eaab65f73473c869a1f4cb941d726e3d03f145ded5621bb
28176481,2026-08-05 03:51:23.000 UTC,0x0000000000000000000000000000000000000000000000000000000000073068000000000000000000000000000000000000000000a8cff7796e783639fbfa8b00000000000000000000000000000000000000000000001400e758f447240014,0x000000000000000000000000df696153121fdf4719c1868c9b16751c778caaad,0x5e539cd44a448a07f8edc3d7d32fb931edbe2b2db4ec47525e96d3c215de954a
28180874,2026-08-05 03:58:44.000 UTC,0x00000000000000000000000000000000000000000000000000000000000730a4000000000000000000000000000000000000000000a8cff7796e78364267a96d0000000000000000000000000000000000000000000000009744943fd3c2001b,0x000000000000000000000000edf530ac305923314302a729464e942a0fedc342,0xa0f681de19b7909730e51c1f23e556e99fbb0f994007efb62c367aba1243586f
28568005,2026-08-05 14:45:56.000 UTC,0x000000000000000000000000000000000000000000000000000000000007443d000000000000000000000000000000000000000000a8cff7796e783652dc0b1b0000000000000000000000000000000000000000000000024150e3980040012c,0x00000000000000000000000047be2c84a30d921bfcac1a1a3fdf8f082e274c41,0x487b3d0150da1b43611712520a0e76c3215b19f606984e320edc694558fd1989
28596845,2026-08-05 15:34:04.000 UTC,0x0000000000000000000000000000000000000000000000000000000000074696000000000000000000000000000000000000000000a8cff7796e7836cebed6fd0000000000000000000000000000000000000000000000003a4965bf58a400b4,0x000000000000000000000000fc5bcfb6c3d698f6e1e466f28a6a32c5675d8b73,0x268edbdff97e9b090af25a5ca3bc3023e5996dc0bc7e5eeba7eaa670d75918d5
28801646,2026-08-05 21:14:58.000 UTC,0x0000000000000000000000000000000000000000000000000000000000077b0e000000000000000000000000000000000000000000a8cff7796e78363b736f0e0000000000000000000000000000000000000000000000003a4965bf58a40002,0x0000000000000000000000009ca1cc0c90d97b4f36c5e2232d4fbd705a73c65d,0x8d10d735256f1a9347778af2a0790a17e558d6303fd7881a77bb63526b52fbaa
29249256,2026-08-06 09:42:23.000 UTC,0x000000000000000000000000000000000000000000000000000000000007cdd8000000000000000000000000000000000000000000a8cff7796e78363deef3af0000000000000000000000000000000000000000000000003a4965bf58a40005,0x0000000000000000000000005173b8ea6923c2d40267890d45c46a3480954773,0x4e6a69906a77044d149298da72e6e850c8ef14a3abfe67dc17a84f581b99c3b2
29422855,2026-08-06 14:32:23.000 UTC,0x000000000000000000000000000000000000000000000000000000000007e6a3000000000000000000000000000000000000000000a8cff7796e7836413e4f300000000000000000000000000000000000000000000000003a4965bf58a40009,0x000000000000000000000000fd4388d021b2977718ea3ff19f66f7d49d307882,0x58ed9bc22d50c64602319590d4715f4d702bf969ff155fe0fd830cf5e0840a2d
29468728,2026-08-06 15:49:06.000 UTC,0x000000000000000000000000000000000000000000000000000000000007eda5000000000000000000000000000000000000000000a8cff7796e78365d60d8f90000000000000000000000000000000000000000000000003a4965bf58a4002b,0x0000000000000000000000000cc8522ca4f423638032d0211a6e823392a1eae1,0x0f4fbbad1931de6711df96d75a50814a76e5649e623897b4466164602ae6fc1f
29490583,2026-08-06 16:25:33.000 UTC,0x000000000000000000000000000000000000000000000000000000000007f08d000000000000000000000000000000000000000000a8cff7796e7836829d9e640000000000000000000000000000000000000000000000003a4965bf58a40058,0x00000000000000000000000003a6ddb5cbcef1deed48b809de3520ebbe39a331,0xf363492c49b2e1991947b9989451d779add11333ce5743d958892496ba6e98c1
29522746,2026-08-06 17:19:12.000 UTC,0x000000000000000000000000000000000000000000000000000000000007f5a2000000000000000000000000000000000000000000a8cff7796e783673b882a00000000000000000000000000000000000000000000000003a4965bf58a40046,0x000000000000000000000000150228e517b1f0ca7feca76f42da070797065ec5,0xd759da876c45d535f11fa73d757945219a30aff41ad5cda3d7ddf9149ccad01e
29830568,2026-08-07 01:52:14.000 UTC,0x0000000000000000000000000000000000000000000000000000000000081932000000000000000000000000000000000000000000a8cff7796e7836ec890e860000000000000000000000000000000000000000000000003a4965bf58a400d8,0x00000000000000000000000020c86dde46f7cb6b1adb52598d2f2da70ecef7d9,0xa603a634aedb12f74ced957c831417a95c1ecd76b35d0eb767df06f43e08a294
30027300,2026-08-07 07:21:09.000 UTC,0x00000000000000000000000000000000000000000000000000000000000827c3000000000000000000000000000000000000000000a8cff7796e78363deef3af0000000000000000000000000000000000000000000000003a4965bf58a40005,0x000000000000000000000000d8df888d3052243ff06a4f6ab12236d2cbad40f0,0x3e43390a096dd16f747b11d9923fb28e6cccf81462eb29698343820e300d5bbf
30297653,2026-08-07 14:53:03.000 UTC,0x0000000000000000000000000000000000000000000000000000000000083a80000000000000000000000000000000000000000000a8cff7796e78367da695230000000000000000000000000000000000000000000000003a4965bf58a40052,0x00000000000000000000000049bac47750f3dcdba49350b5d74fd399e90f97c6,0x53efb6de05364786517e1d201987c58fd87b0e54214166147071be4a44907339
30314364,2026-08-07 15:20:55.000 UTC,0x0000000000000000000000000000000000000000000000000000000000083cc9000000000000000000000000000000000000000000a8cff7796e78368ae403270000000000000000000000000000000000000000000000003a4965bf58a40062,0x000000000000000000000000bbf2c91fdcc488ba736e0c38adc82c9a92597deb,0xd9c070a289d3cc5f09e629f3a8154efa9b59abef434a6eb8a82cebdc1ffdb957
30323607,2026-08-07 15:36:22.000 UTC,0x0000000000000000000000000000000000000000000000000000000000083db1000000000000000000000000000000000000000000a8cff7796e7836b443faf40000000000000000000000000000000000000000000000003a4965bf58a40094,0x000000000000000000000000190743b06c3d3d8d04ea5e34afbd0f6eb638e06f,0xa77bfd862dce658d86797bbe46477dc7b017e4b30222919178ce5f1d902aa8ef
30348446,2026-08-07 16:17:50.000 UTC,0x0000000000000000000000000000000000000000000000000000000000084019000000000000000000000000000000000000000000a8cff7796e7836463558710000000000000000000000000000000000000000000000003a4965bf58a4000f,0x000000000000000000000000d909ee8a68812dcb082128a08ec05be2804825af,0xd2c0fb28febab84fcaa97747e8310f7e1de5a063dc09b99d623bdf8d3bc185ad
30357993,2026-08-07 16:33:47.000 UTC,0x00000000000000000000000000000000000000000000000000000000000840f3000000000000000000000000000000000000000000a8cff7796e7836b443faf40000000000000000000000000000000000000000000000003a4965bf58a40094,0x000000000000000000000000722dad04eade14c4df0f1a8f7bdd0934d78f2795,0x0dd5da09fca0cac759533503a0c6b07f2bb9e5fffffd5c05922bb94380c7bb60
30533886,2026-08-07 21:27:26.000 UTC,0x00000000000000000000000000000000000000000000000000000000000854f7000000000000000000000000000000000000000000a8cff7796e783654469d560000000000000000000000000000000000000000000000003a4965bf58a40020,0x0000000000000000000000006b94ebcc1a39fd332efbd03828c6e8c1d55a10df,0xae3acde6efd24af0702599213a2c8b66a6ed3cf7c2fd03e5433b6a8edfacf833
30568581,2026-08-07 22:25:10.000 UTC,0x0000000000000000000000000000000000000000000000000000000000085a54000000000000000000000000000000000000000000a8cff7796e783689824c840000000000000000000000000000000000000000000000009744943fd3c200fa,0x000000000000000000000000f0f08156d456cc19db192d00f6e4b83631eab18d,0x5bcd91c38f41ef6f3378eed4f428df15b8fe3d948a14e290f70b6a67728fdbff
30587409,2026-08-07 22:56:35.000 UTC,0x0000000000000000000000000000000000000000000000000000000000085bd1000000000000000000000000000000000000000000a8cff7796e78366ba162f80000000000000000000000000000000000000000000000014fd7abc86c74015b,0x000000000000000000000000b2583b748ab5cc410975ed859c5569ee2435bc3d,0x8624aeebbe35b55f3b693298f5ed464bd8b3e6d561c9656b4aa88949771f6866
30598961,2026-08-07 23:15:50.000 UTC,0x0000000000000000000000000000000000000000000000000000000000085d4d000000000000000000000000000000000000000000a8cff7796e78369f30e0f90000000000000000000000000000000000000000000000009744943fd3c2013e,0x000000000000000000000000f3fbe8e262d375d0d13392bc244bd2e903583c74,0xaf08c2847752d4f53cfe929c0240ea839385fcbe7648f57f0bc72999e574b0c6
30616263,2026-08-07 23:44:41.000 UTC,0x0000000000000000000000000000000000000000000000000000000000085f0a000000000000000000000000000000000000000000a8cff7796e78363d19aff30000000000000000000000000000000000000000000000067ff84dbb4c99fa9b,0x00000000000000000000000039643636c4b629732947a24a705fc5f41e4489ce,0xafbe788862b80632b5124048894e6054aef15cf828386155ff0bf0f598036318
30621139,2026-08-07 23:52:48.000 UTC,0x0000000000000000000000000000000000000000000000000000000000085f83000000000000000000000000000000000000000000a8cff7796e78363a1b52f300000000000000000000000000000000000000000000001400e758f447240021,0x00000000000000000000000061c91b626dcb95e093d948f5e5e4f068885b1953,0x0a4010a38f44300315b4a6e7ba6ed8dd2bf7ff89a34bee5a861ca7380834b9c2
30684495,2026-08-08 01:38:30.000 UTC,0x0000000000000000000000000000000000000000000000000000000000086680000000000000000000000000000000000000000000a8cff7796e783650236af40000000000000000000000000000000000000000000000003a4965bf58a4001b,0x000000000000000000000000fdf085fc400504ca734e9ef89c68d2b98e604c2c,0x371ac0aa6db92bf74c5a7f7cd8685fb5c16ad4338a2a4bc0c4d26f825d04ba25
30714076,2026-08-08 02:27:51.000 UTC,0x0000000000000000000000000000000000000000000000000000000000086961000000000000000000000000000000000000000000a8cff7796e78365795f8d70000000000000000000000000000000000000000000000003a4965bf58a40024,0x0000000000000000000000005e568664993bf997acb08f70a182d7236745a649,0xecc10c72c8d38eda549011196246a5f061e0f82200f381ccad5e9fc9c2e487a8
