table_catalog,table_name,table_schema
delta_prod,accountableasyncredeemvault_call_allowance,accountable_v1_1_robinhood
delta_prod,accountableasyncredeemvault_call_allowed,accountable_v1_1_robinhood
delta_prod,accountableasyncredeemvault_call_allowedmany,accountable_v1_1_robinhood
delta_prod,accountableasyncredeemvault_call_approve,accountable_v1_1_robinhood
delta_prod,accountableasyncredeemvault_call_asset,accountable_v1_1_robinhood
delta_prod,accountableasyncredeemvault_call_assetshareratio,accountable_v1_1_robinhood
delta_prod,accountableasyncredeemvault_call_balanceof,accountable_v1_1_robinhood
delta_prod,accountableasyncredeemvault_call_burnshares,accountable_v1_1_robinhood
delta_prod,accountableasyncredeemvault_call_cancelredeemrequest,accountable_v1_1_robinhood
delta_prod,accountableasyncredeemvault_call_claimableredeemrequest,accountable_v1_1_robinhood
delta_prod,accountableasyncredeemvault_call_converttoassets,accountable_v1_1_robinhood
delta_prod,accountableasyncredeemvault_call_converttoshares,accountable_v1_1_robinhood
delta_prod,accountableasyncredeemvault_call_decimals,accountable_v1_1_robinhood
delta_prod,accountableasyncredeemvault_call_deposit,accountable_v1_1_robinhood
delta_prod,accountableasyncredeemvault_call_eip712domain,accountable_v1_1_robinhood
delta_prod,accountableasyncredeemvault_call_forcetransfershares,accountable_v1_1_robinhood
delta_prod,accountableasyncredeemvault_call_fulfillredeemrequest,accountable_v1_1_robinhood
delta_prod,accountableasyncredeemvault_call_getmessagehash,accountable_v1_1_robinhood
delta_prod,accountableasyncredeemvault_call_getstate,accountable_v1_1_robinhood
delta_prod,accountableasyncredeemvault_call_isoperator,accountable_v1_1_robinhood
delta_prod,accountableasyncredeemvault_call_lockassets,accountable_v1_1_robinhood
delta_prod,accountableasyncredeemvault_call_maxdeposit,accountable_v1_1_robinhood
delta_prod,accountableasyncredeemvault_call_maxmint,accountable_v1_1_robinhood
delta_prod,accountableasyncredeemvault_call_maxredeem,accountable_v1_1_robinhood
delta_prod,accountableasyncredeemvault_call_maxwithdraw,accountable_v1_1_robinhood
delta_prod,accountableasyncredeemvault_call_min_amount_wei,accountable_v1_1_robinhood
delta_prod,accountableasyncredeemvault_call_mint,accountable_v1_1_robinhood
delta_prod,accountableasyncredeemvault_call_mintshares,accountable_v1_1_robinhood
delta_prod,accountableasyncredeemvault_call_name,accountable_v1_1_robinhood
delta_prod,accountableasyncredeemvault_call_nonces,accountable_v1_1_robinhood
delta_prod,accountableasyncredeemvault_call_pendingredeemrequest,accountable_v1_1_robinhood
delta_prod,accountableasyncredeemvault_call_permissionlevel,accountable_v1_1_robinhood
delta_prod,accountableasyncredeemvault_call_precision,accountable_v1_1_robinhood
delta_prod,accountableasyncredeemvault_call_previewdeposit,accountable_v1_1_robinhood
delta_prod,accountableasyncredeemvault_call_previewmaxrequestid,accountable_v1_1_robinhood
delta_prod,accountableasyncredeemvault_call_previewmint,accountable_v1_1_robinhood
delta_prod,accountableasyncredeemvault_call_previewredeem,accountable_v1_1_robinhood
delta_prod,accountableasyncredeemvault_call_previewrequiredshares,accountable_v1_1_robinhood
delta_prod,accountableasyncredeemvault_call_previewwithdraw,accountable_v1_1_robinhood
delta_prod,accountableasyncredeemvault_call_processuptorequestid,accountable_v1_1_robinhood
delta_prod,accountableasyncredeemvault_call_processuptoshares,accountable_v1_1_robinhood
delta_prod,accountableasyncredeemvault_call_queue,accountable_v1_1_robinhood
delta_prod,accountableasyncredeemvault_call_redeem,accountable_v1_1_robinhood
delta_prod,accountableasyncredeemvault_call_releaseassets,accountable_v1_1_robinhood
delta_prod,accountableasyncredeemvault_call_requestredeem,accountable_v1_1_robinhood
delta_prod,accountableasyncredeemvault_call_reservedliquidity,accountable_v1_1_robinhood
delta_prod,accountableasyncredeemvault_call_setallowed,accountable_v1_1_robinhood
delta_prod,accountableasyncredeemvault_call_setoperator,accountable_v1_1_robinhood
delta_prod,accountableasyncredeemvault_call_setsharestransferable,accountable_v1_1_robinhood
delta_prod,accountableasyncredeemvault_call_setsigner,accountable_v1_1_robinhood
delta_prod,accountableasyncredeemvault_call_share,accountable_v1_1_robinhood
delta_prod,accountableasyncredeemvault_call_shareprice,accountable_v1_1_robinhood
delta_prod,accountableasyncredeemvault_call_signer,accountable_v1_1_robinhood
delta_prod,accountableasyncredeemvault_call_strategy,accountable_v1_1_robinhood
delta_prod,accountableasyncredeemvault_call_supportsinterface,accountable_v1_1_robinhood
delta_prod,accountableasyncredeemvault_call_symbol,accountable_v1_1_robinhood
delta_prod,accountableasyncredeemvault_call_totalassets,accountable_v1_1_robinhood
delta_prod,accountableasyncredeemvault_call_totalqueuedshares,accountable_v1_1_robinhood
delta_prod,accountableasyncredeemvault_call_totalsupply,accountable_v1_1_robinhood
delta_prod,accountableasyncredeemvault_call_transfer,accountable_v1_1_robinhood
delta_prod,accountableasyncredeemvault_call_transferableshares,accountable_v1_1_robinhood
delta_prod,accountableasyncredeemvault_call_transferfrom,accountable_v1_1_robinhood
delta_prod,accountableasyncredeemvault_call_withdraw,accountable_v1_1_robinhood
delta_prod,accountableasyncredeemvault_call_withdrawalrequest,accountable_v1_1_robinhood
delta_prod,accountableasyncredeemvault_call_withdrawalrequests,accountable_v1_1_robinhood
delta_prod,accountableasyncredeemvault_evt_allowedset,accountable_v1_1_robinhood
delta_prod,accountableasyncredeemvault_evt_approval,accountable_v1_1_robinhood
delta_prod,accountableasyncredeemvault_evt_cancelredeemrequest,accountable_v1_1_robinhood
delta_prod,accountableasyncredeemvault_evt_deposit,accountable_v1_1_robinhood
delta_prod,accountableasyncredeemvault_evt_eip712domainchanged,accountable_v1_1_robinhood
delta_prod,accountableasyncredeemvault_evt_lockassets,accountable_v1_1_robinhood
delta_prod,accountableasyncredeemvault_evt_operatorset,accountable_v1_1_robinhood
delta_prod,accountableasyncredeemvault_evt_redeemclaimable,accountable_v1_1_robinhood
delta_prod,accountableasyncredeemvault_evt_redeemrequest,accountable_v1_1_robinhood
delta_prod,accountableasyncredeemvault_evt_releaseassets,accountable_v1_1_robinhood
delta_prod,accountableasyncredeemvault_evt_sharestransferableset,accountable_v1_1_robinhood
delta_prod,accountableasyncredeemvault_evt_signerchanged,accountable_v1_1_robinhood
delta_prod,accountableasyncredeemvault_evt_transfer,accountable_v1_1_robinhood
delta_prod,accountableasyncredeemvault_evt_txauthdataverified,accountable_v1_1_robinhood
delta_prod,accountableasyncredeemvault_evt_withdraw,accountable_v1_1_robinhood
delta_prod,accountableyield_call_acceptborrowerrole,accountable_v1_1_robinhood
delta_prod,accountableyield_call_acceptdefault,accountable_v1_1_robinhood
delta_prod,accountableyield_call_acceptterms,accountable_v1_1_robinhood
delta_prod,accountableyield_call_accrueandprocess,accountable_v1_1_robinhood
delta_prod,accountableyield_call_accruedassets,accountable_v1_1_robinhood
delta_prod,accountableyield_call_accruedpenalties,accountable_v1_1_robinhood
delta_prod,accountableyield_call_asset,accountable_v1_1_robinhood
delta_prod,accountableyield_call_authoperator,accountable_v1_1_robinhood
delta_prod,accountableyield_call_basis_points,accountable_v1_1_robinhood
delta_prod,accountableyield_call_borrow,accountable_v1_1_robinhood
delta_prod,accountableyield_call_borrower,accountable_v1_1_robinhood
delta_prod,accountableyield_call_coverdefault,accountable_v1_1_robinhood
delta_prod,accountableyield_call_days_1_seconds,accountable_v1_1_robinhood
delta_prod,accountableyield_call_days_365_seconds,accountable_v1_1_robinhood
delta_prod,accountableyield_call_defaultloan,accountable_v1_1_robinhood
delta_prod,accountableyield_call_default_nav_grace_period,accountable_v1_1_robinhood
delta_prod,accountableyield_call_delinquencystarttime,accountable_v1_1_robinhood
delta_prod,accountableyield_call_deployedassets,accountable_v1_1_robinhood
delta_prod,accountableyield_call_depositgateway,accountable_v1_1_robinhood
delta_prod,accountableyield_call_dvnproof,accountable_v1_1_robinhood
