last_trade,n_trades,pool_address_hex,project,token_bought_symbol,token_sold_symbol,total_vol_usd,version
2026-09-05 06:06:52.000 UTC,883315,D4EB21209C4D6093F80B5B84F5C45CC093EA14A3,uniswap,NVDA,USDG,312745965.0241202,3
2026-09-05 06:06:54.000 UTC,851635,D4EB21209C4D6093F80B5B84F5C45CC093EA14A3,uniswap,USDG,NVDA,311942838.2473275,3
2026-09-05 06:07:01.000 UTC,606784,C61284332117C3FB23A2A56CCEFFD07F7AF60029,uniswap,SPCX,USDG,143327227.005882,3
2026-09-05 06:06:50.000 UTC,603136,C61284332117C3FB23A2A56CCEFFD07F7AF60029,uniswap,USDG,SPCX,142872129.4523422,3
2026-09-05 06:06:54.000 UTC,283169,DDCBBA3666F578E3F09516F21FF85BFEE859AB5E,uniswap,SPY,WETH,72664567.05266358,3
2026-09-05 06:06:53.000 UTC,289048,DDCBBA3666F578E3F09516F21FF85BFEE859AB5E,uniswap,WETH,SPY,72587142.77166721,3
2026-09-05 06:06:57.000 UTC,436370,E2B46C905E12AB8E2F864E4821A4325884C1B126,uniswap,GME,USDG,70551748.92937419,3
2026-09-05 06:06:59.000 UTC,407042,E2B46C905E12AB8E2F864E4821A4325884C1B126,uniswap,USDG,GME,70485806.58716223,3
2026-09-05 06:06:45.000 UTC,280368,8366A39CC670B4001A1121B8F6A443A643E40951,uniswap,SPY,USDG,66471952.33532361,4
2026-09-05 06:06:54.000 UTC,279092,8366A39CC670B4001A1121B8F6A443A643E40951,uniswap,USDG,SPY,65714701.7178431,4
2026-09-05 06:04:22.000 UTC,131606,AA34FEA710A1A737840329051D81D3B0B7C564D5,uniswap,USDG,AMC,61526948.21550552,3
2026-09-05 06:00:11.000 UTC,152183,AA34FEA710A1A737840329051D81D3B0B7C564D5,uniswap,AMC,USDG,59608439.11232355,3
2026-09-05 05:49:58.000 UTC,185789,38453C115607463AC284820CE959831042F3DF4E,ramsesxyz,SPY,USDG,48955478.05948189,cl
2026-09-05 05:50:08.000 UTC,162784,38453C115607463AC284820CE959831042F3DF4E,ramsesxyz,USDG,SPY,48895651.333483174,cl
2026-09-05 06:07:00.000 UTC,107961,8366A39CC670B4001A1121B8F6A443A643E40951,uniswap,USDG,AMC,36644979.186854,4
2026-09-05 06:05:20.000 UTC,231987,8366A39CC670B4001A1121B8F6A443A643E40951,uniswap,USDG,DJT,35959455.44958626,4
2026-09-05 06:06:36.000 UTC,118754,8366A39CC670B4001A1121B8F6A443A643E40951,uniswap,AMC,USDG,35628808.07094679,4
2026-09-05 06:06:23.000 UTC,238034,8366A39CC670B4001A1121B8F6A443A643E40951,uniswap,DJT,USDG,34929979.96521033,4
2026-09-05 06:06:16.000 UTC,111480,8366A39CC670B4001A1121B8F6A443A643E40951,uniswap,NVDA,USDG,26810846.424929217,4
2026-09-05 06:06:38.000 UTC,104437,8366A39CC670B4001A1121B8F6A443A643E40951,uniswap,USDG,NVDA,26147335.079389565,4
2026-09-05 06:06:54.000 UTC,154028,7A6A053ECCF1446A2633E05AA6D40D09381997EC,uniswap,USDG,GLD,25219440.61068762,3
2026-09-05 06:04:30.000 UTC,156200,7A6A053ECCF1446A2633E05AA6D40D09381997EC,uniswap,GLD,USDG,25124808.182587907,3
2026-09-05 06:03:43.000 UTC,134743,E9713F453ADB9245B19559790C96F470A18F2FDF,uniswap,USDG,GME,24674636.29465378,3
2026-09-05 06:05:02.000 UTC,163934,E9713F453ADB9245B19559790C96F470A18F2FDF,uniswap,GME,USDG,24249417.76764201,3
2026-09-05 06:06:51.000 UTC,123291,62AB521F71431F78AC374CDBADC6CDA3C8916B6C,uniswap,NVDA,WETH,21428935.7223258,3
2026-09-05 06:06:57.000 UTC,120209,62AB521F71431F78AC374CDBADC6CDA3C8916B6C,uniswap,WETH,NVDA,21322181.002947144,3
2026-09-05 06:06:57.000 UTC,147304,D60A5D14DB690B7AFAD71F76B108071D7175597D,uniswap,QQQ,USDG,20641360.834915675,3
2026-09-05 05:50:05.000 UTC,91960,D89CAC2DD5CE9F8D655D9F6E20EEED18EFC9DAEF,gigadex,SPY,USDG,20434308.87129867,3
2026-09-05 06:06:32.000 UTC,81383,8366A39CC670B4001A1121B8F6A443A643E40951,uniswap,SPCX,USDG,20388423.74641161,4
2026-09-05 05:50:08.000 UTC,76212,D89CAC2DD5CE9F8D655D9F6E20EEED18EFC9DAEF,gigadex,USDG,SPY,20383508.08330074,3
2026-09-05 06:06:53.000 UTC,149880,D60A5D14DB690B7AFAD71F76B108071D7175597D,uniswap,USDG,QQQ,20099401.16563979,3
2026-09-05 06:04:24.000 UTC,77011,8366A39CC670B4001A1121B8F6A443A643E40951,uniswap,USDG,SPCX,19671030.859658897,4
2026-09-05 06:06:58.000 UTC,94213,8366A39CC670B4001A1121B8F6A443A643E40951,uniswap,MSTR,USDG,19558696.953560974,4
2026-09-05 06:06:57.000 UTC,86847,8366A39CC670B4001A1121B8F6A443A643E40951,uniswap,USDG,MSTR,19354303.01651576,4
2026-09-05 06:05:04.000 UTC,92570,D9AB4B7FAE6DC2F7020134EC744A8F53EF3E5E24,uniswap,USDG,TTWO,18833220.1165448,3
2026-09-05 06:04:58.000 UTC,50613,C8C90D3A1C1A24967E773AC2AD0D456BA3E31F64,uniswap,USDG,HIMS,18820115.990811083,3
2026-09-05 06:06:43.000 UTC,90554,BA2F1ED4CEB2169D538D1E614D847E83C5A55913,uniswap,GLD,USDG,18562834.846609555,3
2026-09-05 06:06:53.000 UTC,88091,BA2F1ED4CEB2169D538D1E614D847E83C5A55913,uniswap,USDG,GLD,18480820.751057584,3
2026-09-05 05:39:52.000 UTC,87316,EB07D9587EFD1778DFB9C385EC43EF6D5F9FE401,uniswap,SPCX,USDG,18377108.394407816,3
2026-09-05 06:00:16.000 UTC,94472,D9AB4B7FAE6DC2F7020134EC744A8F53EF3E5E24,uniswap,TTWO,USDG,18043630.890044503,3
2026-09-05 06:04:43.000 UTC,53180,C8C90D3A1C1A24967E773AC2AD0D456BA3E31F64,uniswap,HIMS,USDG,18012894.647185735,3
2026-09-05 04:51:52.000 UTC,65503,EB07D9587EFD1778DFB9C385EC43EF6D5F9FE401,uniswap,USDG,SPCX,17994873.316018045,3
2026-09-05 06:05:58.000 UTC,125491,A8744E76AED23B05F0126335E7BD38F7935D19FE,uniswap,USDG,RDDT,16797092.00355793,3
2026-09-05 06:00:51.000 UTC,128405,A8744E76AED23B05F0126335E7BD38F7935D19FE,uniswap,RDDT,USDG,16619795.325086078,3
2026-09-05 06:05:51.000 UTC,88894,8366A39CC670B4001A1121B8F6A443A643E40951,uniswap,USDG,AAPL,15948766.285325473,4
2026-09-05 06:06:37.000 UTC,104405,8366A39CC670B4001A1121B8F6A443A643E40951,uniswap,AAPL,USDG,15780722.881764611,4
2026-09-05 06:04:09.000 UTC,43934,8366A39CC670B4001A1121B8F6A443A643E40951,uniswap,USDG,WYFI,15721823.041915461,4
2026-09-05 05:58:25.000 UTC,71817,19D55ABA3E5D2C389B7011C634725136DFDCAE33,uponrh,AAPL,USDG,15543535.646410912,3
2026-09-05 06:06:30.000 UTC,72298,19D55ABA3E5D2C389B7011C634725136DFDCAE33,uponrh,USDG,AAPL,15513829.127904855,3
2026-09-05 06:02:06.000 UTC,47712,8366A39CC670B4001A1121B8F6A443A643E40951,uniswap,WYFI,USDG,15354010.528471284,4
2026-09-05 00:36:53.000 UTC,1053,8366A39CC670B4001A1121B8F6A443A643E40951,uniswap,WETH,AMC,14894136.866876498,4
2026-09-04 19:40:56.000 UTC,1030,8366A39CC670B4001A1121B8F6A443A643E40951,uniswap,AMC,WETH,14885081.372515196,4
2026-09-05 06:05:37.000 UTC,29153,F212D02146A897F5F686E9D629F6A73DA534324A,uniswap,USDG,LLY,14662245.630612858,3
2026-09-05 06:06:57.000 UTC,31305,F212D02146A897F5F686E9D629F6A73DA534324A,uniswap,LLY,USDG,14638250.195519345,3
2026-09-05 06:06:37.000 UTC,87744,0A2121A50A09ED0796AE81F9C53FF9398355A398,uniswap,USDG,COST,14221711.018790847,3
2026-09-05 06:05:24.000 UTC,92966,0A2121A50A09ED0796AE81F9C53FF9398355A398,uniswap,COST,USDG,13844594.107868077,3
2026-09-05 06:04:11.000 UTC,53542,02175608F1B5E6B5ED221CCFDC7BE197D111D915,uniswap,USO,USDG,13066009.704748195,3
2026-09-05 06:06:46.000 UTC,84485,AAE0D815EE56E4092A5E5C2911E676FEA50B2D6D,uniswap,USDG,AAPL,12988319.311299082,3
2026-09-05 06:03:37.000 UTC,96461,AAE0D815EE56E4092A5E5C2911E676FEA50B2D6D,uniswap,AAPL,USDG,12943413.10168293,3
2026-09-05 06:06:59.000 UTC,71576,C3C9F0171490EF0F4536FE493F3B0EBB5EE0CB5E,uniswap,SPCX,WETH,12631690.535639191,3
2026-09-05 06:06:41.000 UTC,52973,02175608F1B5E6B5ED221CCFDC7BE197D111D915,uniswap,USDG,USO,12617630.966063254,3
2026-09-05 06:05:19.000 UTC,55376,1BDB8E3A79CB1A7F228808739311E23098D33D43,uniswap,USDG,RBLX,12590448.067661047,3
2026-09-05 06:06:59.000 UTC,83229,34D0DC122CF9A8EB296FC5E0D3A233625D7D19B7,uniswap,USDG,GOOGL,12573496.265624478,3
2026-09-05 06:06:33.000 UTC,70094,C3C9F0171490EF0F4536FE493F3B0EBB5EE0CB5E,uniswap,WETH,SPCX,12557291.035241678,3
2026-09-05 06:06:54.000 UTC,84597,34D0DC122CF9A8EB296FC5E0D3A233625D7D19B7,uniswap,GOOGL,USDG,12448999.722251417,3
2026-09-05 05:56:23.000 UTC,60216,1BDB8E3A79CB1A7F228808739311E23098D33D43,uniswap,RBLX,USDG,12364003.134312676,3
2026-09-05 06:06:08.000 UTC,36535,8366A39CC670B4001A1121B8F6A443A643E40951,uniswap,USDG,SNAP,11683697.865684845,4
2026-09-05 05:49:52.000 UTC,66550,3E1AFDE90341F843C941FF4077D915BDE3008C7E,ramsesxyz,WETH,SPY,11457463.729738869,cl
2026-09-05 05:50:10.000 UTC,71641,3E1AFDE90341F843C941FF4077D915BDE3008C7E,ramsesxyz,SPY,WETH,11449318.574957285,cl
2026-09-05 06:05:55.000 UTC,42112,8366A39CC670B4001A1121B8F6A443A643E40951,uniswap,SNAP,USDG,11363014.91979307,4
2026-09-05 06:04:36.000 UTC,76031,31A89AFD92F9397465649AD03226C52292FC1AE5,uniswap,USDG,DJT,11096487.774617096,3
2026-09-05 06:04:58.000 UTC,27602,8366A39CC670B4001A1121B8F6A443A643E40951,uniswap,USDG,HIMS,10996934.286186513,4
2026-09-05 06:01:48.000 UTC,74591,8366A39CC670B4001A1121B8F6A443A643E40951,uniswap,USDG,TTWO,10899269.312985817,4
2026-09-05 06:00:57.000 UTC,69496,31A89AFD92F9397465649AD03226C52292FC1AE5,uniswap,DJT,USDG,10838143.439483814,3
2026-09-05 06:00:34.000 UTC,40630,8366A39CC670B4001A1121B8F6A443A643E40951,uniswap,GLD,USDG,10577302.19617718,4
2026-09-05 06:06:56.000 UTC,54622,8366A39CC670B4001A1121B8F6A443A643E40951,uniswap,USDG,LULU,10517538.641089408,4
2026-09-05 06:06:49.000 UTC,63987,8366A39CC670B4001A1121B8F6A443A643E40951,uniswap,USDG,TSLA,10488419.758439869,4
2026-09-05 06:01:37.000 UTC,76773,8366A39CC670B4001A1121B8F6A443A643E40951,uniswap,TTWO,USDG,10439720.447537486,4
2026-09-05 06:06:00.000 UTC,57694,9D590437ABAAE12CF9FE0627CAF4CFD633152599,uponrh,SPCX,USDG,10419072.006275635,3
2026-09-05 06:01:07.000 UTC,29882,8366A39CC670B4001A1121B8F6A443A643E40951,uniswap,HIMS,USDG,10405684.19096056,4
2026-09-05 06:05:22.000 UTC,69415,8366A39CC670B4001A1121B8F6A443A643E40951,uniswap,TSLA,USDG,10354389.986474771,4
2026-09-05 06:04:39.000 UTC,53615,9D590437ABAAE12CF9FE0627CAF4CFD633152599,uponrh,USDG,SPCX,10342232.968768347,3
2026-09-05 06:06:46.000 UTC,58063,8366A39CC670B4001A1121B8F6A443A643E40951,uniswap,LULU,USDG,10202666.320704274,4
2026-09-05 05:36:16.000 UTC,41755,8366A39CC670B4001A1121B8F6A443A643E40951,uniswap,USDG,GLD,9942394.394789075,4
2026-09-05 06:06:18.000 UTC,73242,8BB3514E2204E1CDF3AC149EFEE7FF04D91B719F,uniswap,WETH,AAPL,9868994.59296859,3
2026-09-05 06:06:53.000 UTC,30017,D057B1BC54917855BBEE58EAD58647F47CAB35E5,uniswap,MU,USDG,9830187.671322027,3
2026-09-05 06:06:53.000 UTC,73148,8BB3514E2204E1CDF3AC149EFEE7FF04D91B719F,uniswap,AAPL,WETH,9759989.523412399,3
2026-09-05 05:58:55.000 UTC,35138,8366A39CC670B4001A1121B8F6A443A643E40951,uniswap,USDG,LLY,9757727.59211424,4
2026-09-05 06:06:47.000 UTC,32039,8366A39CC670B4001A1121B8F6A443A643E40951,uniswap,LLY,USDG,9606251.77623141,4
2026-09-05 06:06:35.000 UTC,53841,654E4143E82A5824445ADE0824351C2A9ACD95A8,uniswap,CRCL,USDG,9487857.814885585,3
2026-09-05 06:06:51.000 UTC,53534,654E4143E82A5824445ADE0824351C2A9ACD95A8,uniswap,USDG,CRCL,9436975.042274613,3
2026-09-05 06:05:03.000 UTC,87809,8366A39CC670B4001A1121B8F6A443A643E40951,uniswap,ETH,NVDA,9376068.974154744,4
2026-09-05 06:05:08.000 UTC,30430,D057B1BC54917855BBEE58EAD58647F47CAB35E5,uniswap,USDG,MU,9328373.492093313,3
2026-09-05 06:01:16.000 UTC,22092,8366A39CC670B4001A1121B8F6A443A643E40951,uniswap,NVDA,WETH,8894433.448578438,4
2026-09-05 06:01:18.000 UTC,87625,8366A39CC670B4001A1121B8F6A443A643E40951,uniswap,NVDA,ETH,8806273.453396522,4
2026-09-05 06:06:48.000 UTC,60130,F4ACDAEEB7022862A763C9B1B885E11191C889E3,uniswap,TSLA,USDG,8322928.59780486,3
2026-09-05 06:06:50.000 UTC,54508,F4ACDAEEB7022862A763C9B1B885E11191C889E3,uniswap,USDG,TSLA,8278930.435080608,3
2026-09-05 06:05:53.000 UTC,21673,8366A39CC670B4001A1121B8F6A443A643E40951,uniswap,WETH,NVDA,8146209.149728682,4
2026-09-05 06:05:03.000 UTC,56032,8AC92DA74AB5F3B1D024DC1943AD7E15DC4179EF,uniswap,USDG,AMZN,8141407.134015399,3
2026-09-05 06:04:43.000 UTC,62252,8AC92DA74AB5F3B1D024DC1943AD7E15DC4179EF,uniswap,AMZN,USDG,8068202.856815469,3
2026-09-05 06:07:01.000 UTC,47840,0F4227D27082B3BCA6818381B9EA6460275E49F4,uniswap,LULU,USDG,8050575.138579795,3
2026-09-05 06:06:56.000 UTC,47466,0F4227D27082B3BCA6818381B9EA6460275E49F4,uniswap,USDG,LULU,8012356.746877054,3
2026-09-05 06:06:21.000 UTC,77357,C6BCC95043DC48C204BB2D57FB264A10EFE0A607,uniswap,WETH,GME,7700625.229773743,3
2026-09-05 06:05:53.000 UTC,76819,C6BCC95043DC48C204BB2D57FB264A10EFE0A607,uniswap,GME,WETH,7689504.168306083,3
2026-09-05 06:03:20.000 UTC,24295,8366A39CC670B4001A1121B8F6A443A643E40951,uniswap,AMC,ETH,7513402.040752444,4
2026-09-05 05:58:17.000 UTC,25117,8366A39CC670B4001A1121B8F6A443A643E40951,uniswap,ETH,AMC,7337959.5523501355,4
2026-09-05 06:06:16.000 UTC,73562,A541143F20D7B0643123064ABF25F423E375B531,uniswap,RDDT,WETH,7106999.489566543,3
2026-09-05 06:05:21.000 UTC,73628,A541143F20D7B0643123064ABF25F423E375B531,uniswap,WETH,RDDT,7095705.34136097,3
2026-09-05 05:19:56.000 UTC,19534,D2038788EBE1E0BFD7C0A6112F09778F3AEAECA6,uniswap,USDG,LLY,7095367.4552066,3
2026-09-05 06:06:31.000 UTC,49629,18A5AF4E442F8BE68968CC1F00D537F8AF2D12CD,uponrh,NVDA,USDG,6872641.071703864,3
2026-09-05 06:04:23.000 UTC,41418,8366A39CC670B4001A1121B8F6A443A643E40951,uniswap,USDG,GOOGL,6830294.096857338,4
2026-09-05 05:52:31.000 UTC,43629,8366A39CC670B4001A1121B8F6A443A643E40951,uniswap,GOOGL,USDG,6807249.234343553,4
2026-09-05 06:06:52.000 UTC,42768,18A5AF4E442F8BE68968CC1F00D537F8AF2D12CD,uponrh,USDG,NVDA,6796189.553539002,3
2026-09-05 05:34:03.000 UTC,21744,D2038788EBE1E0BFD7C0A6112F09778F3AEAECA6,uniswap,LLY,USDG,6789458.72056102,3
2026-09-05 06:04:35.000 UTC,46303,8366A39CC670B4001A1121B8F6A443A643E40951,uniswap,MSFT,USDG,6410866.64346581,4
2026-09-05 06:06:15.000 UTC,20630,8366A39CC670B4001A1121B8F6A443A643E40951,uniswap,USDG,FIG,6344501.3498919625,4
2026-09-05 06:06:52.000 UTC,72589,8366A39CC670B4001A1121B8F6A443A643E40951,uniswap,ETH,SPCX,6290523.870268532,4
2026-09-05 06:06:45.000 UTC,30787,70504A6FAFDBFB75FE971FAA4DD716E79AC5624C,uniswap,MSTR,WETH,6284628.470839048,3
2026-09-05 06:00:14.000 UTC,43138,8366A39CC670B4001A1121B8F6A443A643E40951,uniswap,USDG,MSFT,6283493.010188409,4
2026-09-05 06:04:01.000 UTC,21418,8366A39CC670B4001A1121B8F6A443A643E40951,uniswap,FIG,USDG,6178660.068829716,4
2026-09-05 05:54:37.000 UTC,28215,8366A39CC670B4001A1121B8F6A443A643E40951,uniswap,USDG,QUBT,6161985.737369641,4
2026-09-05 06:05:23.000 UTC,38456,FAB520051F96F4D2A32C22B6A3DD7FFFDF231BFE,uniswap,USDG,SGOV,6139694.610885053,3
2026-09-05 06:06:25.000 UTC,24994,8366A39CC670B4001A1121B8F6A443A643E40951,uniswap,TSM,USDG,6114584.968876871,4
2026-09-05 06:06:31.000 UTC,38697,FAB520051F96F4D2A32C22B6A3DD7FFFDF231BFE,uniswap,SGOV,USDG,6043229.248126178,3
2026-09-05 06:04:38.000 UTC,70080,8366A39CC670B4001A1121B8F6A443A643E40951,uniswap,SPCX,ETH,6023790.726468373,4
2026-09-05 06:06:18.000 UTC,22856,8366A39CC670B4001A1121B8F6A443A643E40951,uniswap,USDG,TSM,5940340.5084619345,4
2026-09-05 06:04:47.000 UTC,32367,8366A39CC670B4001A1121B8F6A443A643E40951,uniswap,QUBT,USDG,5931672.5813719025,4
2026-09-05 06:07:00.000 UTC,27977,70504A6FAFDBFB75FE971FAA4DD716E79AC5624C,uniswap,WETH,MSTR,5871504.864218903,3
2026-09-05 06:04:31.000 UTC,27290,98996E833EA35EC17C3645CA7B6DD40D188564C4,uniswap,GLD,WETH,5647244.865752716,3
2026-09-05 05:33:53.000 UTC,21596,47A2A145308D55EAA957920876AB626730EAF90B,ramsesxyz,USDG,SPY,5642090.438087963,cl
2026-09-05 06:03:06.000 UTC,27301,98996E833EA35EC17C3645CA7B6DD40D188564C4,uniswap,WETH,GLD,5624331.305626658,3
2026-09-05 05:50:03.000 UTC,21581,47A2A145308D55EAA957920876AB626730EAF90B,ramsesxyz,SPY,USDG,5523899.55278912,cl
2026-09-05 03:26:25.000 UTC,29873,0A0675689C2AD2A3ADE86539BCBD27B6C0764E9D,uniswap,USDG,GME,5498370.682005844,3
2026-09-05 06:05:23.000 UTC,24514,8366A39CC670B4001A1121B8F6A443A643E40951,uniswap,MU,USDG,5364226.415731023,4
2026-09-05 05:59:01.000 UTC,21624,8366A39CC670B4001A1121B8F6A443A643E40951,uniswap,USDG,MU,5323325.106055709,4
2026-09-05 06:05:16.000 UTC,27532,8366A39CC670B4001A1121B8F6A443A643E40951,uniswap,USDG,GME,5231537.167471434,4
2026-09-05 05:17:28.000 UTC,30379,0A0675689C2AD2A3ADE86539BCBD27B6C0764E9D,uniswap,GME,USDG,5152618.901146058,3
2026-09-05 06:04:11.000 UTC,27894,8366A39CC670B4001A1121B8F6A443A643E40951,uniswap,USDG,INDA,5147694.399431366,4
2026-09-05 06:06:25.000 UTC,32335,77BF6D7D6F18C2C0CA0673F95AF96A8812A3CB86,uponrh,TSLA,USDG,5115312.305806041,3
2026-09-05 06:02:22.000 UTC,28456,77BF6D7D6F18C2C0CA0673F95AF96A8812A3CB86,uponrh,USDG,TSLA,5098516.242487146,3
2026-09-05 05:41:21.000 UTC,39733,8366A39CC670B4001A1121B8F6A443A643E40951,uniswap,RDDT,USDG,4966295.412943156,4
2026-09-05 06:04:59.000 UTC,32965,6707AEAC7D0E519B083219D27BB427364363183A,uniswap,WETH,COIN,4932996.513511612,3
2026-09-05 06:05:36.000 UTC,16650,8366A39CC670B4001A1121B8F6A443A643E40951,uniswap,USDG,COST,4925444.715574285,4
2026-09-05 05:58:08.000 UTC,30491,6707AEAC7D0E519B083219D27BB427364363183A,uniswap,COIN,WETH,4925137.209679532,3
2026-09-05 06:06:27.000 UTC,29498,8366A39CC670B4001A1121B8F6A443A643E40951,uniswap,GME,USDG,4872115.6222011475,4
2026-09-05 06:05:36.000 UTC,27846,8366A39CC670B4001A1121B8F6A443A643E40951,uniswap,INDA,USDG,4830121.650986981,4
2026-09-05 06:05:47.000 UTC,10825,8366A39CC670B4001A1121B8F6A443A643E40951,uniswap,SPCX,WETH,4823259.6924603935,4
2026-09-05 06:05:17.000 UTC,35872,8366A39CC670B4001A1121B8F6A443A643E40951,uniswap,USDG,RDDT,4806665.352625765,4
2026-09-05 05:49:46.000 UTC,44999,F28521367B68A68FFC85ED6FAD4AF73C5FF7B24A,gigadex,NVDA,USDG,4737235.710797176,3
2026-09-05 05:49:49.000 UTC,40947,F28521367B68A68FFC85ED6FAD4AF73C5FF7B24A,gigadex,USDG,NVDA,4733810.019150991,3
2026-09-05 06:06:27.000 UTC,18786,8366A39CC670B4001A1121B8F6A443A643E40951,uniswap,COST,USDG,4601519.7588905,4
2026-09-05 06:06:00.000 UTC,37689,8366A39CC670B4001A1121B8F6A443A643E40951,uniswap,META,USDG,4470573.742187473,4
2026-09-05 06:02:48.000 UTC,36500,8366A39CC670B4001A1121B8F6A443A643E40951,uniswap,USDG,META,4453814.775039387,4
2026-09-05 06:05:08.000 UTC,11034,8366A39CC670B4001A1121B8F6A443A643E40951,uniswap,WETH,SPCX,4427990.35043445,4
2026-09-05 06:05:21.000 UTC,20025,8CB787E6C315D464775289BAD00FDD67D53ECB3D,uniswap,USDG,SLV,4391591.52104639,3
2026-09-05 06:06:53.000 UTC,30755,8366A39CC670B4001A1121B8F6A443A643E40951,uniswap,USDG,UPS,4385044.850694966,4
2026-09-05 05:59:43.000 UTC,22287,8CB787E6C315D464775289BAD00FDD67D53ECB3D,uniswap,SLV,USDG,4368921.764239084,3
2026-09-05 06:02:12.000 UTC,17185,6BA50150B17FFD0972915AAF04FFD5E8F4FA49B4,uniswap,USDG,SGOV,4333422.212462546,3
2026-09-05 06:01:05.000 UTC,33744,8366A39CC670B4001A1121B8F6A443A643E40951,uniswap,UPS,USDG,4272832.7110354155,4
2026-09-05 06:05:33.000 UTC,30059,59895C0302F41AEAA129D2FA2442CEC01E7EF45E,uniswap,USDG,NFLX,4250750.413491975,3
2026-09-05 05:47:39.000 UTC,16396,8366A39CC670B4001A1121B8F6A443A643E40951,uniswap,SNDK,USDG,4243849.524241338,4
2026-09-05 05:58:57.000 UTC,19244,6BA50150B17FFD0972915AAF04FFD5E8F4FA49B4,uniswap,SGOV,USDG,4238155.926048857,3
2026-09-05 06:06:28.000 UTC,30967,A7BB1AC63BBAB0C44316E6C8C455213441689167,uniswap,USDG,SPY,4198845.63644724,3
2026-09-05 06:06:57.000 UTC,31850,A7BB1AC63BBAB0C44316E6C8C455213441689167,uniswap,SPY,USDG,4197098.758623524,3
2026-09-05 05:59:51.000 UTC,30428,59895C0302F41AEAA129D2FA2442CEC01E7EF45E,uniswap,NFLX,USDG,4148438.9307030025,3
2026-09-05 05:56:07.000 UTC,41856,8366A39CC670B4001A1121B8F6A443A643E40951,uniswap,ETH,DJT,4109971.521843189,4
2026-09-05 04:02:50.000 UTC,44667,8366A39CC670B4001A1121B8F6A443A643E40951,uniswap,DJT,ETH,4081547.266175212,4
2026-09-05 06:06:33.000 UTC,21529,5AD1A528CD9DE3962CB6C75FF250E434887479C1,uponrh,SPY,USDG,4075633.6763313506,3
2026-09-05 06:06:20.000 UTC,19341,5AD1A528CD9DE3962CB6C75FF250E434887479C1,uponrh,USDG,SPY,4069262.7281016354,3
2026-09-05 05:54:10.000 UTC,15198,8366A39CC670B4001A1121B8F6A443A643E40951,uniswap,USDG,SNDK,3997668.1831360348,4
2026-09-05 05:49:33.000 UTC,23821,2EF5945CD5664876B6481FDACFAA2942995A4DA8,uniswap,USDG,RBLX,3927819.866821683,3
2026-09-05 06:04:53.000 UTC,25902,2EF5945CD5664876B6481FDACFAA2942995A4DA8,uniswap,RBLX,USDG,3917107.3448520293,3
2026-09-04 19:53:30.000 UTC,2322,8366A39CC670B4001A1121B8F6A443A643E40951,uniswap,WETH,DJT,3905010.137371487,4
2026-09-05 06:05:33.000 UTC,26827,851680416A4F4E1C463D45171D61ACDDBC8554C0,uniswap,USDG,PLTR,3765193.4018297126,3
2026-09-05 06:01:23.000 UTC,16326,A34D0667334074DF2D5BFD259E79E6B9CF1FA8BF,uniswap,USDG,MRNA,3700152.4554692227,3
2026-09-05 06:06:53.000 UTC,36922,4230750B3C69AE6054A3F778D75ADC2E9A27D70F,uponrh,MSFT,USDG,3695258.5515544065,3
2026-09-05 06:06:18.000 UTC,33825,4230750B3C69AE6054A3F778D75ADC2E9A27D70F,uponrh,USDG,MSFT,3695203.2019262174,3
2026-09-05 05:52:56.000 UTC,19106,A34D0667334074DF2D5BFD259E79E6B9CF1FA8BF,uniswap,MRNA,USDG,3687145.4503223062,3
2026-09-05 06:07:00.000 UTC,30843,851680416A4F4E1C463D45171D61ACDDBC8554C0,uniswap,PLTR,USDG,3671284.5921526263,3
2026-09-05 06:05:18.000 UTC,10689,0EBD4650C9E641E9745B5A508A2D46935DFE753E,uniswap,USDG,SNAP,3655905.0754705016,3
2026-09-05 05:50:36.000 UTC,14630,F4274130137EEE20BAD928B593D992716516CEB9,uniswap,USDG,LLY,3615470.564340804,3
2026-09-05 06:03:06.000 UTC,42474,DA0EE6B8EF5D3A2338A15621FABF6619070F1B64,uponrh,USDG,GME,3608718.5692443578,3
2026-09-04 18:59:41.000 UTC,1941,8366A39CC670B4001A1121B8F6A443A643E40951,uniswap,DJT,WETH,3606766.8691705014,4
2026-09-05 06:05:21.000 UTC,20220,C30C89CB7815A1488B7998D15EEC73961707FC5A,uniswap,DELL,USDG,3601957.835805438,3
2026-09-05 06:03:24.000 UTC,44469,DA0EE6B8EF5D3A2338A15621FABF6619070F1B64,uponrh,GME,USDG,3597045.121711245,3
2026-09-05 06:00:14.000 UTC,27423,8366A39CC670B4001A1121B8F6A443A643E40951,uniswap,USDG,PLTR,3537658.574625772,4
2026-09-05 05:56:21.000 UTC,23467,C0BE1CB0F674D9737C72B2A63FC542361185B807,uniswap,NVDA,WETH,3513805.9454472493,3
2026-09-05 05:58:01.000 UTC,13857,F4274130137EEE20BAD928B593D992716516CEB9,uniswap,LLY,USDG,3482758.6313195415,3
2026-09-05 06:02:40.000 UTC,10882,0EBD4650C9E641E9745B5A508A2D46935DFE753E,uniswap,SNAP,USDG,3461710.26757072,3
2026-09-05 06:07:00.000 UTC,28918,8366A39CC670B4001A1121B8F6A443A643E40951,uniswap,PLTR,USDG,3441925.5442830077,4
2026-09-05 06:06:43.000 UTC,18611,C30C89CB7815A1488B7998D15EEC73961707FC5A,uniswap,USDG,DELL,3420091.5881430297,3
2026-09-05 06:04:59.000 UTC,27190,C0BE1CB0F674D9737C72B2A63FC542361185B807,uniswap,WETH,NVDA,3413909.1071551247,3
2026-09-05 06:05:39.000 UTC,18083,A57AB582B310DD6F9E934EA1EEEA152741545E6A,uniswap,USDG,BABA,3410775.310276814,3
2026-09-05 06:05:59.000 UTC,19480,5CA3FE49388B244D66F60B03EDD940CC52B77B2E,uponrh,SNDK,USDG,3389737.2059374945,3
2026-09-05 06:06:57.000 UTC,16678,5CA3FE49388B244D66F60B03EDD940CC52B77B2E,uponrh,USDG,SNDK,3350566.864622428,3
2026-09-05 06:04:11.000 UTC,18541,A57AB582B310DD6F9E934EA1EEEA152741545E6A,uniswap,BABA,USDG,3258446.340893275,3
2026-09-05 06:06:41.000 UTC,27812,EB60BCD1D920AD6E102690CCFC6FB488899E1510,uniswap,USDG,MSFT,3234672.1995590474,3
2026-09-05 06:03:35.000 UTC,30953,EB60BCD1D920AD6E102690CCFC6FB488899E1510,uniswap,MSFT,USDG,3212493.2740168655,3
2026-09-05 05:59:48.000 UTC,20324,8366A39CC670B4001A1121B8F6A443A643E40951,uniswap,USDG,PFE,3193279.9406527886,4
2026-09-05 06:07:00.000 UTC,19602,17578C0E0D15DA44F31677263114F71AE76653EA,uniswap,MSTR,USDG,3079926.147173359,3
2026-09-05 06:06:25.000 UTC,19078,8366A39CC670B4001A1121B8F6A443A643E40951,uniswap,USDG,BULL,3019138.0731805656,4
2026-09-05 05:47:46.000 UTC,21809,8366A39CC670B4001A1121B8F6A443A643E40951,uniswap,PFE,USDG,3014509.58159217,4
2026-09-05 06:06:54.000 UTC,19606,8366A39CC670B4001A1121B8F6A443A643E40951,uniswap,IBM,USDG,3007338.8969238265,4
2026-09-05 06:05:09.000 UTC,16654,8366A39CC670B4001A1121B8F6A443A643E40951,uniswap,USDG,IBM,3002838.7449747347,4
2026-09-05 05:55:52.000 UTC,12303,227BBCE9A81B3694B01754298A983BE3F9E44A93,uniswap,USDG,QUBT,2974374.999356915,3
2026-09-05 06:06:57.000 UTC,18892,8366A39CC670B4001A1121B8F6A443A643E40951,uniswap,USDG,BB,2964865.6649684734,4
2026-09-05 06:04:51.000 UTC,11744,8366A39CC670B4001A1121B8F6A443A643E40951,uniswap,SGOV,USDG,2952801.2847483167,4
2026-09-05 06:04:23.000 UTC,13263,227BBCE9A81B3694B01754298A983BE3F9E44A93,uniswap,QUBT,USDG,2943714.8295956296,3
2026-09-05 05:46:46.000 UTC,18533,8366A39CC670B4001A1121B8F6A443A643E40951,uniswap,INTC,USDG,2928846.501872687,4
2026-09-05 05:24:11.000 UTC,20380,8366A39CC670B4001A1121B8F6A443A643E40951,uniswap,JNJ,USDG,2908455.3422304275,4
2026-09-05 05:50:11.000 UTC,16395,8366A39CC670B4001A1121B8F6A443A643E40951,uniswap,USDG,INTC,2906002.8028832497,4
2026-09-05 05:28:21.000 UTC,20023,8366A39CC670B4001A1121B8F6A443A643E40951,uniswap,USDG,JNJ,2872142.170434767,4
2026-09-05 04:52:08.000 UTC,26693,3E7A328024ABDC493991F44F0982C0AF64B391EB,gigadex,USDG,RDDT,2866365.482460594,3
2026-09-05 06:06:07.000 UTC,21441,8366A39CC670B4001A1121B8F6A443A643E40951,uniswap,BB,USDG,2863578.268924301,4
2026-09-05 06:06:49.000 UTC,19251,17578C0E0D15DA44F31677263114F71AE76653EA,uniswap,USDG,MSTR,2856623.702798313,3
2026-09-05 06:05:35.000 UTC,20286,8366A39CC670B4001A1121B8F6A443A643E40951,uniswap,BULL,USDG,2828702.693720259,4
2026-09-05 06:06:34.000 UTC,11094,8366A39CC670B4001A1121B8F6A443A643E40951,uniswap,USDG,SGOV,2825465.785130629,4
2026-09-05 05:45:38.000 UTC,27313,3E7A328024ABDC493991F44F0982C0AF64B391EB,gigadex,RDDT,USDG,2797502.257124384,3
2026-09-05 05:51:21.000 UTC,17343,8366A39CC670B4001A1121B8F6A443A643E40951,uniswap,USDG,SKHY,2788833.254495028,4
2026-09-05 05:51:41.000 UTC,16829,783C9BBB765047CFDD2B84B92B2CA9F11D34B7ED,uniswap,AAPL,USDG,2736209.8193522943,3
2026-09-05 03:20:28.000 UTC,16028,783C9BBB765047CFDD2B84B92B2CA9F11D34B7ED,uniswap,USDG,AAPL,2723544.611698951,3
2026-09-05 06:02:31.000 UTC,17921,8366A39CC670B4001A1121B8F6A443A643E40951,uniswap,SKHY,USDG,2698328.661535547,4
2026-09-05 06:01:23.000 UTC,13996,07E8EA83D4C1340774C8965125E26E12BF943BF1,uniswap,USDG,TSM,2600137.4966101493,3
2026-09-05 05:48:30.000 UTC,11280,93AF1DFBA0F8C904ACB30B3D353DC3670CB8D6DE,gigadex,MSTR,USDG,2565911.9202777543,3
2026-09-05 05:00:22.000 UTC,14522,07E8EA83D4C1340774C8965125E26E12BF943BF1,uniswap,TSM,USDG,2542126.6466771304,3
2026-09-05 05:49:09.000 UTC,11229,93AF1DFBA0F8C904ACB30B3D353DC3670CB8D6DE,gigadex,USDG,MSTR,2499218.354175862,3
2026-09-05 05:55:26.000 UTC,17008,B5E892F0FC6DAADDA5B927266FE7907E623E4843,uniswap,MRVL,USDG,2372487.64939066,3
2026-09-05 06:05:03.000 UTC,16550,B5E892F0FC6DAADDA5B927266FE7907E623E4843,uniswap,USDG,MRVL,2364060.5878995648,3
2026-09-05 06:06:57.000 UTC,22590,A953CA88FF430E9487C60CA34D757414F4EFDA07,uniswap,WETH,TSLA,2309409.786771482,3
2026-09-05 05:58:30.000 UTC,16526,8366A39CC670B4001A1121B8F6A443A643E40951,uniswap,WYFI,ETH,2286887.161260217,4
2026-09-05 05:38:21.000 UTC,16614,8366A39CC670B4001A1121B8F6A443A643E40951,uniswap,ETH,WYFI,2284946.234042783,4
2026-09-05 06:06:53.000 UTC,22950,A953CA88FF430E9487C60CA34D757414F4EFDA07,uniswap,TSLA,WETH,2266165.469607656,3
2026-09-05 05:48:14.000 UTC,6585,6F7368F0DD18A4E1DB631095363D109E6ADE9293,ramsesxyz,USDG,AAPL,2246804.02244268,cl
2026-09-05 06:06:55.000 UTC,11987,04391780F519B7D3BA59C9590459D76E23D225C4,uniswap,USDG,USAR,2237140.1419690694,3
2026-09-05 05:46:50.000 UTC,8962,6F7368F0DD18A4E1DB631095363D109E6ADE9293,ramsesxyz,AAPL,USDG,2232249.8582428508,cl
2026-09-05 05:57:50.000 UTC,12919,04391780F519B7D3BA59C9590459D76E23D225C4,uniswap,USAR,USDG,2221284.2330271937,3
2026-09-05 06:05:48.000 UTC,11600,8366A39CC670B4001A1121B8F6A443A643E40951,uniswap,USDG,CRCL,2129812.829644371,4
2026-09-05 04:30:47.000 UTC,8132,B944CEC30BD4175855215D767ADC81F39E5F7E2B,uniswap,NVDA,USDG,2128399.1799210794,3
2026-09-05 06:03:12.000 UTC,16326,8366A39CC670B4001A1121B8F6A443A643E40951,uniswap,F,USDG,2123909.6740439446,4
2026-09-05 06:05:04.000 UTC,15811,8366A39CC670B4001A1121B8F6A443A643E40951,uniswap,USDG,F,2123855.840462753,4
2026-09-05 06:06:24.000 UTC,11490,8366A39CC670B4001A1121B8F6A443A643E40951,uniswap,CRCL,USDG,2082610.431697146,4
2026-09-05 05:18:12.000 UTC,10333,8366A39CC670B4001A1121B8F6A443A643E40951,uniswap,USDG,MRNA,2072685.4995552907,4
2026-09-05 05:31:31.000 UTC,14170,8366A39CC670B4001A1121B8F6A443A643E40951,uniswap,USDG,COIN,2060158.0982797241,4
2026-09-05 06:06:30.000 UTC,6150,8366A39CC670B4001A1121B8F6A443A643E40951,uniswap,USDG,EWY,2059058.357620988,4
2026-09-05 05:45:51.000 UTC,11864,8366A39CC670B4001A1121B8F6A443A643E40951,uniswap,MRNA,USDG,2056747.79518837,4
2026-09-05 06:05:10.000 UTC,19615,95DEF4EA143630D64CAA8F55F7570D8023F20265,uniswap,WETH,DJT,2042917.6224756874,3
2026-09-05 06:05:45.000 UTC,20121,95DEF4EA143630D64CAA8F55F7570D8023F20265,uniswap,DJT,WETH,2040488.9768142086,3
2026-09-05 05:27:36.000 UTC,17369,8366A39CC670B4001A1121B8F6A443A643E40951,uniswap,COIN,USDG,2030429.6330861144,4
2026-09-05 06:05:42.000 UTC,10280,B30A75B200D98A600A3766869344928E35823E23,uniswap,USDG,RIVN,2006239.7058873423,3
2026-09-05 06:05:37.000 UTC,11787,B30A75B200D98A600A3766869344928E35823E23,uniswap,RIVN,USDG,1969578.7042816551,3
2026-09-05 06:06:13.000 UTC,17563,8366A39CC670B4001A1121B8F6A443A643E40951,uniswap,RBLX,USDG,1943471.5752440584,4
2026-09-05 06:04:58.000 UTC,15733,8366A39CC670B4001A1121B8F6A443A643E40951,uniswap,USDG,RBLX,1942407.4074862227,4
2026-09-05 06:06:29.000 UTC,5903,8366A39CC670B4001A1121B8F6A443A643E40951,uniswap,EWY,USDG,1892671.998918133,4
2026-09-05 06:04:23.000 UTC,9326,7F0ACE18D1DCED47063CF26E649BC8AB14D09E67,uniswap,USDG,JNJ,1855453.7851746103,3
2026-09-05 05:49:54.000 UTC,17685,8366A39CC670B4001A1121B8F6A443A643E40951,uniswap,NFLX,USDG,1852089.2342526105,4
2026-09-05 06:03:06.000 UTC,14296,8366A39CC670B4001A1121B8F6A443A643E40951,uniswap,USDG,NFLX,1811847.6802507641,4
2026-09-05 06:05:51.000 UTC,14165,98A27FC90C643562F9793089ACF2697AB4C0A880,uponrh,USO,USDG,1807128.5676162262,3
2026-09-05 06:06:09.000 UTC,15180,98A27FC90C643562F9793089ACF2697AB4C0A880,uponrh,USDG,USO,1788277.9147010355,3
2026-09-05 05:58:46.000 UTC,9718,7F0ACE18D1DCED47063CF26E649BC8AB14D09E67,uniswap,JNJ,USDG,1779402.217000873,3
2026-09-05 05:55:14.000 UTC,10523,8D39388EF11BB78843130BD74AB0E5D89FA76B30,uniswap,JNJ,USDG,1770896.0346823721,3
2026-09-05 05:58:41.000 UTC,17658,8366A39CC670B4001A1121B8F6A443A643E40951,uniswap,AMD,USDG,1761595.0015446816,4
2026-09-05 06:02:46.000 UTC,17576,8366A39CC670B4001A1121B8F6A443A643E40951,uniswap,USDG,AMD,1751814.3429073673,4
2026-09-05 03:14:58.000 UTC,9551,8D39388EF11BB78843130BD74AB0E5D89FA76B30,uniswap,USDG,JNJ,1727631.7295909964,3
2026-09-05 05:45:56.000 UTC,8778,2E2A857C08AD6C09F1D1EC4FDB4CC7CD06CF17F4,uniswap,USDG,QUBT,1720785.8646834262,3
2026-09-05 05:52:37.000 UTC,9998,3AB74C45DCECC6A62898204DD42143A816B44CB1,uniswap,USDG,UPS,1713231.937455793,3
2026-09-05 05:56:59.000 UTC,9999,2E5A92F5013A64661A49312111BE2E8ABD33F56A,uniswap,INTC,USDG,1707862.8359014017,3
2026-09-05 06:05:46.000 UTC,9818,2E5A92F5013A64661A49312111BE2E8ABD33F56A,uniswap,USDG,INTC,1698769.8214281988,3
2026-09-05 06:05:14.000 UTC,7073,2A3063E34C60253ABB23C2442F4CDFBC5CBD02C2,uniswap,WYFI,USDG,1694491.8097722335,3
2026-09-05 04:45:35.000 UTC,12908,8366A39CC670B4001A1121B8F6A443A643E40951,uniswap,MRNA,ETH,1669927.8565069404,4
2026-09-05 04:30:49.000 UTC,7036,B944CEC30BD4175855215D767ADC81F39E5F7E2B,uniswap,USDG,NVDA,1667061.9112941406,3
2026-09-05 06:04:09.000 UTC,6606,2A3063E34C60253ABB23C2442F4CDFBC5CBD02C2,uniswap,USDG,WYFI,1663741.584326302,3
2026-09-05 03:53:12.000 UTC,11262,8366A39CC670B4001A1121B8F6A443A643E40951,uniswap,ETH,MRNA,1650440.0066017425,4
2026-09-05 05:08:33.000 UTC,10296,3AB74C45DCECC6A62898204DD42143A816B44CB1,uniswap,UPS,USDG,1641466.7391747949,3
2026-09-05 05:49:45.000 UTC,12617,1935169A5D06B578F2166CB78B4E456646341D3E,gigadex,USDG,DJT,1632535.302171698,3
2026-09-05 03:47:18.000 UTC,8027,2E2A857C08AD6C09F1D1EC4FDB4CC7CD06CF17F4,uniswap,QUBT,USDG,1615285.510437328,3
2026-09-05 05:49:57.000 UTC,12385,1935169A5D06B578F2166CB78B4E456646341D3E,gigadex,DJT,USDG,1613901.586459901,3
2026-09-05 06:05:36.000 UTC,9466,8366A39CC670B4001A1121B8F6A443A643E40951,uniswap,USDG,SHOP,1536035.2934794594,4
2026-09-05 00:51:35.000 UTC,42,8366A39CC670B4001A1121B8F6A443A643E40951,uniswap,LLY,WETH,1525267.1648108757,4
2026-09-04 17:37:09.000 UTC,41,8366A39CC670B4001A1121B8F6A443A643E40951,uniswap,WETH,LLY,1525259.42538006,4
2026-09-05 06:06:39.000 UTC,10076,8366A39CC670B4001A1121B8F6A443A643E40951,uniswap,SHOP,USDG,1492824.503802485,4
2026-09-05 05:49:31.000 UTC,21720,337C9105EB8D682D49DB7BFBD986DCA952F89004,ramsesxyz,NVDA,USDG,1455570.1910821947,dlmm
2026-09-05 06:05:59.000 UTC,13834,48D284A2A4D3DC1B3DA08231FE44317E7E7AA51F,uniswap,AMD,USDG,1439496.4413814582,3
2026-09-05 06:01:23.000 UTC,14914,48D284A2A4D3DC1B3DA08231FE44317E7E7AA51F,uniswap,USDG,AMD,1423423.2132460298,3
2026-09-05 05:40:52.000 UTC,6324,8366A39CC670B4001A1121B8F6A443A643E40951,uniswap,USDG,RUN,1396933.4473610779,4
2026-09-05 06:00:10.000 UTC,6764,8366A39CC670B4001A1121B8F6A443A643E40951,uniswap,MU,ETH,1393793.0558891853,4
2026-09-05 05:49:02.000 UTC,21823,337C9105EB8D682D49DB7BFBD986DCA952F89004,ramsesxyz,USDG,NVDA,1340061.737231908,dlmm
2026-09-05 06:04:07.000 UTC,4555,1BAD145C8F06444E0DF81C28257CD20231BD1F16,uniswap,USDG,BE,1337480.0285090478,3
2026-09-05 06:06:10.000 UTC,8533,8366A39CC670B4001A1121B8F6A443A643E40951,uniswap,ETH,MU,1332453.3432166763,4
2026-09-05 05:52:40.000 UTC,7302,8366A39CC670B4001A1121B8F6A443A643E40951,uniswap,USDG,RCAT,1330174.086660256,4
2026-09-05 05:57:47.000 UTC,9752,A0A79BC62FC822F3BCDF0EBBC586031781C53A5B,uniswap,IBM,USDG,1330130.4036428377,3
2026-09-05 06:02:26.000 UTC,4824,1BAD145C8F06444E0DF81C28257CD20231BD1F16,uniswap,BE,USDG,1327417.841240364,3
2026-09-05 05:51:06.000 UTC,7755,C6517047B189C72D3BAA9EF37D1D28F27A63638A,uniswap,BA,USDG,1320272.459113236,3
2026-09-05 05:58:54.000 UTC,9138,A0A79BC62FC822F3BCDF0EBBC586031781C53A5B,uniswap,USDG,IBM,1309793.7290800626,3
2026-09-05 05:53:04.000 UTC,8386,8366A39CC670B4001A1121B8F6A443A643E40951,uniswap,RCAT,USDG,1307435.4424235648,4
2026-09-05 05:50:49.000 UTC,7108,C6517047B189C72D3BAA9EF37D1D28F27A63638A,uniswap,USDG,BA,1304837.4166942681,3
2026-09-05 05:44:51.000 UTC,7018,F8996E22AC7A67FAE741830AD83B3B4D5E5DE203,ramsesxyz,WETH,NVDA,1302131.6769908257,cl
2026-09-05 05:47:58.000 UTC,7573,F8996E22AC7A67FAE741830AD83B3B4D5E5DE203,ramsesxyz,NVDA,WETH,1296723.5829312843,cl
2026-09-05 06:06:36.000 UTC,6421,8366A39CC670B4001A1121B8F6A443A643E40951,uniswap,RUN,USDG,1296639.2572958246,4
2026-09-05 02:30:44.000 UTC,6980,0FA7BC480885DCF58AD2EF63EC7289CF2481D51C,uniswap,SLV,USDG,1265525.5642511982,3
2026-09-05 06:06:15.000 UTC,6722,CA5904C0A9D42F0EC1BF760FDF779907877144FD,uniswap,USDG,FIG,1261648.10677873,3
