friday_utc,token_address,x_end_n,x_end_qty,x_end_vol,x_full_n,x_full_vol,x_start_n,x_start_qty,x_start_vol,z_end_n,z_end_qty,z_end_vol,z_start_n,z_start_qty,z_start_vol
2026-08-28 00:00:00,0x03bc731ffb162cdd7b98d3c6542bfc291126075d,0,,,4,0.31764411256,0,,,0,,,0,,
2026-08-28 00:00:00,0x03dfbbe0ac4e7bcdafd08ed41a400326b77d8c80,0,,,17,28.646086181028643,0,,,0,,,0,,
2026-08-28 00:00:00,0x0594134df3f171a354d9c85ebd65b7a6148f6d09,0,,,4,0.38091600085599997,0,,,0,,,0,,
2026-08-28 00:00:00,0x05a3d1cd21d0c88145e82600e62e7e496e0f222b,947,5595.596321885139,116601.74994091848,28933,5484243.199692759,3,12.380306158235397,34.87715821900001,3894,320596.18970274966,953680.089735952,1058,5540.38739664077,94538.64902519909
2026-08-28 00:00:00,0x05b37fb53a299a1b874a619e1c4c404d52c36f4c,2004,1212.5273489499125,200149.18424061697,64612,6332788.949525354,396,249.2616488291689,38001.737217268696,5138,3303.8794146357454,505291.0321401215,1174,1618.446856887304,260734.4105267733
2026-08-28 00:00:00,0x072f979c2cac8e1391b0162a87fee094bf8744a0,0,,,4,0.549688912096,0,,,0,,,0,,
2026-08-28 00:00:00,0x0b5fb4031cae9163db10b169ee72685f0edc8545,1,0.14181099651443144,2.4763200000000003,7,206.75705089861918,0,,,0,,,0,,
2026-08-28 00:00:00,0x0c3260af4b8f13a69c4c2dfb84fd667890cdfa14,0,,,0,,0,,,0,,,0,,
2026-08-28 00:00:00,0x0e6e67ba88e7b5d9b67636a215c76779b948de79,0,,,0,,0,,,0,,,0,,
2026-08-28 00:00:00,0x0f17206447090e464c277571124dd2688e48aea9,1,0.014272247845559796,2.8366692044801716,13,361.87626704863686,0,,,0,,,0,,
2026-08-28 00:00:00,0x116f00968269b7bfbad4109ce591d6e74c0601d4,3,0.07075878121543429,30.280022625044246,1058,110589.66169383036,1,0.29786463670029606,99.93228511204875,0,,,4,1.2438672550075691,456.39495135626396
2026-08-28 00:00:00,0x117cc2133c37b721f49de2a7a74833232b3b4c0c,15997,4883.65526546086,3800831.8070252906,386696,69458952.83371827,9265,1726.0331651162446,1329087.5716821218,10627,4593.517902943095,3531694.9232350253,12315,3557.4862628465867,2758018.1085476386
2026-08-28 00:00:00,0x12e3c047bf9aecaf9ddc98c05c31bfd1dd043993,2,0.6645725595942364,12.367565083059,5,12.784700348483002,0,,,0,,,0,,
2026-08-28 00:00:00,0x12f190a9f9d7d37a250758b26824b97ce941bf54,862,456.3930625392081,121683.71031747964,18532,1723956.2528226946,98,9.658328911472621,2580.06760544715,238,93.00614290735513,24637.735401315884,219,105.89543142881419,28063.267285536807
2026-08-28 00:00:00,0x141eea040c2250eec0314e336975e81f85f6585e,1,0.002320544554455445,0.129629019468,4,0.518257791064,0,,,0,,,0,,
2026-08-28 00:00:00,0x156e175dd063a8ce274c50654ef40e0032b3fbcf,7,0.12958377175014346,48.47267216279182,18,120.31819134402258,0,,,0,,,2,0.27450543652994475,179.98011297128303
2026-08-28 00:00:00,0x15cd20759ce7f3285c29a319de2d1a2e098c6f43,0,,,0,,0,,,0,,,0,,
2026-08-28 00:00:00,0x1af6446f07eb1d97c546afc8c9544cbdf3ad5137,1,1.048773566032875,73.22527686248513,3,108.18769515266013,0,,,0,,,1,1.7467248908296944,104.72000609151553
2026-08-28 00:00:00,0x1b0e319c6a659f002271b69db8a7df2f911c153e,14084,78723.52151044176,1500504.8598858388,163269,17868823.64210066,748,6835.836343517431,123057.11314360479,25538,142116.7354205345,2635349.8714791173,8501,49819.93187014913,941089.4303684093
2026-08-28 00:00:00,0x1c690498150252222c275a5ced69d3a6b1f52d5e,0,,,4,0.59391505452,0,,,0,,,0,,
2026-08-28 00:00:00,0x1cdad396db64bda184d5182a97dd9b3c62100b7d,12,0.34904895845296935,316.5307001892913,5312,408083.89533482987,0,,,13,0.7540015493517022,292.94260295663105,27,1.4346730001944454,1361.8932995241514
2026-08-28 00:00:00,0x1d11f0496982706c5e14a514d4e79f2e6bde4516,2214,21470.069122690038,238744.48453764358,109109,15975677.443423757,766,6273.058434821574,61901.012903491515,3774,32174.847750152756,312479.96228887845,646,19118.02376996729,199435.82884764217
2026-08-28 00:00:00,0x1eebee7f74517e0279dfb09d25b0407beec3fdd6,0,,,4,0.395213940076,0,,,0,,,0,,
2026-08-28 00:00:00,0x232b8ed6377be97813853b0ac104c4cda8378d1b,1,0.008120665300632412,2.4667800000000004,7,21.97206300229739,0,,,0,,,0,,
2026-08-28 00:00:00,0x237c16d66590f67b886d978acd362eaead8b18c7,0,,,4,0.35441311402400005,0,,,0,,,0,,
2026-08-28 00:00:00,0x25c288e6d899b9bc30160965ad9644c67e73be0c,0,,,2,33.941530551,0,,,0,,,0,,
2026-08-28 00:00:00,0x25ee805ac369b6e3f8bf5764c682d34a37cb7175,0,,,0,,0,,,0,,,0,,
2026-08-28 00:00:00,0x26dcbfb34fc83cabd6990f449674efdc6097ff85,0,,,4,0.32541551063999996,0,,,0,,,0,,
2026-08-28 00:00:00,0x2778c5024d5ca2cdb0f8ead671ffc69963adcd9c,0,,,5,0.643287211381,0,,,0,,,0,,
2026-08-28 00:00:00,0x27c99fbde9d0d2aa4f4bfb4943f237843ddf6958,0,,,0,,0,,,0,,,0,,
2026-08-28 00:00:00,0x282e87451e10fa6679bc7d76c69be44cd3fc777c,0,,,0,,0,,,0,,,0,,
2026-08-28 00:00:00,0x284358abc07f9359f19f4b5b4ac91901be2597ba,0,,,0,,0,,,0,,,0,,
2026-08-28 00:00:00,0x285b231728c7e4333799183df1094d775246a535,1,0.01047881781826736,0.13321179923999998,6,7.68251387899,0,,,0,,,0,,
2026-08-28 00:00:00,0x28babd556b60e53663b8615036479a29c2cdd1bf,0,,,10,152.0182320709271,0,,,0,,,0,,
2026-08-28 00:00:00,0x2d427692e928fa156ec22acfabafa0447c5805b7,1,0.7213157429083802,21.555155447572375,20,1254.076506428312,0,,,1,2.1496130696474633,50.211289618780704,2,1.0393033721229086,133.72061605435565
2026-08-28 00:00:00,0x2e0847e8910a9732eb3fb1bb4b70a580adad4fe3,457,200.14323580903084,69284.0564930185,47460,5645263.162975199,225,58.212350833989454,20166.78413274868,1746,600.5385732968108,207026.0475248768,399,119.78734252566183,41289.05462558728
2026-08-28 00:00:00,0x2f62fc9fabb470c690f141c28340ed832bb27020,0,,,0,,0,,,0,,,0,,
2026-08-28 00:00:00,0x3139d77ace0cbaa5bdfd38bd1f1911a794af0b0e,1,0.013940520446096654,0.151016722662,5,8.084812551394002,0,,,0,,,0,,
2026-08-28 00:00:00,0x322f0929c4625ed5bad873c95208d54e1c003b2d,743,256.37668296012663,89620.98259566179,43592,5228115.24032583,307,76.77915651668607,26813.969204241625,1574,443.0248726182453,153647.16919667367,1375,462.61751489586845,160979.28405547194
2026-08-28 00:00:00,0x329fcaceb9ad6f9580dd5f643fed0646900d043c,0,,,5,25.312065817698,0,,,0,,,0,,
2026-08-28 00:00:00,0x33c18e2cc8ae9ae486e785090d86b2ce632ff994,0,,,0,,0,,,0,,,0,,
2026-08-28 00:00:00,0x348be1a8663f15edde5cdf8a96bb69078f7ab6fd,2,0.8464025279010248,14.69888,6,15.066609632586001,0,,,0,,,0,,
2026-08-28 00:00:00,0x36046893810a7e7fce501229d57dc3fc8c8716d0,0,,,1,50.0077,0,,,0,,,0,,
2026-08-28 00:00:00,0x373c06c4f7bde527d7dae4ba169e42b55e393ced,0,,,4,0.353936364499,0,,,0,,,0,,
2026-08-28 00:00:00,0x39ec44bee4f6a116c6f9b8de566848a985c53c60,0,,,0,,0,,,4,0.7690453774973158,395.98452680828996,0,,
2026-08-28 00:00:00,0x3b14c39e89d60d627b42a1a4ca45b5bb45fc12e2,2,0.005742110815365423,0.42007289638539763,7,86.6076984875395,0,,,0,,,2,0.3060313528971634,20.049999580150374
2026-08-28 00:00:00,0x3fb8976980d486084b2eb4a404bd12e72823958f,0,,,4,0.398921978862,0,,,0,,,0,,
2026-08-28 00:00:00,0x408c14038a04f7bd235329e26d2bf569ee20e250,21,55.54153995774974,943.215757250817,665,39374.80185347193,2,2.057699242387,29.172061492778,4,6.858010236178286,97.67522391260684,12,30.95429337476338,475.9774410221235
2026-08-28 00:00:00,0x40e7a279850e443f582059ae5dc1c3b6563e6395,0,,,4,0.326301838406,0,,,0,,,0,,
2026-08-28 00:00:00,0x411efb0e7f985935daec3d4c3ebaea0d0ad7d89f,198,260.1759832697678,15670.69613627995,10025,928038.7870128718,538,1307.4862227630786,78770.48344730231,33,274.7953672044006,16630.048275588604,474,2084.7990908832085,124989.73505023627
2026-08-28 00:00:00,0x4189f0c66ebbb0bfef1c31f763131361ef32f77c,0,,,0,,0,,,0,,,0,,
2026-08-28 00:00:00,0x41f4267525a8aff329540ef24fd83d9044758b33,2,0.077341690306226,2.4426780583895655,8,62.34214213794436,0,,,0,,,0,,
2026-08-28 00:00:00,0x43b07d15ce533bec5476d70c22a78a1b2b662155,16,32.965485527309035,4443.742879494744,2719,290157.27848981845,28,26.182409210025394,3621.4376692603632,293,490.4502231446582,66742.4512482203,17,4.643959170199936,623.5362917785998
2026-08-28 00:00:00,0x44c4f142009036cf477ed2d09932051843137cf1,1,0.21873397262618988,24.515568000000005,11,1098.0587990627407,0,,,2,0.2273548185976587,24.260890500000002,0,,
2026-08-28 00:00:00,0x44f6d488021f8233b9416294d1fe9b1fee28382d,0,,,0,,0,,,0,,,0,,
2026-08-28 00:00:00,0x47f93d52cbec7c6d2cfc080e154002370a60daea,17,0.6648409857230948,1318.4484704908198,2913,164185.048767834,7,0.00846142086497843,14.170461574993002,25,1.7493724470659857,2934.953549901908,30,3.0597742217530133,5590.054563232772
2026-08-28 00:00:00,0x48961813349333209994750ffa89b3c5c22ec969,0,,,0,,0,,,0,,,1,0.3710269676526545,24.3093
2026-08-28 00:00:00,0x48d60243c66437c6ac3c2495be94747aed5dfe25,0,,,4,0.351125575812,0,,,0,,,0,,
2026-08-28 00:00:00,0x48e39e56acdba37b09020c0b734a613c9a2f100a,242,1978.3889660231714,17544.821079308163,4322,467520.40677559446,947,14186.916354926263,121737.25941941737,45,1105.5546561384722,9004.35690768335,111,2617.0364807255137,22845.53346414984
2026-08-28 00:00:00,0x4a0e65a3eccec6dbe60ae065f2e7bb85fae35eea,3731,5522.8134665773705,777707.8378149237,121007,16484556.84292329,5762,5462.313404256319,768498.0387091388,4801,5122.464408050056,719832.238925115,5096,6056.772446673528,852902.7432943264
2026-08-28 00:00:00,0x4d21483a44bf67a86b77e3da301411880797d452,0,,,0,,0,,,0,,,0,,
2026-08-28 00:00:00,0x4d67253bc223e6b0e104f1084c1fb2b669ddc41b,0,,,0,,0,,,0,,,0,,
2026-08-28 00:00:00,0x4e62068525ab11fe768e29dfd00ef909b9803016,15,5.347124935768752,1117.759644899911,26,1245.070677261581,0,,,0,,,3,7.424381528508455,986.456679273541
2026-08-28 00:00:00,0x4ea005168d7f09a7a0ba9d1def21a479950e44c2,281,32.90271668763026,31699.879655806857,14138,1909525.7666364543,438,59.943292741350575,56859.02958808516,454,71.97066357974994,68531.54338206902,284,28.031463261896377,26919.736296193027
2026-08-28 00:00:00,0x521cf887e6531c6f667b5bc4d896e5d9bfe8eb2e,8,0.15489968087017716,19.535518605633,8,19.535518605633,0,,,0,,,0,,
2026-08-28 00:00:00,0x52d50d0280ad1054b43f052bd70a49a212a1b128,0,,,4,0.35621319294,0,,,0,,,0,,
2026-08-28 00:00:00,0x558378e000d634a36593e338ebacdd6207640efe,0,,,0,,0,,,0,,,0,,
2026-08-28 00:00:00,0x561e2a49212b7ccf47f2744ccb83e200722fadbc,1,0.001097373619138196,0.14480530736099997,4,0.5790963110569999,0,,,0,,,0,,
2026-08-28 00:00:00,0x565d3ff42d7d880287e5796b4c708632be0ca098,0,,,0,,0,,,0,,,0,,
2026-08-28 00:00:00,0x56d23bee5f41a7120170b0c603dae30128e460e9,0,,,0,,0,,,0,,,1,0.09038894418546049,28.492841183693717
2026-08-28 00:00:00,0x57b0030166db0c31690d1a5aa167e2e26e2c29a4,0,,,4,0.563588311378,0,,,0,,,0,,
2026-08-28 00:00:00,0x58ffe4a942d3885baa22d7520691f611ef09e7aa,133,107.84561145385071,45009.43577433193,2042,811854.1350646509,100,75.69602642702739,31697.989150009656,46,44.34755371105293,18646.522036496634,78,56.47742314478053,23668.726196244137
2026-08-28 00:00:00,0x59818904ab4ce163b3ce4ffb64f2d6ca02c434b4,1183,884.6625158248264,68151.96664128845,15926,865825.087169238,1,0.614555795369051,4.959753343570528,5008,187319.7447974054,1627931.5260948269,1590,4755.5066639976185,84568.36383337498
2026-08-28 00:00:00,0x59dd09d4900c2e4b5f75b7c0d4e6796fcc234cb1,0,,,4,0.37921946158799996,0,,,0,,,0,,
2026-08-28 00:00:00,0x5b97476b922f3305131b8f0b9d333172e87f4aae,0,,,4,0.607670269371,0,,,0,,,0,,
2026-08-28 00:00:00,0x5c90450bbb4273d7b2f17cf6917aeb237a569679,0,,,0,,0,,,0,,,0,,
2026-08-28 00:00:00,0x5e81213613b6b86eab4c6c50d718d34359459786,295,135.90844164487805,32130.19806107114,16855,1451706.179048547,1196,416.87756699561766,98278.29256162718,988,636.3930127875358,150112.2213795889,115,27.323629967045697,6445.101190060832
2026-08-28 00:00:00,0x5f10a1c971b69e47e059e1dc91901b59b3fb49c3,8,1.0515579557144779,89.520487923508,568,22949.961427589205,4,0.11207553469472908,10.046075565928552,5,4.09934623919094,346.1276661685158,8,2.2547304931530356,188.060149388955
2026-08-28 00:00:00,0x5f604fba1162193a4388a5dfa56f556f3e133cc2,1,0.001564129301355578,0.122690708127,4,0.49068698945899997,0,,,0,,,0,,
2026-08-28 00:00:00,0x6006ed4b2f94110851ff7509d97d034f0eed9226,1,0.000776024247491638,0.138224748519,4,0.5527797525029999,0,,,0,,,0,,
2026-08-28 00:00:00,0x62200915e7deab1ec7f79fb246dadbb80eacddd0,0,,,17,222.463238789652,0,,,23,135.9655109976288,822.0753764106686,3,12.456530862981323,54.295759093085
2026-08-28 00:00:00,0x62fd0668e10d8b72339be2dcf7643001688ff13b,3,0.5738234633328015,159.90658793342712,46,2317.30789847385,3,0.4005223994099012,86.65244422562992,1,0.05104408352668214,11.03049184962,60,18.444752668726913,4474.318749334467
2026-08-28 00:00:00,0x6330d8c3178a418788df01a47479c0ce7ccf450b,218,245.75393126671636,44737.58593342522,15245,1419849.9005201722,628,468.19388906693365,83782.44981075871,400,325.8206432850556,58808.71207807645,155,89.43656980946942,15952.173506827785
2026-08-28 00:00:00,0x63b814ddbd6bf339f25fed8c36158a008d5b373e,0,,,4,0.554680467278,0,,,0,,,0,,
2026-08-28 00:00:00,0x63d5a3b6939a33f1e75d8bcd85759858239600db,0,,,0,,0,,,0,,,0,,
2026-08-28 00:00:00,0x666716999e75d2652398ff830bbc2e485946e140,0,,,0,,0,,,0,,,0,,
2026-08-28 00:00:00,0x6ddb95405db6179012bff2fff7e0f8d49cf00137,0,,,0,,0,,,0,,,0,,
2026-08-28 00:00:00,0x6e3dfd9f7e1649baa14d25cac18c94d62db10a54,2,2.900917568062746,22.041387999999998,6,22.419193950541,0,,,0,,,0,,
2026-08-28 00:00:00,0x7066a64c24e4206cd62e83bf198c1e7eb361f51e,0,,,5,8.05459437675,0,,,0,,,0,,
2026-08-28 00:00:00,0x748c32c3ca24edf31ea597db1f3d330a7a6da3dc,0,,,6,0.738909877676,0,,,0,,,0,,
2026-08-28 00:00:00,0x756bc80af765c82da966a788858d65adf14f3793,0,,,4,0.35531226095499996,0,,,0,,,0,,
2026-08-28 00:00:00,0x75742c18bc1f1c5c5f448f4c9d9c6f66dafaaa38,0,,,0,,0,,,0,,,0,,
2026-08-28 00:00:00,0x77e655e37f4d913fb9540e0d541d824171a60e81,1,0.000623804374948016,0.149953309155,4,0.59972787418,0,,,0,,,0,,
2026-08-28 00:00:00,0x7c04e6a3368f2a1de3874f0e80d2e0a1a9915da6,0,,,0,,0,,,0,,,0,,
2026-08-28 00:00:00,0x7c148f74ac7445d1f28366b7fcdc6792a9fcd0cf,0,,,1,7.4808759375000005,0,,,0,,,0,,
2026-08-28 00:00:00,0x7dc013eb55e436f30d7ed1afe4e36d6e45e3c3f7,0,,,0,,0,,,0,,,0,,
2026-08-28 00:00:00,0x7f0abef0c07280f82c6a08ead09ded6bae2c13fc,0,,,0,,0,,,0,,,0,,
2026-08-28 00:00:00,0x7fd06a4d81ccfa3f351394e144d5191874c31313,0,,,4,0.328007407103,0,,,0,,,0,,
2026-08-28 00:00:00,0x8005d266423c7ea827372c9c864491e5786600ea,0,,,1,8.445578140752,0,,,0,,,0,,
2026-08-28 00:00:00,0x822cc93ffd030293e9842c30bbd678f530701867,14,5.436325252495756,1195.317999935676,197,2910.3780040255283,0,,,0,,,6,1.394191121725553,290.432853088328
2026-08-28 00:00:00,0x82da4646242e1d962e96e932269dc644c94a9caa,0,,,6,90.47446464711288,0,,,0,,,0,,
2026-08-28 00:00:00,0x84cab63bc87912e71ad199ff14a0ba45de68fef8,18,17.343776328142916,2774.4551911432773,363,31650.689568675993,15,4.533731482222008,741.9406149000758,1,0.12250089615960126,19.8086724,15,17.435090299394215,2751.698115233503
2026-08-28 00:00:00,0x86923f96303d656e4aa86d9d42d1e57ad2023fdc,134,17.72001643856461,8265.891510357422,7075,554743.572369232,97,11.78155254093946,5501.808205836167,150,29.025461299365713,13524.829186680818,231,62.48885702775454,29066.658370223526
2026-08-28 00:00:00,0x894e1ec2d74ffe5aef8dc8a9e84686accb964f2a,840,715.0075032455433,133236.98593069063,9351,1028466.5399374663,120,51.55683063300842,9582.956046624935,375,170.39439340196725,31439.115670542462,496,210.43649896297535,39012.197371530136
2026-08-28 00:00:00,0x89776d4cd68193597a2fc132cfac1fde36ccea8a,0,,,0,,0,,,0,,,0,,
2026-08-28 00:00:00,0x8b2f88497f15a18e9d4ffa1a8ffb8538399ae774,0,,,4,0.36146079802799996,0,,,0,,,0,,
2026-08-28 00:00:00,0x8cf07c5a878945185d327aaa6e33faa95f95e7bf,1,0.015019504467236811,0.6384451626491149,104,13683.35693728845,0,,,2,2.888222976338044,103.18524401438145,1,0.006547288819853258,0.2733435283386329
2026-08-28 00:00:00,0x8ef20885f94e3d9bc7eb3080279188bd5ed7c08c,0,,,6,171.80365873084492,0,,,0,,,2,0.34154108615297124,301.85096431527995
2026-08-28 00:00:00,0x8ff63eaeee3fe54ba450c4f5538064ec5a893aef,1,0.000542907814253139,0.141403984761,4,0.565493954857,0,,,0,,,0,,
2026-08-28 00:00:00,0x92ef19e82bd8ff36661de838d5eae7e5cef0effe,1,0.7261928204130345,49.714397032103996,1,49.714397032103996,0,,,0,,,0,,
2026-08-28 00:00:00,0x92f9f459f1a9a5ad266b182be7bffd1c6c666894,1,0.1359900732943484,49.2376,6,99.57375233989902,0,,,0,,,0,,
2026-08-28 00:00:00,0x92fd66527192e3e61d4ddd13322aa222de86f9b5,3,0.7764114980444722,78.75239423909201,115,6291.181593309341,2,0.6751016166003113,68.2682570305,1,0.03149363314179475,3.1988640000000004,6,0.44992782824498073,45.436901540428
2026-08-28 00:00:00,0x93dbb1d2dc5d63f4abacff30485273f538df68ac,0,,,0,,0,,,0,,,0,,
2026-08-28 00:00:00,0x941ae714ec6d8130c7b75d67160ca08f1e7d11dd,14,9.079581324349773,4423.46431851191,417,47716.258440422964,15,2.721234468006591,1261.602592172132,3,1.2736134322990684,578.863961793392,20,8.824755573650306,4135.567630873098
2026-08-28 00:00:00,0x94b8aae43a1ccc08aa64b7d1f29b4d920af4a0c9,0,,,4,0.554567259096,0,,,0,,,0,,
2026-08-28 00:00:00,0x95052ddcd5dc25641657424a8cf04834997e1730,0,,,0,,0,,,0,,,0,,
2026-08-28 00:00:00,0x9651342cea770ae9a2969ba2a52611523146aef9,0,,,0,,0,,,0,,,0,,
2026-08-28 00:00:00,0x96b933c74ecb4a0926b9210cef7b743ef46be2e9,0,,,4,0.5420379244010001,0,,,0,,,0,,
2026-08-28 00:00:00,0x980dcf6766fa79f5cf0c4aadb3ab477ff15a9619,3,2.3199574294243757,647.4490679999999,20,3068.480180995852,0,,,0,,,1,2.110862498416853,543.3556512414913
2026-08-28 00:00:00,0x98e75885157c80992a8d41b696d8c9c6fb30a926,11,12.4110634534186,217.19744983033317,41,1683.4207027740135,2,3.1184349350864227,57.39234105096877,28,151.23666441544276,3019.517140099663,5,5.6211800003143555,111.49458126010684
2026-08-28 00:00:00,0x99d9d8663545151603863c5acbd6fc3218899009,0,,,4,0.35192421827,0,,,0,,,0,,
2026-08-28 00:00:00,0x9ab02ead789b6903c3c44d0ed32f9c707cdf12fd,1,0.000245086025194843,0.142060239945,4,0.568118409465,0,,,0,,,0,,
2026-08-28 00:00:00,0x9b23573b156b52565012f5ce02cdf60afbaa70be,2,0.515936244232744,26.869461287067004,182,2080.8142566646757,12,1.9948874190568313,98.58865882107797,0,,,18,13.50428456716107,773.5871689374022
2026-08-28 00:00:00,0x9d9c6684f596f66a64c030b93a886d51fd4d7931,0,,,20,421.8936122458521,0,,,1,0.03607806569554872,7.394200579695975,0,,
2026-08-28 00:00:00,0x9e7abd3c9139d14e4c86dce0e455aab7a0c2fb3e,52,38.389808749723166,2117.65466519655,3184,242935.41646489527,0,,,0,,,17,6.3443410522409165,322.6018577923178
2026-08-28 00:00:00,0x9ece29a4a2397c0a35fb5fa8ee2b9509130a98cc,1,0.00281478701444924,0.14222430374099998,4,0.5687745231169999,0,,,0,,,0,,
2026-08-28 00:00:00,0xa249baf1063af884807c1e1400aef7784836917e,0,,,11,218.98533386899953,0,,,0,,,0,,
2026-08-28 00:00:00,0xa30fa36db767ad9ed3f7a60fc79526fb4d56d344,114,807.8478344843937,106704.80688964266,4929,927875.3225057924,508,316.93062875258886,40663.24857428989,82,212.6081933044592,28411.12659468239,323,489.1923623389642,64480.90058087859
2026-08-28 00:00:00,0xa48f22a46c0f1c46ca7d111cb6c137c271987180,1,0.000125996794527004,0.13846105962000002,5,0.697015178101,0,,,0,,,0,,
2026-08-28 00:00:00,0xa4f319104089fe321dc8093c6e707d4fe190a988,0,,,4,0.42303823164800003,0,,,0,,,0,,
2026-08-28 00:00:00,0xa5d4968421ba94814be3b136b15cf422101ac1a3,0,,,0,,0,,,0,,,0,,
2026-08-28 00:00:00,0xa8eb3bccbf2017ee7cbfb652eb51cf2e1b153289,0,,,2,25.107066827439997,0,,,0,,,0,,
2026-08-28 00:00:00,0xaa4d64474c172010ab57719cb9951e6142a100d3,0,,,4,0.505263187592,0,,,0,,,0,,
2026-08-28 00:00:00,0xacef2e09adb47ad6abebad9ff06689e60615c2b6,0,,,4,0.384635844616,0,,,0,,,0,,
2026-08-28 00:00:00,0xad25ac6c84d497db898fa1e8387bf6af3532a1c4,37,9.13966129362539,1205.328424994472,270,11529.762236502076,1,0.010187525926984305,1.2137183651999999,2,0.6174420480042994,72.17720314660792,1,0.020796132084614637,2.501579158646989
2026-08-28 00:00:00,0xad622320e520de39e72d41ef07438c3fd3354875,0,,,0,,0,,,0,,,0,,
2026-08-28 00:00:00,0xae517a2903e68bd929dfd15be875f8369d53e94a,0,,,4,0.593724312283,0,,,0,,,0,,
2026-08-28 00:00:00,0xaea445c5f3db1a462998ccc422a875a361ee5d99,1,0.000563020794234667,0.143738892687,4,0.574831572319,0,,,0,,,0,,
2026-08-28 00:00:00,0xaf3d76f1834a1d425780943c99ea8a608f8a93f9,2057,715.5478733657365,230178.07352836433,58517,8535132.650913263,851,282.84393115182297,90524.38128099166,2625,1210.6860832087339,386943.0083120131,945,478.14802413367704,153276.96969958968
2026-08-28 00:00:00,0xb02e3e1b7f68559427c2d9100566e4f3cc5b7611,0,,,0,,0,,,0,,,0,,
2026-08-28 00:00:00,0xb039597ed45cba7b6e2fb9e8be51802969cee5be,1,0.01241440495725184,4.923760000000001,5,5.301008990248,0,,,0,,,0,,
2026-08-28 00:00:00,0xb0992820e760d836549ba69bc7598b4af75dee03,17,4.76043676020809,704.2836419862693,1185,55582.535965289666,7,0.44602380807578196,68.07882558481398,7,2.2266169452263886,337.41667151973286,5,0.1334993828267206,19.935864968787
2026-08-28 00:00:00,0xb1969f6604ca1ae7a2cd3f1827876e914594ca2d,0,,,4,0.347384857537,0,,,1,0.3168143293478616,12.171016177435,0,,
2026-08-28 00:00:00,0xb1bf26c1d20ff267a4f93550d1e0d06ac40a114b,88,376.8535245769061,7517.180168953958,130,9993.081319486475,0,,,0,,,41,167.8798287997491,2889.960015325671
2026-08-28 00:00:00,0xb1cc0ec7db69cf43539119814df40071b9d61793,1,0.06846749916214477,4.923760000000001,8,21.675372445697104,0,,,0,,,0,,
2026-08-28 00:00:00,0xb334c5ce741b80b5b671f47f5c269cb193fe8e24,0,,,4,0.5178909143729999,0,,,0,,,0,,
2026-08-28 00:00:00,0xb7edfe2f33c1ac06830a971dfb559bde8a2a3d76,0,,,0,,0,,,0,,,0,,
2026-08-28 00:00:00,0xb853bc83a753342a4f8320ea680b4b1e84118d21,0,,,4,0.582875351392,0,,,0,,,0,,
2026-08-28 00:00:00,0xb8dbf92f9741c9ac1c32115e78581f23509916fd,3,4.659827108847551,192.1299619573796,1173,85191.17047254067,0,,,17,21.36098885873772,555.2022269383432,64,92.79021451076017,3349.046908246151
2026-08-28 00:00:00,0xb90a19ff0af67f7779aff50a882a9cff42446400,58,12.023098258562634,17685.397540644328,2878,290991.49820101156,211,8.812365702245831,13067.502919345863,33,0.7256833063540725,1083.3215418302182,56,4.158529045886524,6132.559407344344
2026-08-28 00:00:00,0xba0cab75495255d0cb58e22b648bfed4ecd1f47e,1,0.006784773280395329,2.468,81,5043.465535875562,0,,,0,,,6,0.7750693688998114,278.39728215414846
2026-08-28 00:00:00,0xbbd09f72b025360fee5c928053dca6248d35be54,0,,,7,81.168002567331,0,,,0,,,0,,
2026-08-28 00:00:00,0xbe274710bf3d9567e1b290ef6a5f9f90ca016fd8,0,,,4,0.392153526997,0,,,0,,,2,0.05922831367729268,4.78460661968
2026-08-28 00:00:00,0xbe6702d7b70315376dc48a3293f24f0982f86386,0,,,0,,0,,,0,,,0,,
2026-08-28 00:00:00,0xbef75684c43c4ea7bd18dd532a2244674ee8b926,1,0.18763889199644435,4.93234,17,740.7060229931972,0,,,4,7.947164945488083,203.46677893691194,0,,
2026-08-28 00:00:00,0xbf449977089c718c004a66c554b26b94ef3ad4de,0,,,0,,0,,,0,,,0,,
2026-08-28 00:00:00,0xc01aa1fecec0605b13bc84874ff7256c0f5f562a,0,,,0,,0,,,0,,,4,7.480518714778386,301.0886597445128
2026-08-28 00:00:00,0xc02f12b9fe9e707079ec0d546f3050d3f6c1f8bd,1,0.039219697518495675,4.94104,5,5.278411168985,0,,,0,,,0,,
2026-08-28 00:00:00,0xc0d6457c16cc70d6790dd43521c899c87ce02f35,154,23.888501783935208,13835.166997622877,9961,1122078.799074638,79,7.832802936541692,4748.192614885232,603,93.7226478627073,54309.450013106485,106,7.98949150548458,4592.950650902861
2026-08-28 00:00:00,0xc27dbd474af5181c5a8777903690d8d262d12648,1,0.000240317110578273,0.139296165138,5,0.699519897018,0,,,0,,,0,,
2026-08-28 00:00:00,0xc583c60aef9dc401da72cec1b404743a93cea1cc,0,,,0,,0,,,0,,,0,,
2026-08-28 00:00:00,0xc6cbad1016b38b797610c25e1dc7d95988b1f362,1,0.000793147208121827,0.13573578068699999,4,0.542826028319,0,,,0,,,0,,
2026-08-28 00:00:00,0xc72b96e0e48ecd4dc75e1e45396e26300bc39681,142,337.0753777895526,30073.27316233574,6074,655685.8952255422,72,57.08879117727215,5127.079813383459,116,181.0761183249388,16211.549825415676,97,155.2552148768892,13717.110845839157
2026-08-28 00:00:00,0xc93a8c440cea26d7445df01729f193b27965099f,0,,,0,,0,,,0,,,0,,
2026-08-28 00:00:00,0xc93f4d80e268ab922e871bd169156c3cc41894e6,0,,,0,,0,,,0,,,0,,
2026-08-28 00:00:00,0xc9a981fee1f9dec688bb123ccdecc63d0debfc4e,17730,1051.3076617651477,1829270.7463117999,277745,34789399.570014656,8899,2324.014336600781,964411.1060007719,1059,616.71931088532,252341.37488219753,7777,2924.144016999614,1576714.2001000429
2026-08-28 00:00:00,0xcbb95bbf36099d34da091dc6fa6f49efa257cee3,1,0.8892417748861413,12.228480000000001,3,28.43940026329619,0,,,0,,,0,,
2026-08-28 00:00:00,0xccee82fe024c36fa15e1005ede3e9e4787e23d09,4702,33971.83187737361,1405832.7084787309,18899,5647603.804174544,581,6882.032020452171,207155.72655378684,1912,33742.636983388846,978362.0708090699,2155,31343.19316658423,1065983.143090555
2026-08-28 00:00:00,0xcef9027c7d6985b85f0ba431125073529a947a68,4,20.501359273421716,293.33681057985,29,2244.152421177166,0,,,0,,,8,140.12504166776571,1565.6866926716161
2026-08-28 00:00:00,0xcf364ea52787e289de6f32077834056e3e70d6a8,0,,,8,37.567810078609,0,,,0,,,2,0.01204294563260423,4.7848357023490005
2026-08-28 00:00:00,0xcf6b2d875361be807eafa57458c80f28521f9333,11,0.0034849406435583227,51.47464206546693,17,75.87179258044588,0,,,0,,,0,,
2026-08-28 00:00:00,0xd0601ce157db5bdc3162bbac2a2c8af5320d9eec,6686,14504.312243098246,3168808.7005807483,243097,43627806.353976466,15979,11020.097719721265,2403055.7592315087,12438,14817.603325349153,3240621.6424607676,11534,13956.957911871603,3039719.070607052
2026-08-28 00:00:00,0xd5f3879160bc7c32ebb4dc785f8a4f505888de68,10700,1395.41921346393,1009630.6295963558,56857,6409741.3298202455,99,1.8286311164385503,1311.4448133226506,624,104.10150406086007,74496.81631833954,6373,763.6497069782595,548701.5208917311
2026-08-28 00:00:00,0xd63abb2c13d7a8421a8017a712802053568e3c1d,0,,,4,0.39216752827199997,0,,,0,,,0,,
2026-08-28 00:00:00,0xd917b029c761d264c6a312bbbcda868658ef86a6,9,2.5571928687617484,46.49542335894685,788,51381.13281738652,15,32.25647567786843,580.9217605614483,544,5579.132513031401,100471.23754328578,23,76.08497083721844,1368.8534611090763
2026-08-28 00:00:00,0xd95b44124e475743a7589e68f3d74008a5536d44,0,,,4,0.713815873102,0,,,0,,,0,,
2026-08-28 00:00:00,0xdd356aa38f40a7b7076755ac854b6fbb1f0d305b,0,,,12,6.473466491676,0,,,0,,,0,,
2026-08-28 00:00:00,0xddf2266b79abf0b48898959b0ed6e6adf512be74,0,,,0,,0,,,0,,,0,,
2026-08-28 00:00:00,0xdf0992e440dd0be65bd8439b609d6d4366bf1cb5,77,456.7790879194124,40283.690759366254,16251,1528216.7404183615,38,24.65716095127382,2149.294903042944,403,407.1238409273651,35630.64070973403,126,296.2586974152272,25704.42335364438
2026-08-28 00:00:00,0xe0444ef8bf4ed74f74fd73686e2ddf4c1c5591e8,119,115.21323787150835,9655.712476538252,17474,1554073.1800238658,73,81.56919136029812,6659.105949560362,56,69.18587065185194,5612.089654341609,99,174.139172446768,14522.859433867097
2026-08-28 00:00:00,0xe674c5c071821f48bb2d12cadb83617eff438f9e,0,,,0,,0,,,0,,,0,,
2026-08-28 00:00:00,0xe93237c50d904957cf27e7b1133b510c669c2e74,291,85.75528864137549,44093.438170470115,23375,2727589.9079221166,350,60.63830185498409,31086.27780642378,251,59.56748934799191,30375.089786219207,317,83.11970934101105,42495.29034149373
2026-08-28 00:00:00,0xea72ecca2d0f6bfa1394dbbcff85b52cd4233931,1,0.002728535970076849,2.4704,1,2.4704,0,,,0,,,0,,
2026-08-28 00:00:00,0xeaf2512dfc1beac608f8794b3793cd4e02894aa6,0,,,0,,0,,,0,,,0,,
2026-08-28 00:00:00,0xeb30663bdff0622ef4e4e5cbb4e975f19f33f51d,0,,,0,,0,,,0,,,0,,
2026-08-28 00:00:00,0xeb61c0ed490a367d4e3631ccf8a74b3bfc7e775d,0,,,0,,0,,,0,,,0,,
2026-08-28 00:00:00,0xec262a75e413fafd0df80480274532c79d42da09,2017,1987.9203504287755,463889.593521079,94711,17881938.129018832,1123,1006.0548793071712,129797.34721355242,2243,3329.792101288082,429683.0422335011,2604,5414.119493768092,838126.0754651476
2026-08-28 00:00:00,0xf0ab0c93be6f41369d302e55db1a96b3c430212d,9,20.15464209519965,757.9616063396545,10,775.8090332969664,1,0.5110715907,17.847426957312,1,1.414027149321267,50.38158599206854,5,11.233907267262087,406.601180742248
2026-08-28 00:00:00,0xf0c4bf4c582cb3836e98394b1d4e7b7281101be8,35,288.17221137839715,12219.037498359527,1569,164642.56759116813,31,65.18277507242323,2563.0709951837352,45,144.77432978500133,5604.626836633841,45,146.89323035206985,6177.0919663367085
2026-08-28 00:00:00,0xf1953dab6fad537488d5a022361ffaa8b4c95ec6,0,,,0,,0,,,0,,,0,,
2026-08-28 00:00:00,0xf23250dac154d05bb671cb0d0ebef3c635c79ce2,0,,,3,52.191519503601,1,0.024212625966811584,0.3485931253,0,,,0,,
2026-08-28 00:00:00,0xf52597345a8edf418bc4071b4a35112472277d3e,0,,,4,0.560406464506,0,,,0,,,0,,
2026-08-28 00:00:00,0xf53f66751b1eff985311b693531e3290f600c410,239,75.52166113022676,20366.90583724644,239,20366.90583724644,0,,,0,,,6,4.821014620560197,870.086026644765
2026-08-28 00:00:00,0xf543967eebb6f1917992ef0e68de63ab07a5a0da,1,0.022026578996293976,2.4818325012750004,6,24.722399990944574,0,,,0,,,2,0.04288949437357202,4.783472210306
2026-08-28 00:00:00,0xf6290b5e7c26502e2da514c31509849718ea76a5,0,,,5,0.38939409128,0,,,0,,,0,,
2026-08-28 00:00:00,0xf6589f11bc40b669e584073f428b05562f568733,0,,,5,62.232015487813534,0,,,0,,,1,11.494880590470048,72.92309999999999
2026-08-28 00:00:00,0xf7181b63fdb858558a74ba96bc42732684cd7965,1,0.00500739924975049,0.13883398541999997,4,0.555255172276,0,,,0,,,0,,
2026-08-28 00:00:00,0xf9b46d3d1b22199d4d1025a9cedb540a33f1a2d5,1,0.060177854688372584,8.857680871754,43,291.3601478397663,2,0.24664629218177236,37.7034168316304,1,0.9440473357898502,158.481652875,2,0.029700256535189415,4.5930584957609994
2026-08-28 00:00:00,0xfa78c12e6488814a0262e4e802749a4a737d5fb7,0,,,4,0.370516116564,0,,,0,,,0,,
2026-08-28 00:00:00,0xfaf9cb261b5fcc1f404bb10cd39c5c6c1974e612,0,,,4,0.344433533184,0,,,0,,,0,,
2026-08-28 00:00:00,0xfb2664f07b6aadd29ea7a59d8859b1aeb8645cda,0,,,4,0.65907040122,0,,,0,,,0,,
2026-08-28 00:00:00,0xfde6b5d9bb419b10c23268c74e369abff39c0460,9,38.41491581021089,431.78357186372097,65,3687.099690428313,0,,,40,191.5849451386842,1720.8771370644251,45,362.2813402792473,3449.834308543119
2026-08-28 00:00:00,0xff080c8ce2e5feadaca0da81314ae59d232d4afd,483,159.30356019496529,147964.74625626332,20416,3889392.7148296367,89,7.047531550717841,6567.998785878345,450,84.20532679077807,78419.57288187573,359,81.73063851769982,76057.13822886204
